step,type,amount,oldbalanceOrg,newbalanceOrig,oldbalanceDest,newbalanceDest,isFraud
1,TRANSFER,181.0,181.0,0.0,0.0,0.0,1
1,CASH_OUT,181.0,181.0,0.0,21182.0,0.0,1
1,TRANSFER,2806.0,2806.0,0.0,0.0,0.0,1
1,CASH_OUT,2806.0,2806.0,0.0,26202.0,0.0,1
1,TRANSFER,20128.0,20128.0,0.0,0.0,0.0,1
1,CASH_OUT,20128.0,20128.0,0.0,6268.0,12145.85,1
1,CASH_OUT,416001.33,0.0,0.0,102.0,9291619.62,1
1,TRANSFER,1277212.77,1277212.77,0.0,0.0,0.0,1
1,CASH_OUT,1277212.77,1277212.77,0.0,0.0,2444985.19,1
1,TRANSFER,35063.63,35063.63,0.0,0.0,0.0,1
1,CASH_OUT,35063.63,35063.63,0.0,31140.0,7550.03,1
1,TRANSFER,25071.46,25071.46,0.0,0.0,0.0,1
1,CASH_OUT,25071.46,25071.46,0.0,9083.76,34155.22,1
1,CASH_OUT,132842.64,4499.08,0.0,0.0,132842.64,1
1,TRANSFER,235238.66,235238.66,0.0,0.0,0.0,1
1,CASH_OUT,235238.66,235238.66,0.0,0.0,235238.66,1
2,TRANSFER,1096187.24,1096187.24,0.0,0.0,0.0,1
2,CASH_OUT,1096187.24,1096187.24,0.0,0.0,1096187.24,1
2,TRANSFER,963532.14,963532.14,0.0,0.0,0.0,1
2,CASH_OUT,963532.14,963532.14,0.0,132382.57,1095914.71,1
2,TRANSFER,14949.84,14949.84,0.0,0.0,0.0,1
2,CASH_OUT,14949.84,14949.84,0.0,18161.79,33111.63,1
2,TRANSFER,18627.02,18627.02,0.0,0.0,0.0,1
2,CASH_OUT,18627.02,18627.02,0.0,147251.58,165878.6,1
3,TRANSFER,10539.37,10539.37,0.0,0.0,0.0,1
3,CASH_OUT,10539.37,10539.37,0.0,0.0,10539.37,1
3,TRANSFER,22877.0,22877.0,0.0,0.0,0.0,1
3,CASH_OUT,22877.0,22877.0,0.0,0.0,22877.0,1
4,TRANSFER,10000000.0,12900000.0,2930418.44,0.0,0.0,1
4,CASH_OUT,10000000.0,10000000.0,0.0,0.0,9941904.21,1
4,TRANSFER,2930418.44,2930418.44,0.0,0.0,0.0,1
4,CASH_OUT,2930418.44,2930418.44,0.0,3616012.1,6963508.84,1
4,TRANSFER,169941.73,169941.73,0.0,0.0,0.0,1
4,CASH_OUT,169941.73,169941.73,0.0,0.0,169941.73,1
4,TRANSFER,13707.11,13707.11,0.0,0.0,0.0,1
4,CASH_OUT,13707.11,13707.11,0.0,0.0,13707.11,1
4,TRANSFER,86070.17,86070.17,0.0,0.0,0.0,1
4,CASH_OUT,86070.17,86070.17,0.0,0.0,86070.17,1
5,TRANSFER,120074.73,120074.73,0.0,0.0,0.0,1
5,CASH_OUT,120074.73,120074.73,0.0,0.0,120074.73,1
5,TRANSFER,60726.57,60726.57,0.0,0.0,0.0,1
5,CASH_OUT,60726.57,60726.57,0.0,13000000.0,13100000.0,1
5,TRANSFER,10119.47,10119.47,0.0,0.0,0.0,1
5,CASH_OUT,10119.47,10119.47,0.0,0.0,10119.47,1
6,TRANSFER,33332.86,33332.86,0.0,0.0,0.0,1
6,CASH_OUT,33332.86,33332.86,0.0,31002.0,0.0,1
6,TRANSFER,25975.86,25975.86,0.0,0.0,0.0,1
6,CASH_OUT,25975.86,25975.86,0.0,98152.0,28041.27,1
6,TRANSFER,26768.5,26768.5,0.0,0.0,0.0,1
6,CASH_OUT,26768.5,26768.5,0.0,101976.0,128744.5,1
6,TRANSFER,30521.02,30521.02,0.0,0.0,0.0,1
6,CASH_OUT,30521.02,30521.02,0.0,0.0,30521.02,1
6,TRANSFER,216422.0,216422.0,0.0,0.0,0.0,1
6,CASH_OUT,216422.0,216422.0,0.0,10097.0,48630.5,1
6,TRANSFER,17320.91,17320.91,0.0,0.0,0.0,1
6,CASH_OUT,17320.91,17320.91,0.0,6244.44,0.0,1
6,TRANSFER,17246.0,17246.0,0.0,0.0,101717.84,1
6,CASH_OUT,17246.0,17246.0,0.0,0.0,17246.0,1
6,TRANSFER,10565.0,10565.0,0.0,0.0,0.0,1
6,CASH_OUT,10565.0,10565.0,0.0,36275.0,24380.72,1
6,TRANSFER,10224.0,10224.0,0.0,0.0,0.0,1
6,CASH_OUT,10224.0,10224.0,0.0,0.0,10224.0,1
6,TRANSFER,85354.69,85354.69,0.0,0.0,0.0,1
6,CASH_OUT,85354.69,85354.69,0.0,11170.0,10612.55,1
6,TRANSFER,13704.0,13704.0,0.0,0.0,1658746.09,1
6,CASH_OUT,13704.0,13704.0,0.0,3382.84,143675.35,1
7,TRANSFER,262434.54,262434.54,0.0,0.0,0.0,1
7,CASH_OUT,262434.54,262434.54,0.0,19525.79,438233.86,1
7,TRANSFER,21729.0,21729.0,0.0,0.0,0.0,1
7,CASH_OUT,21729.0,21729.0,0.0,27335.0,0.0,1
7,TRANSFER,5460002.91,5460002.91,0.0,0.0,0.0,1
7,CASH_OUT,5460002.91,5460002.91,0.0,0.0,9281535.44,1
7,TRANSFER,164.0,164.0,0.0,0.0,0.0,1
7,CASH_OUT,164.0,164.0,0.0,4068.0,0.0,1
7,TRANSFER,21571.0,21571.0,0.0,0.0,0.0,1
7,CASH_OUT,21571.0,21571.0,0.0,30797.41,71140.3,1
7,TRANSFER,441445.58,441445.58,0.0,0.0,0.0,1
7,CASH_OUT,441445.58,441445.58,0.0,98993.5,0.0,1
8,CASH_OUT,181728.11,0.0,0.0,11397.0,184477.77,1
8,TRANSFER,222.0,222.0,0.0,0.0,267095.19,1
8,CASH_OUT,222.0,222.0,0.0,24708.0,171647.35,1
8,TRANSFER,1996.17,1996.17,0.0,0.0,0.0,1
8,CASH_OUT,1996.17,1996.17,0.0,2559.74,4555.92,1
8,TRANSFER,1078013.76,0.0,0.0,0.0,970749.68,1
8,TRANSFER,89631.24,89631.24,0.0,0.0,0.0,1
8,CASH_OUT,89631.24,89631.24,0.0,21175.0,0.0,1
8,TRANSFER,29707.86,29707.86,0.0,0.0,0.0,1
8,CASH_OUT,29707.86,29707.86,0.0,10935.0,0.0,1
8,TRANSFER,43092.0,43092.0,0.0,0.0,0.0,1
8,CASH_OUT,43092.0,43092.0,0.0,660641.74,1158662.9,1
9,TRANSFER,556218.01,556218.01,0.0,0.0,0.0,1
9,CASH_OUT,556218.01,556218.01,0.0,0.0,582265.81,1
9,TRANSFER,11308.0,11308.0,0.0,0.0,0.0,1
9,CASH_OUT,11308.0,11308.0,0.0,0.0,302550.56,1
9,TRANSFER,350705.74,350705.74,0.0,0.0,1184633.07,1
9,CASH_OUT,350705.74,350705.74,0.0,894760.68,1794033.65,1
9,TRANSFER,2539898.07,2539898.07,0.0,0.0,261290.69,1
9,CASH_OUT,2539898.07,2539898.07,0.0,968.0,1842864.22,1
9,TRANSFER,361559.69,361559.69,0.0,0.0,141302.12,1
9,CASH_OUT,361559.69,361559.69,0.0,504667.31,189441.24,1
9,TRANSFER,1154353.99,1154353.99,0.0,0.0,10872.9,1
9,CASH_OUT,1154353.99,1154353.99,0.0,162222.0,1965587.6,1
9,TRANSFER,21922.0,21922.0,0.0,0.0,0.0,1
9,CASH_OUT,21922.0,21922.0,0.0,1929861.61,2046918.8,1
9,TRANSFER,994453.2,1437370.87,442917.67,194812.76,665743.67,1
9,TRANSFER,1055.0,1055.0,0.0,0.0,0.0,1
9,CASH_OUT,1055.0,1055.0,0.0,75179.0,0.0,1
9,TRANSFER,244068.01,244068.01,0.0,0.0,0.0,1
9,CASH_OUT,244068.01,244068.01,0.0,0.0,338538.16,1
10,TRANSFER,59835.0,59835.0,0.0,0.0,0.0,1
10,CASH_OUT,59835.0,59835.0,0.0,255480.76,315315.76,1
10,CASH_OUT,277970.88,0.0,0.0,0.0,277970.88,1
10,TRANSFER,93810.76,93810.76,0.0,0.0,0.0,1
10,CASH_OUT,93810.76,93810.76,0.0,4096048.05,4189858.81,1
10,TRANSFER,503405.88,503405.88,0.0,0.0,0.0,1
10,CASH_OUT,503405.88,503405.88,0.0,29669.0,533074.88,1
10,TRANSFER,2662734.59,2662734.59,0.0,0.0,0.0,1
10,CASH_OUT,2662734.59,2662734.59,0.0,14165.62,2930405.33,1
10,TRANSFER,9217.19,9217.19,0.0,0.0,96795.6,1
10,CASH_OUT,9217.19,9217.19,0.0,0.0,9217.19,1
11,TRANSFER,2100.0,2100.0,0.0,0.0,0.0,1
11,CASH_OUT,2100.0,2100.0,0.0,112512.48,114612.48,1
11,TRANSFER,1933920.8,0.0,0.0,1283762.85,3217683.65,1
11,TRANSFER,313418.28,313418.28,0.0,0.0,97980.88,1
11,CASH_OUT,313418.28,313418.28,0.0,688164.64,1029922.17,1
11,TRANSFER,12461.0,12461.0,0.0,0.0,0.0,1
11,CASH_OUT,12461.0,12461.0,0.0,27964.11,40425.11,1
12,TRANSFER,19472.0,19472.0,0.0,0.0,0.0,1
12,CASH_OUT,19472.0,19472.0,0.0,0.0,19472.0,1
12,TRANSFER,3964129.99,3964129.99,0.0,0.0,0.0,1
12,CASH_OUT,3964129.99,3964129.99,0.0,1912955.54,5811064.07,1
12,TRANSFER,1041647.06,1041647.06,0.0,0.0,0.0,1
12,CASH_OUT,1041647.06,1041647.06,0.0,52730.33,1094377.39,1
12,TRANSFER,2066467.64,2066467.64,0.0,0.0,81209.81,1
12,CASH_OUT,2066467.64,2066467.64,0.0,194510.24,3098566.67,1
12,CASH_OUT,149668.66,0.0,0.0,44170.11,193838.76,1
12,TRANSFER,2007.0,2007.0,0.0,0.0,0.0,1
12,CASH_OUT,2007.0,2007.0,0.0,129917.8,250910.76,1
12,CASH_OUT,222048.71,0.0,0.0,2979.0,225027.71,1
12,TRANSFER,8677.0,8677.0,0.0,0.0,0.0,1
12,CASH_OUT,8677.0,8677.0,0.0,225127.62,233804.62,1
13,TRANSFER,408.0,408.0,0.0,0.0,226013.18,1
13,CASH_OUT,408.0,408.0,0.0,898297.85,1075854.14,1
13,TRANSFER,48375.02,48375.02,0.0,0.0,0.0,1
13,CASH_OUT,48375.02,48375.02,0.0,374803.26,658520.33,1
13,TRANSFER,4022667.54,4022667.54,0.0,0.0,0.0,1
13,CASH_OUT,4022667.54,4022667.54,0.0,80136.56,4057191.21,1
13,CASH_OUT,454859.39,0.0,0.0,0.0,454859.39,1
13,TRANSFER,1161495.82,1161495.82,0.0,0.0,0.0,1
13,CASH_OUT,1161495.82,1161495.82,0.0,319036.02,1565123.81,1
13,TRANSFER,2686564.04,2686564.04,0.0,0.0,0.0,1
13,CASH_OUT,2686564.04,2686564.04,0.0,438199.37,3124763.41,1
13,TRANSFER,6188514.81,6188514.81,0.0,0.0,0.0,1
13,CASH_OUT,6188514.81,6188514.81,0.0,381607.21,6424681.56,1
13,TRANSFER,123194.95,79466.45,0.0,535933.16,263908.84,1
14,TRANSFER,2093951.47,2093951.47,0.0,0.0,0.0,1
14,CASH_OUT,2093951.47,2093951.47,0.0,0.0,2093951.47,1
14,TRANSFER,143032.0,143032.0,0.0,0.0,0.0,1
14,CASH_OUT,143032.0,143032.0,0.0,814654.61,1020323.73,1
14,TRANSFER,2927005.15,2927005.15,0.0,0.0,0.0,1
14,CASH_OUT,2927005.15,2927005.15,0.0,0.0,2994420.07,1
14,TRANSFER,1832319.42,1832319.42,0.0,0.0,0.0,1
14,CASH_OUT,1832319.42,1832319.42,0.0,43962.42,2440139.69,1
14,TRANSFER,1561891.66,1561891.66,0.0,0.0,0.0,1
14,CASH_OUT,1561891.66,1561891.66,0.0,3471928.95,6443177.56,1
14,TRANSFER,65488.05,65488.05,0.0,0.0,0.0,1
14,CASH_OUT,65488.05,65488.05,0.0,0.0,65488.05,1
15,TRANSFER,696763.08,696763.08,0.0,0.0,69861.26,1
15,CASH_OUT,696763.08,696763.08,0.0,366114.58,1347073.81,1
15,TRANSFER,119.0,119.0,0.0,0.0,0.0,1
15,CASH_OUT,119.0,119.0,0.0,4844060.13,4844179.13,1
15,TRANSFER,128473.62,128473.62,0.0,0.0,0.0,1
15,CASH_OUT,128473.62,128473.62,0.0,0.0,128473.62,1
15,TRANSFER,248056.41,248056.41,0.0,0.0,0.0,1
15,CASH_OUT,248056.41,248056.41,0.0,0.0,201427.47,1
15,TRANSFER,164500.81,164500.81,0.0,0.0,0.0,1
15,CASH_OUT,164500.81,164500.81,0.0,685636.21,850137.02,1
15,TRANSFER,212089.74,212089.74,0.0,0.0,0.0,1
15,CASH_OUT,212089.74,212089.74,0.0,257758.48,469848.23,1
15,CASH_OUT,95428.32,0.0,0.0,0.0,95428.32,1
15,CASH_OUT,39713.28,0.0,0.0,1274866.51,1314579.79,1
15,TRANSFER,170.0,170.0,0.0,0.0,0.0,1
15,CASH_OUT,170.0,170.0,0.0,413421.36,345764.15,1
15,TRANSFER,747282.4,747282.4,0.0,0.0,0.0,1
15,CASH_OUT,747282.4,747282.4,0.0,5340917.82,6088200.22,1
15,TRANSFER,59385.67,59385.67,0.0,0.0,0.0,1
15,CASH_OUT,59385.67,59385.67,0.0,74371.0,133756.67,1
16,TRANSFER,2198224.71,2198224.71,0.0,0.0,0.0,1
16,CASH_OUT,2198224.71,2198224.71,0.0,0.0,2198224.71,1
16,TRANSFER,828720.89,828720.89,0.0,0.0,0.0,1
16,CASH_OUT,828720.89,828720.89,0.0,9142622.59,10200000.0,1
16,TRANSFER,2701905.3,2701905.3,0.0,0.0,0.0,1
16,CASH_OUT,2701905.3,2701905.3,0.0,57418.0,2759323.3,1
16,TRANSFER,31074.0,31074.0,0.0,0.0,0.0,1
16,CASH_OUT,31074.0,31074.0,0.0,0.0,31074.0,1
16,TRANSFER,121626.82,121626.82,0.0,0.0,0.0,1
16,CASH_OUT,121626.82,121626.82,0.0,653744.34,775371.16,1
17,TRANSFER,1639676.27,1639676.27,0.0,0.0,0.0,1
17,CASH_OUT,1639676.27,1639676.27,0.0,448954.92,2198318.48,1
17,TRANSFER,305627.0,305627.0,0.0,0.0,0.0,1
17,CASH_OUT,305627.0,305627.0,0.0,7699847.16,8005474.16,1
17,TRANSFER,195351.76,195351.76,0.0,0.0,0.0,1
17,CASH_OUT,195351.76,195351.76,0.0,156408.25,265841.0,1
17,CASH_OUT,42062.82,340830.43,298767.61,398931.35,678419.64,1
18,TRANSFER,295664.18,295664.18,0.0,0.0,0.0,1
18,CASH_OUT,295664.18,295664.18,0.0,10200000.0,10500000.0,1
18,TRANSFER,307739.18,307739.18,0.0,0.0,0.0,1
18,CASH_OUT,307739.18,307739.18,0.0,25326.0,838246.41,1
18,CASH_OUT,314251.58,75956.47,0.0,7962205.25,8276456.84,1
18,TRANSFER,1102133.9,1102133.9,0.0,0.0,746575.95,1
18,CASH_OUT,1102133.9,1102133.9,0.0,306228.56,1408362.45,1
18,TRANSFER,1144089.37,1144089.37,0.0,0.0,0.0,1
18,CASH_OUT,1144089.37,1144089.37,0.0,2502877.26,3879210.29,1
18,TRANSFER,1974352.3,1974352.3,0.0,0.0,0.0,1
18,CASH_OUT,1974352.3,1974352.3,0.0,15531.71,1989884.01,1
18,TRANSFER,11481.0,11481.0,0.0,0.0,263492.28,1
18,CASH_OUT,11481.0,11481.0,0.0,761417.61,1765080.5,1
18,CASH_OUT,508782.2,0.0,0.0,1082007.65,1590789.85,1
18,TRANSFER,9131.0,9131.0,0.0,0.0,0.0,1
18,CASH_OUT,9131.0,9131.0,0.0,133084.02,142215.02,1
19,TRANSFER,143660.11,143660.11,0.0,0.0,0.0,1
19,CASH_OUT,143660.11,143660.11,0.0,0.0,143660.11,1
19,TRANSFER,3477438.49,3477438.49,0.0,0.0,0.0,1
19,CASH_OUT,3477438.49,3477438.49,0.0,0.0,3477438.49,1
19,CASH_OUT,122101.57,0.0,0.0,0.0,639940.2,1
19,TRANSFER,161939.36,161939.36,0.0,0.0,0.0,1
19,CASH_OUT,161939.36,161939.36,0.0,628935.02,851972.34,1
19,TRANSFER,10000000.0,11900000.0,1861008.32,0.0,0.0,1
19,CASH_OUT,10000000.0,10000000.0,0.0,504326.62,10300000.0,1
19,TRANSFER,1861008.32,1861008.32,0.0,0.0,0.0,1
19,CASH_OUT,1861008.32,1861008.32,0.0,0.0,1789942.62,1
20,TRANSFER,16614.82,16614.82,0.0,0.0,0.0,1
20,CASH_OUT,16614.82,16614.82,0.0,904409.29,921024.11,1
20,TRANSFER,448025.06,448025.06,0.0,0.0,0.0,1
20,CASH_OUT,448025.06,448025.06,0.0,71679.93,519704.99,1
21,TRANSFER,785323.0,785323.0,0.0,0.0,0.0,1
21,CASH_OUT,785323.0,785323.0,0.0,803839.25,1720783.92,1
21,TRANSFER,158299.34,158299.34,0.0,0.0,0.0,1
21,CASH_OUT,158299.34,158299.34,0.0,36152.54,271369.74,1
21,CASH_OUT,23292.3,0.0,0.0,392364.62,415656.92,1
22,TRANSFER,346704.55,346704.55,0.0,0.0,0.0,1
22,CASH_OUT,346704.55,346704.55,0.0,513994.79,860699.34,1
22,TRANSFER,461509.86,461509.86,0.0,0.0,0.0,1
22,CASH_OUT,461509.86,461509.86,0.0,302583.81,764093.67,1
22,TRANSFER,37100.29,37100.29,0.0,0.0,0.0,1
22,CASH_OUT,37100.29,37100.29,0.0,433212.41,470312.7,1
22,TRANSFER,235512.2,235512.2,0.0,0.0,0.0,1
22,CASH_OUT,235512.2,235512.2,0.0,8490637.21,9272647.09,1
22,TRANSFER,2068118.36,2068118.36,0.0,0.0,0.0,1
22,CASH_OUT,2068118.36,2068118.36,0.0,3054285.45,5122403.81,1
22,TRANSFER,74804.24,74804.24,0.0,0.0,0.0,1
22,CASH_OUT,74804.24,74804.24,0.0,0.0,74804.24,1
22,TRANSFER,489767.32,489767.32,0.0,0.0,0.0,1
22,CASH_OUT,489767.32,489767.32,0.0,0.0,489767.32,1
22,TRANSFER,379878.0,379878.0,0.0,0.0,0.0,1
22,CASH_OUT,379878.0,379878.0,0.0,1301414.19,1681292.19,1
22,CASH_OUT,89571.46,4505.6,0.0,1929428.01,2018999.47,1
22,TRANSFER,1258956.71,1258956.71,0.0,0.0,0.0,1
22,CASH_OUT,1258956.71,1258956.71,0.0,4736010.72,5994967.43,1
22,TRANSFER,77773.14,77773.14,0.0,0.0,0.0,1
22,CASH_OUT,77773.14,77773.14,0.0,1853403.61,1931176.75,1
22,TRANSFER,239646.72,239646.72,0.0,0.0,0.0,1
22,CASH_OUT,239646.72,239646.72,0.0,2208970.26,2448616.98,1
23,TRANSFER,146127.1,146127.1,0.0,0.0,0.0,1
23,CASH_OUT,146127.1,146127.1,0.0,177874.39,324001.49,1
24,TRANSFER,291305.98,291305.98,0.0,0.0,0.0,1
24,CASH_OUT,291305.98,291305.98,0.0,954554.82,1247963.68,1
24,TRANSFER,986876.27,986876.27,0.0,0.0,0.0,1
24,CASH_OUT,986876.27,986876.27,0.0,57853.96,1044730.24,1
24,TRANSFER,6844.73,6844.73,0.0,0.0,0.0,1
24,CASH_OUT,6844.73,6844.73,0.0,264100.7,270945.42,1
25,TRANSFER,8383.17,8383.17,0.0,0.0,0.0,1
25,CASH_OUT,8383.17,8383.17,0.0,6577262.64,6585645.81,1
25,TRANSFER,781953.11,781953.11,0.0,0.0,0.0,1
25,CASH_OUT,781953.11,781953.11,0.0,0.0,781953.11,1
25,TRANSFER,217231.0,217231.0,0.0,0.0,0.0,1
25,CASH_OUT,217231.0,217231.0,0.0,7236671.1,7453902.1,1
25,TRANSFER,44829.81,44829.81,0.0,0.0,0.0,1
25,CASH_OUT,44829.81,44829.81,0.0,301552.31,346382.12,1
25,TRANSFER,296333.54,296333.54,0.0,0.0,0.0,1
25,CASH_OUT,296333.54,296333.54,0.0,3355664.68,3651998.22,1
25,TRANSFER,18126.95,18126.95,0.0,0.0,0.0,1
25,CASH_OUT,18126.95,18126.95,0.0,0.0,18126.95,1
25,TRANSFER,249159.26,249159.26,0.0,0.0,0.0,1
25,CASH_OUT,249159.26,249159.26,0.0,285997.41,535156.67,1
25,TRANSFER,1698263.69,1698263.69,0.0,0.0,0.0,1
25,CASH_OUT,1698263.69,1698263.69,0.0,0.0,1698263.69,1
25,TRANSFER,802382.45,802382.45,0.0,0.0,0.0,1
25,CASH_OUT,802382.45,802382.45,0.0,0.0,802382.45,1
26,TRANSFER,37065.55,37065.55,0.0,0.0,0.0,1
26,CASH_OUT,37065.55,37065.55,0.0,1396327.66,1433393.21,1
26,TRANSFER,369186.87,369186.87,0.0,0.0,0.0,1
26,CASH_OUT,369186.87,369186.87,0.0,36224.11,405410.97,1
26,TRANSFER,78741.64,78741.64,0.0,0.0,0.0,1
26,CASH_OUT,78741.64,78741.64,0.0,48628.52,127370.16,1
26,TRANSFER,1646181.09,1646181.09,0.0,0.0,0.0,1
26,CASH_OUT,1646181.09,1646181.09,0.0,220025.2,1866206.29,1
26,TRANSFER,331829.94,331829.94,0.0,0.0,0.0,1
26,CASH_OUT,331829.94,331829.94,0.0,792855.99,1124685.94,1
26,TRANSFER,1027152.36,1027152.36,0.0,0.0,0.0,1
26,CASH_OUT,1027152.36,1027152.36,0.0,519428.56,1546580.92,1
27,TRANSFER,494244.61,494244.61,0.0,0.0,0.0,1
27,CASH_OUT,494244.61,494244.61,0.0,653451.43,1147696.03,1
27,TRANSFER,329937.88,329937.88,0.0,0.0,0.0,1
27,CASH_OUT,329937.88,329937.88,0.0,349407.23,679345.1,1
27,TRANSFER,496128.26,496128.26,0.0,0.0,0.0,1
27,CASH_OUT,496128.26,496128.26,0.0,465770.07,961898.33,1
27,TRANSFER,1218165.88,1218165.88,0.0,0.0,0.0,1
27,CASH_OUT,1218165.88,1218165.88,0.0,742564.27,1960730.15,1
28,TRANSFER,3832058.34,3832058.34,0.0,0.0,0.0,1
28,CASH_OUT,3832058.34,3832058.34,0.0,531662.14,4363720.48,1
28,TRANSFER,491517.77,491517.77,0.0,0.0,0.0,1
28,CASH_OUT,491517.77,491517.77,0.0,518777.34,1010295.11,1
29,TRANSFER,340198.41,340198.41,0.0,0.0,0.0,1
29,CASH_OUT,340198.41,340198.41,0.0,1614043.79,1954242.21,1
29,TRANSFER,268641.82,268641.82,0.0,0.0,0.0,1
29,CASH_OUT,268641.82,268641.82,0.0,197163.95,465805.77,1
30,TRANSFER,122235.11,122235.11,0.0,0.0,0.0,1
30,CASH_OUT,122235.11,122235.11,0.0,0.0,122235.11,1
30,TRANSFER,236947.25,236947.25,0.0,0.0,0.0,1
30,CASH_OUT,236947.25,236947.25,0.0,70084.28,307031.53,1
30,TRANSFER,19016.22,19016.22,0.0,0.0,0.0,1
30,CASH_OUT,19016.22,19016.22,0.0,9347999.52,9367015.74,1
30,TRANSFER,109401.88,109401.88,0.0,0.0,0.0,1
30,CASH_OUT,109401.88,109401.88,0.0,245588.62,354990.5,1
31,TRANSFER,335219.49,335219.49,0.0,0.0,0.0,1
31,CASH_OUT,335219.49,335219.49,0.0,111675.56,446895.05,1
31,TRANSFER,120406.39,120406.39,0.0,0.0,0.0,1
31,CASH_OUT,120406.39,120406.39,0.0,0.0,120406.39,1
31,TRANSFER,21516.38,21516.38,0.0,0.0,0.0,1
31,CASH_OUT,21516.38,21516.38,0.0,900122.84,921639.22,1
31,TRANSFER,378204.02,378204.02,0.0,0.0,0.0,1
31,CASH_OUT,378204.02,378204.02,0.0,0.0,378204.02,1
31,TRANSFER,5021186.54,5021186.54,0.0,0.0,0.0,1
31,CASH_OUT,5021186.54,5021186.54,0.0,880859.14,5902045.68,1
31,TRANSFER,587031.2,587031.2,0.0,0.0,0.0,1
31,CASH_OUT,587031.2,587031.2,0.0,338247.75,925278.94,1
32,TRANSFER,81867.07,81867.07,0.0,0.0,0.0,1
32,CASH_OUT,81867.07,81867.07,0.0,135117.98,216985.05,1
32,TRANSFER,2023920.09,2023920.09,0.0,0.0,0.0,1
32,CASH_OUT,2023920.09,2023920.09,0.0,1530400.88,3554320.97,1
32,TRANSFER,404165.06,404165.06,0.0,0.0,0.0,1
32,CASH_OUT,404165.06,404165.06,0.0,0.0,404165.06,1
32,TRANSFER,1164448.96,1164448.96,0.0,0.0,0.0,1
32,CASH_OUT,1164448.96,1164448.96,0.0,1080246.34,2244695.29,1
32,TRANSFER,401575.19,401575.19,0.0,0.0,0.0,1
32,CASH_OUT,401575.19,401575.19,0.0,0.0,401575.19,1
32,TRANSFER,604933.67,604933.67,0.0,0.0,0.0,1
32,CASH_OUT,604933.67,604933.67,0.0,35839.7,640773.38,1
33,TRANSFER,3295227.84,3295227.84,0.0,0.0,0.0,1
33,CASH_OUT,3295227.84,3295227.84,0.0,0.0,4002861.53,1
33,TRANSFER,214975.9,214975.9,0.0,0.0,0.0,1
33,CASH_OUT,214975.9,214975.9,0.0,152331.28,374513.69,1
33,TRANSFER,10000000.0,19900000.0,9887819.06,0.0,0.0,1
33,CASH_OUT,10000000.0,10000000.0,0.0,0.0,10000000.0,1
33,TRANSFER,9887819.06,9887819.06,0.0,0.0,0.0,1
33,CASH_OUT,9887819.06,9887819.06,0.0,801913.95,10200000.0,1
33,TRANSFER,1448630.38,1448630.38,0.0,0.0,0.0,1
33,CASH_OUT,1448630.38,1448630.38,0.0,1294571.45,2743201.82,1
33,TRANSFER,6648389.9,6648389.9,0.0,0.0,0.0,1
33,CASH_OUT,6648389.9,6648389.9,0.0,2609209.55,9257599.45,1
34,TRANSFER,51424.22,51424.22,0.0,0.0,0.0,1
34,CASH_OUT,51424.22,51424.22,0.0,87252.78,138677.0,1
34,TRANSFER,428239.03,428239.03,0.0,0.0,0.0,1
34,CASH_OUT,428239.03,428239.03,0.0,293130.02,1456009.92,1
34,TRANSFER,52557.21,52557.21,0.0,0.0,0.0,1
34,CASH_OUT,52557.21,52557.21,0.0,0.0,52557.21,1
34,TRANSFER,1462355.44,1462355.44,0.0,0.0,0.0,1
34,CASH_OUT,1462355.44,1462355.44,0.0,1544724.84,3007080.29,1
34,TRANSFER,27951.26,27951.26,0.0,0.0,0.0,1
34,CASH_OUT,27951.26,27951.26,0.0,10439.0,698752.71,1
34,TRANSFER,989311.12,989311.12,0.0,0.0,0.0,1
34,CASH_OUT,989311.12,989311.12,0.0,1009370.24,1998681.36,1
34,TRANSFER,865948.49,865948.49,0.0,0.0,0.0,1
34,CASH_OUT,865948.49,865948.49,0.0,0.0,865948.49,1
34,TRANSFER,30917.39,30917.39,0.0,0.0,0.0,1
34,CASH_OUT,30917.39,30917.39,0.0,339926.42,370843.82,1
34,TRANSFER,40458.0,40458.0,0.0,0.0,0.0,1
34,CASH_OUT,40458.0,40458.0,0.0,561393.36,331179.02,1
34,TRANSFER,1016540.35,1016540.35,0.0,0.0,0.0,1
34,CASH_OUT,1016540.35,1016540.35,0.0,4463851.64,5700161.74,1
34,TRANSFER,71693.42,71693.42,0.0,0.0,0.0,1
34,CASH_OUT,71693.42,71693.42,0.0,0.0,71693.42,1
35,TRANSFER,472692.51,472692.51,0.0,0.0,0.0,1
35,CASH_OUT,472692.51,472692.51,0.0,193065.83,665758.34,1
35,TRANSFER,122032.62,122032.62,0.0,0.0,0.0,1
35,CASH_OUT,122032.62,122032.62,0.0,0.0,122032.62,1
35,TRANSFER,3606943.31,3606943.31,0.0,0.0,0.0,1
35,CASH_OUT,3606943.31,3606943.31,0.0,0.0,3606943.31,1
35,CASH_OUT,112280.88,0.0,0.0,40512.49,152793.36,1
35,TRANSFER,171788.82,171788.82,0.0,0.0,0.0,1
35,CASH_OUT,171788.82,171788.82,0.0,19962.0,0.0,1
35,TRANSFER,9465988.82,9465988.82,0.0,0.0,0.0,1
35,CASH_OUT,9465988.82,9465988.82,0.0,0.0,9465988.82,1
35,TRANSFER,454511.73,454511.73,0.0,0.0,0.0,1
35,CASH_OUT,454511.73,454511.73,0.0,140892.24,595403.98,1
35,TRANSFER,136983.26,136983.26,0.0,0.0,0.0,1
35,CASH_OUT,136983.26,136983.26,0.0,0.0,136983.26,1
36,TRANSFER,326884.31,326884.31,0.0,0.0,0.0,1
36,CASH_OUT,326884.31,326884.31,0.0,337428.2,664312.51,1
36,TRANSFER,2352524.18,2352524.18,0.0,0.0,0.0,1
36,CASH_OUT,2352524.18,2352524.18,0.0,1227902.12,3580426.31,1
36,TRANSFER,113338.99,113338.99,0.0,0.0,0.0,1
36,CASH_OUT,113338.99,113338.99,0.0,3290608.15,3403947.14,1
36,TRANSFER,886592.76,886592.76,0.0,0.0,0.0,1
36,CASH_OUT,886592.76,886592.76,0.0,112531.06,999123.82,1
36,TRANSFER,819503.92,819503.92,0.0,0.0,0.0,1
36,CASH_OUT,819503.92,819503.92,0.0,255585.23,1470226.48,1
36,TRANSFER,636.0,636.0,0.0,0.0,0.0,1
36,CASH_OUT,636.0,636.0,0.0,0.0,636.0,1
36,TRANSFER,32382.96,32382.96,0.0,0.0,0.0,1
36,CASH_OUT,32382.96,32382.96,0.0,0.0,32382.96,1
36,TRANSFER,103056.0,103056.0,0.0,0.0,0.0,1
36,CASH_OUT,103056.0,103056.0,0.0,444182.13,547238.13,1
36,CASH_OUT,234377.29,0.0,0.0,34937.86,269315.15,1
36,TRANSFER,1684039.12,1684039.12,0.0,0.0,0.0,1
36,CASH_OUT,1684039.12,1684039.12,0.0,33000000.0,34600000.0,1
37,TRANSFER,1842.0,1842.0,0.0,0.0,0.0,1
37,CASH_OUT,1842.0,1842.0,0.0,0.0,1842.0,1
37,TRANSFER,180967.56,180967.56,0.0,0.0,0.0,1
37,CASH_OUT,180967.56,180967.56,0.0,95280.53,276248.1,1
37,TRANSFER,93083.27,93083.27,0.0,0.0,0.0,1
37,CASH_OUT,93083.27,93083.27,0.0,2466124.85,2559208.13,1
37,TRANSFER,5979556.06,5979556.06,0.0,0.0,0.0,1
37,CASH_OUT,5979556.06,5979556.06,0.0,0.0,5979556.06,1
37,TRANSFER,128133.0,128133.0,0.0,0.0,0.0,1
37,CASH_OUT,128133.0,128133.0,0.0,160395.62,288528.62,1
37,TRANSFER,503793.25,503793.25,0.0,0.0,95709.62,1
37,CASH_OUT,503793.25,503793.25,0.0,10100000.0,10600000.0,1
37,CASH_OUT,112486.46,0.0,0.0,257274.47,369760.93,1
38,TRANSFER,448004.86,448004.86,0.0,0.0,0.0,1
38,CASH_OUT,448004.86,448004.86,0.0,147828.66,595833.52,1
38,TRANSFER,90204.54,90204.54,0.0,0.0,0.0,1
38,CASH_OUT,90204.54,90204.54,0.0,0.0,90204.54,1
38,CASH_OUT,577418.98,0.0,0.0,0.0,577418.98,1
38,TRANSFER,21367.0,21367.0,0.0,0.0,0.0,1
38,CASH_OUT,21367.0,21367.0,0.0,898934.02,920301.02,1
38,TRANSFER,2395.29,2395.29,0.0,0.0,0.0,1
38,CASH_OUT,2395.29,2395.29,0.0,276538.59,470937.03,1
38,TRANSFER,7567170.36,7567170.36,0.0,0.0,0.0,1
38,CASH_OUT,7567170.36,7567170.36,0.0,345425.4,7912595.75,1
38,TRANSFER,3372.0,3372.0,0.0,0.0,0.0,1
38,CASH_OUT,3372.0,3372.0,0.0,456659.44,460031.44,1
38,CASH_OUT,407005.78,0.0,0.0,0.0,407005.78,1
38,TRANSFER,360688.3,360688.3,0.0,0.0,0.0,1
38,CASH_OUT,360688.3,360688.3,0.0,0.0,360688.3,1
39,TRANSFER,2070814.27,2070814.27,0.0,0.0,0.0,1
39,CASH_OUT,2070814.27,2070814.27,0.0,0.0,2070814.27,1
39,TRANSFER,238717.5,238717.5,0.0,0.0,0.0,1
39,CASH_OUT,238717.5,238717.5,0.0,601511.4,671690.05,1
39,TRANSFER,18887.0,18887.0,0.0,0.0,0.0,1
39,CASH_OUT,18887.0,18887.0,0.0,131489.74,150376.74,1
39,TRANSFER,7937954.2,7937954.2,0.0,0.0,0.0,1
39,CASH_OUT,7937954.2,7937954.2,0.0,2716480.56,10700000.0,1
39,TRANSFER,39013.3,39013.3,0.0,0.0,0.0,1
39,CASH_OUT,39013.3,39013.3,0.0,924162.55,1089489.11,1
39,TRANSFER,152042.16,152042.16,0.0,0.0,0.0,1
39,CASH_OUT,152042.16,152042.16,0.0,710428.02,862470.18,1
40,TRANSFER,26950.06,26950.06,0.0,0.0,0.0,1
40,CASH_OUT,26950.06,26950.06,0.0,255430.21,282380.27,1
40,TRANSFER,20314.97,20314.97,0.0,0.0,0.0,1
40,CASH_OUT,20314.97,20314.97,0.0,1270005.54,1290320.51,1
40,TRANSFER,6188772.44,6188772.44,0.0,0.0,0.0,1
40,CASH_OUT,6188772.44,6188772.44,0.0,6056796.74,12400000.0,1
40,TRANSFER,2757431.53,2757431.53,0.0,0.0,0.0,1
40,CASH_OUT,2757431.53,2757431.53,0.0,0.0,2757431.53,1
40,TRANSFER,7887.75,7887.75,0.0,0.0,0.0,1
40,CASH_OUT,7887.75,7887.75,0.0,0.0,7887.75,1
40,TRANSFER,31930.24,31930.24,0.0,0.0,0.0,1
40,CASH_OUT,31930.24,31930.24,0.0,113287.58,145217.82,1
40,TRANSFER,212613.29,212613.29,0.0,0.0,0.0,1
40,CASH_OUT,212613.29,212613.29,0.0,1370788.41,1583401.69,1
41,TRANSFER,581889.94,581889.94,0.0,0.0,0.0,1
41,CASH_OUT,581889.94,581889.94,0.0,359585.03,941474.97,1
41,TRANSFER,1783144.33,1783144.33,0.0,0.0,0.0,1
41,CASH_OUT,1783144.33,1783144.33,0.0,1793786.8,3576931.13,1
41,TRANSFER,82806.2,82806.2,0.0,0.0,0.0,1
41,CASH_OUT,82806.2,82806.2,0.0,0.0,0.0,1
41,TRANSFER,32690.68,32690.68,0.0,0.0,0.0,1
41,CASH_OUT,32690.68,32690.68,0.0,2361188.1,2393878.78,1
41,TRANSFER,1270564.34,1270564.34,0.0,0.0,0.0,1
41,CASH_OUT,1270564.34,1270564.34,0.0,0.0,1270564.34,1
41,TRANSFER,2885466.96,2885466.96,0.0,0.0,0.0,1
41,CASH_OUT,2885466.96,2885466.96,0.0,28131.01,3268477.05,1
42,TRANSFER,334276.08,334276.08,0.0,0.0,0.0,1
42,CASH_OUT,334276.08,334276.08,0.0,318089.61,652365.68,1
42,TRANSFER,3569720.42,3569720.42,0.0,0.0,0.0,1
42,CASH_OUT,3569720.42,3569720.42,0.0,0.0,3569720.42,1
42,TRANSFER,1566057.28,1566057.28,0.0,0.0,0.0,1
42,CASH_OUT,1566057.28,1566057.28,0.0,0.0,1566057.28,1
42,TRANSFER,5032484.73,5032484.73,0.0,0.0,0.0,1
42,CASH_OUT,5032484.73,5032484.73,0.0,873589.17,5906073.9,1
42,TRANSFER,36359.57,36359.57,0.0,0.0,0.0,1
42,CASH_OUT,36359.57,36359.57,0.0,20206.65,56566.22,1
42,TRANSFER,506867.52,506867.52,0.0,0.0,0.0,1
42,CASH_OUT,506867.52,506867.52,0.0,0.0,458682.99,1
42,TRANSFER,1917497.63,1917497.63,0.0,0.0,0.0,1
42,CASH_OUT,1917497.63,1917497.63,0.0,173507.14,2091004.76,1
43,TRANSFER,29988.0,29988.0,0.0,0.0,0.0,1
43,CASH_OUT,29988.0,29988.0,0.0,0.0,29988.0,1
43,TRANSFER,350789.59,350789.59,0.0,0.0,276871.71,1
43,CASH_OUT,350789.59,350789.59,0.0,8785008.75,9135798.34,1
43,TRANSFER,1395850.55,0.0,0.0,260806.21,1656656.77,1
43,TRANSFER,93459.89,93459.89,0.0,0.0,0.0,1
43,CASH_OUT,93459.89,93459.89,0.0,15825.7,109285.59,1
43,TRANSFER,435166.65,435166.65,0.0,0.0,0.0,1
43,CASH_OUT,435166.65,435166.65,0.0,449215.85,884382.5,1
43,TRANSFER,21987.0,21987.0,0.0,0.0,0.0,1
43,CASH_OUT,21987.0,21987.0,0.0,123690.93,145677.94,1
43,TRANSFER,362152.77,362152.77,0.0,0.0,0.0,1
43,CASH_OUT,362152.77,362152.77,0.0,282809.47,644962.23,1
44,TRANSFER,1649818.97,1649818.97,0.0,0.0,0.0,1
44,CASH_OUT,1649818.97,1649818.97,0.0,560704.68,2210523.64,1
44,TRANSFER,387952.42,387952.42,0.0,0.0,0.0,1
44,CASH_OUT,387952.42,387952.42,0.0,2070655.98,2222177.16,1
44,TRANSFER,44571.94,44571.94,0.0,0.0,0.0,1
44,CASH_OUT,44571.94,44571.94,0.0,11984.0,0.0,1
44,TRANSFER,534255.94,534255.94,0.0,0.0,0.0,1
44,CASH_OUT,534255.94,534255.94,0.0,24559.0,558814.94,1
45,TRANSFER,213983.59,213983.59,0.0,0.0,0.0,1
45,CASH_OUT,213983.59,213983.59,0.0,0.0,213983.59,1
45,TRANSFER,217255.97,217255.97,0.0,0.0,0.0,1
45,CASH_OUT,217255.97,217255.97,0.0,2115234.86,2332490.82,1
45,TRANSFER,1069508.42,1069508.42,0.0,0.0,0.0,1
45,CASH_OUT,1069508.42,1069508.42,0.0,172254.0,1439496.96,1
45,TRANSFER,5188875.35,5188875.35,0.0,0.0,0.0,1
45,CASH_OUT,5188875.35,5188875.35,0.0,11465.0,5020573.28,1
45,TRANSFER,4919642.57,4919642.57,0.0,0.0,0.0,1
45,CASH_OUT,4919642.57,4919642.57,0.0,1414095.92,6333738.49,1
45,TRANSFER,357836.57,357836.57,0.0,0.0,0.0,1
45,CASH_OUT,357836.57,357836.57,0.0,51217.85,409054.43,1
45,TRANSFER,155761.29,155761.29,0.0,0.0,0.0,1
45,CASH_OUT,155761.29,155761.29,0.0,192775.45,348536.74,1
45,TRANSFER,7335355.57,7335355.57,0.0,0.0,0.0,1
45,CASH_OUT,7335355.57,7335355.57,0.0,702100.11,8037455.68,1
46,TRANSFER,9977761.05,9977761.05,0.0,0.0,0.0,1
46,CASH_OUT,9977761.05,9977761.05,0.0,0.0,9977761.05,1
46,TRANSFER,35016.23,35016.23,0.0,0.0,0.0,1
46,CASH_OUT,35016.23,35016.23,0.0,65435.34,100451.57,1
46,TRANSFER,71372.0,71372.0,0.0,0.0,0.0,1
46,CASH_OUT,71372.0,71372.0,0.0,613464.04,684836.04,1
46,TRANSFER,945131.85,945131.85,0.0,0.0,0.0,1
46,CASH_OUT,945131.85,945131.85,0.0,119561.47,1064693.32,1
46,TRANSFER,736370.54,736370.54,0.0,0.0,0.0,1
46,CASH_OUT,736370.54,736370.54,0.0,556478.62,1292849.15,1
46,TRANSFER,82971.91,82971.91,0.0,0.0,0.0,1
46,CASH_OUT,82971.91,82971.91,0.0,39316.96,122288.87,1
46,TRANSFER,585010.21,585010.21,0.0,0.0,0.0,1
46,CASH_OUT,585010.21,585010.21,0.0,15969.08,600979.29,1
47,TRANSFER,225850.53,225850.53,0.0,0.0,0.0,1
47,CASH_OUT,225850.53,225850.53,0.0,5063600.9,5289451.43,1
47,TRANSFER,243028.65,243028.65,0.0,0.0,0.0,1
47,CASH_OUT,243028.65,243028.65,0.0,441285.14,684313.79,1
47,TRANSFER,2249574.01,2249574.01,0.0,0.0,0.0,1
47,CASH_OUT,2249574.01,2249574.01,0.0,3785286.98,6034861.0,1
47,TRANSFER,13172.17,13172.17,0.0,0.0,0.0,1
47,CASH_OUT,13172.17,13172.17,0.0,0.0,13172.17,1
47,TRANSFER,61487.67,61487.67,0.0,0.0,0.0,1
47,CASH_OUT,61487.67,61487.67,0.0,0.0,61487.67,1
47,TRANSFER,156011.24,156011.24,0.0,0.0,0.0,1
47,CASH_OUT,156011.24,156011.24,0.0,152239.96,308251.2,1
47,TRANSFER,36532.84,36532.84,0.0,0.0,0.0,1
47,CASH_OUT,36532.84,36532.84,0.0,0.0,36532.84,1
47,TRANSFER,827921.27,827921.27,0.0,0.0,0.0,1
47,CASH_OUT,827921.27,827921.27,0.0,1025081.63,1853002.91,1
47,TRANSFER,667043.9,667043.9,0.0,0.0,0.0,1
47,CASH_OUT,667043.9,667043.9,0.0,104132.27,771176.17,1
47,TRANSFER,202978.65,0.0,0.0,2122336.55,2325315.19,1
47,TRANSFER,1388951.5,1388951.5,0.0,0.0,0.0,1
47,CASH_OUT,1388951.5,1388951.5,0.0,459273.45,1848224.95,1
48,TRANSFER,1215297.01,1215297.01,0.0,0.0,0.0,1
48,CASH_OUT,1215297.01,1215297.01,0.0,2497294.92,3712591.93,1
48,TRANSFER,337974.21,337974.21,0.0,0.0,0.0,1
48,CASH_OUT,337974.21,337974.21,0.0,0.0,337974.21,1
48,TRANSFER,147267.01,147267.01,0.0,0.0,0.0,1
48,CASH_OUT,147267.01,147267.01,0.0,107418.0,64210.56,1
48,TRANSFER,561374.78,561374.78,0.0,0.0,0.0,1
48,CASH_OUT,561374.78,561374.78,0.0,5726683.53,6288058.31,1
48,TRANSFER,5489302.04,5489302.04,0.0,0.0,0.0,1
48,CASH_OUT,5489302.04,5489302.04,0.0,1356390.81,6845692.85,1
49,TRANSFER,1021129.67,1021129.67,0.0,0.0,0.0,1
49,CASH_OUT,1021129.67,1021129.67,0.0,86245.92,1107375.59,1
49,TRANSFER,114017.19,114017.19,0.0,0.0,0.0,1
49,CASH_OUT,114017.19,114017.19,0.0,2822872.88,2936890.07,1
50,TRANSFER,112668.54,112668.54,0.0,0.0,0.0,1
50,CASH_OUT,112668.54,112668.54,0.0,0.0,112668.54,1
50,TRANSFER,967153.5,967153.5,0.0,0.0,0.0,1
50,CASH_OUT,967153.5,967153.5,0.0,183670.2,1150823.7,1
50,TRANSFER,592737.43,592737.43,0.0,0.0,0.0,1
50,CASH_OUT,592737.43,592737.43,0.0,163646.39,756383.82,1
51,TRANSFER,202887.77,202887.77,0.0,0.0,0.0,1
51,CASH_OUT,202887.77,202887.77,0.0,0.0,202887.77,1
51,TRANSFER,339275.64,339275.64,0.0,0.0,0.0,1
51,CASH_OUT,339275.64,339275.64,0.0,1481576.03,1820851.68,1
51,TRANSFER,115881.21,115881.21,0.0,0.0,0.0,1
51,CASH_OUT,115881.21,115881.21,0.0,4774288.04,4890169.26,1
51,TRANSFER,1398946.33,1398946.33,0.0,0.0,0.0,1
51,CASH_OUT,1398946.33,1398946.33,0.0,0.0,1398946.33,1
51,TRANSFER,1170282.92,1170282.92,0.0,0.0,0.0,1
51,CASH_OUT,1170282.92,1170282.92,0.0,173264.14,1343547.06,1
51,TRANSFER,567932.31,567932.31,0.0,0.0,0.0,1
51,CASH_OUT,567932.31,567932.31,0.0,0.0,567932.31,1
51,TRANSFER,361460.79,361460.79,0.0,0.0,0.0,1
51,CASH_OUT,361460.79,361460.79,0.0,991487.78,1352948.57,1
52,TRANSFER,7484125.12,7484125.12,0.0,0.0,0.0,1
52,CASH_OUT,7484125.12,7484125.12,0.0,62896.23,7547021.36,1
52,TRANSFER,1093155.19,1093155.19,0.0,0.0,0.0,1
52,CASH_OUT,1093155.19,1093155.19,0.0,1966451.64,3059606.83,1
52,TRANSFER,128426.58,128426.58,0.0,0.0,0.0,1
52,CASH_OUT,128426.58,128426.58,0.0,0.0,128426.58,1
52,TRANSFER,969259.07,969259.07,0.0,0.0,0.0,1
52,CASH_OUT,969259.07,969259.07,0.0,85723.45,1054982.52,1
53,TRANSFER,1631640.02,1631640.02,0.0,0.0,0.0,1
53,CASH_OUT,1631640.02,1631640.02,0.0,705298.87,2336938.89,1
53,TRANSFER,99139.27,99139.27,0.0,0.0,0.0,1
53,CASH_OUT,99139.27,99139.27,0.0,28766.55,127905.82,1
53,TRANSFER,6215.44,6215.44,0.0,0.0,0.0,1
53,CASH_OUT,6215.44,6215.44,0.0,191197.42,197412.85,1
53,TRANSFER,3640271.29,3640271.29,0.0,0.0,0.0,1
53,CASH_OUT,3640271.29,3640271.29,0.0,6525.95,3646797.25,1
53,TRANSFER,931684.75,931684.75,0.0,0.0,0.0,1
53,CASH_OUT,931684.75,931684.75,0.0,3608144.66,4539829.41,1
54,TRANSFER,1350574.58,1350574.58,0.0,0.0,0.0,1
54,CASH_OUT,1350574.58,1350574.58,0.0,2925591.98,4276166.57,1
54,TRANSFER,438224.6,438224.6,0.0,0.0,0.0,1
54,CASH_OUT,438224.6,438224.6,0.0,320697.46,758922.05,1
55,TRANSFER,760625.76,760625.76,0.0,0.0,0.0,1
55,CASH_OUT,760625.76,760625.76,0.0,128272.02,888897.78,1
55,TRANSFER,309254.05,309254.05,0.0,0.0,0.0,1
55,CASH_OUT,309254.05,309254.05,0.0,218535.44,527789.5,1
55,TRANSFER,283400.42,283400.42,0.0,0.0,0.0,1
55,CASH_OUT,283400.42,283400.42,0.0,2662439.92,2945840.34,1
55,TRANSFER,109028.8,109028.8,0.0,0.0,0.0,1
55,CASH_OUT,109028.8,109028.8,0.0,674110.57,783139.37,1
55,TRANSFER,854550.85,854550.85,0.0,0.0,0.0,1
55,CASH_OUT,854550.85,854550.85,0.0,186808.48,1041359.33,1
55,TRANSFER,167715.53,167715.53,0.0,0.0,0.0,1
55,CASH_OUT,167715.53,167715.53,0.0,492360.21,660075.73,1
56,TRANSFER,1932200.59,1932200.59,0.0,0.0,0.0,1
56,CASH_OUT,1932200.59,1932200.59,0.0,0.0,1932200.59,1
56,TRANSFER,829885.13,829885.13,0.0,0.0,0.0,1
56,CASH_OUT,829885.13,829885.13,0.0,13300000.0,14100000.0,1
56,TRANSFER,42789.93,42789.93,0.0,0.0,0.0,1
56,CASH_OUT,42789.93,42789.93,0.0,0.0,42789.93,1
56,TRANSFER,136562.78,136562.78,0.0,0.0,0.0,1
56,CASH_OUT,136562.78,136562.78,0.0,21100.34,157663.12,1
56,TRANSFER,82767.31,82767.31,0.0,0.0,0.0,1
56,CASH_OUT,82767.31,82767.31,0.0,401173.22,483940.53,1
56,TRANSFER,2776135.33,2776135.33,0.0,0.0,0.0,1
56,CASH_OUT,2776135.33,2776135.33,0.0,0.0,2776135.33,1
56,TRANSFER,4243468.19,4243468.19,0.0,0.0,0.0,1
56,CASH_OUT,4243468.19,4243468.19,0.0,698483.22,4941951.41,1
56,TRANSFER,530733.43,530733.43,0.0,0.0,0.0,1
56,CASH_OUT,530733.43,530733.43,0.0,233066.99,763800.42,1
56,TRANSFER,325242.69,325242.69,0.0,0.0,0.0,1
56,CASH_OUT,325242.69,325242.69,0.0,910845.46,1236088.15,1
57,TRANSFER,157610.11,157610.11,0.0,0.0,0.0,1
57,CASH_OUT,157610.11,157610.11,0.0,949587.48,1107197.59,1
57,TRANSFER,354441.19,354441.19,0.0,0.0,0.0,1
57,CASH_OUT,354441.19,354441.19,0.0,452296.45,806737.65,1
57,TRANSFER,1014816.16,1014816.16,0.0,0.0,0.0,1
57,CASH_OUT,1014816.16,1014816.16,0.0,1417511.04,2432327.2,1
58,TRANSFER,246938.77,246938.77,0.0,0.0,0.0,1
58,CASH_OUT,246938.77,246938.77,0.0,0.0,246938.77,1
58,TRANSFER,561948.38,561948.38,0.0,0.0,0.0,1
58,CASH_OUT,561948.38,561948.38,0.0,30911.97,592860.35,1
58,TRANSFER,106673.26,106673.26,0.0,0.0,0.0,1
58,CASH_OUT,106673.26,106673.26,0.0,0.0,106673.26,1
58,TRANSFER,6501303.14,6501303.14,0.0,0.0,0.0,1
58,CASH_OUT,6501303.14,6501303.14,0.0,4439499.5,10900000.0,1
58,TRANSFER,3156421.43,3156421.43,0.0,0.0,0.0,1
58,CASH_OUT,3156421.43,3156421.43,0.0,181440.45,3337861.88,1
58,TRANSFER,1789155.73,1789155.73,0.0,0.0,0.0,1
58,CASH_OUT,1789155.73,1789155.73,0.0,2031388.61,3820544.34,1
58,TRANSFER,456745.18,456745.18,0.0,0.0,0.0,1
58,CASH_OUT,456745.18,456745.18,0.0,0.0,456745.18,1
58,TRANSFER,7108914.22,7108914.22,0.0,0.0,0.0,1
58,CASH_OUT,7108914.22,7108914.22,0.0,0.0,7108914.22,1
58,TRANSFER,109525.67,109525.67,0.0,0.0,0.0,1
58,CASH_OUT,109525.67,109525.67,0.0,3997342.61,4106868.28,1
58,TRANSFER,378688.65,378688.65,0.0,0.0,0.0,1
58,CASH_OUT,378688.65,378688.65,0.0,0.0,378688.65,1
59,TRANSFER,394388.09,394388.09,0.0,0.0,0.0,1
59,CASH_OUT,394388.09,394388.09,0.0,1260564.49,1654952.58,1
59,TRANSFER,3904257.51,3904257.51,0.0,0.0,0.0,1
59,CASH_OUT,3904257.51,3904257.51,0.0,0.0,3904257.51,1
59,TRANSFER,3857176.83,3857176.83,0.0,0.0,0.0,1
59,CASH_OUT,3857176.83,3857176.83,0.0,228541.62,4085718.45,1
59,TRANSFER,21174.45,21174.45,0.0,0.0,0.0,1
59,CASH_OUT,21174.45,21174.45,0.0,31409.08,52583.53,1
59,TRANSFER,192765.49,192765.49,0.0,0.0,0.0,1
59,CASH_OUT,192765.49,192765.49,0.0,3252407.57,3445173.06,1
59,TRANSFER,1011606.26,1011606.26,0.0,0.0,0.0,1
59,CASH_OUT,1011606.26,1011606.26,0.0,0.0,1011606.26,1
59,TRANSFER,2050727.81,2050727.81,0.0,0.0,0.0,1
59,CASH_OUT,2050727.81,2050727.81,0.0,0.0,2050727.81,1
59,TRANSFER,9748.89,9748.89,0.0,0.0,0.0,1
59,CASH_OUT,9748.89,9748.89,0.0,180869.12,190618.01,1
59,TRANSFER,44733.5,44733.5,0.0,0.0,0.0,1
59,CASH_OUT,44733.5,44733.5,0.0,2534461.11,2579194.61,1
59,TRANSFER,1367340.03,1367340.03,0.0,0.0,0.0,1
59,CASH_OUT,1367340.03,1367340.03,0.0,296833.6,1664173.63,1
60,TRANSFER,1026208.84,1026208.84,0.0,0.0,0.0,1
60,CASH_OUT,1026208.84,1026208.84,0.0,353447.51,1379656.35,1
60,TRANSFER,40486.25,40486.25,0.0,0.0,0.0,1
60,CASH_OUT,40486.25,40486.25,0.0,4716889.9,4757376.15,1
60,TRANSFER,89014.32,89014.32,0.0,0.0,0.0,1
60,CASH_OUT,89014.32,89014.32,0.0,330651.68,419666.0,1
60,TRANSFER,45807.51,45807.51,0.0,0.0,0.0,1
60,CASH_OUT,45807.51,45807.51,0.0,267824.05,313631.56,1
60,TRANSFER,742973.53,742973.53,0.0,0.0,0.0,1
60,CASH_OUT,742973.53,742973.53,0.0,0.0,742973.53,1
60,TRANSFER,581421.85,581421.85,0.0,0.0,0.0,1
60,CASH_OUT,581421.85,581421.85,0.0,407848.96,989270.81,1
61,TRANSFER,475368.94,475368.94,0.0,0.0,0.0,1
61,CASH_OUT,475368.94,475368.94,0.0,1348026.73,1823395.67,1
61,TRANSFER,1735466.52,1735466.52,0.0,0.0,0.0,1
61,CASH_OUT,1735466.52,1735466.52,0.0,0.0,1735466.52,1
61,TRANSFER,37720.99,37720.99,0.0,0.0,0.0,1
61,CASH_OUT,37720.99,37720.99,0.0,288804.07,326525.06,1
61,TRANSFER,1372301.24,1372301.24,0.0,0.0,0.0,1
61,CASH_OUT,1372301.24,1372301.24,0.0,0.0,1372301.24,1
61,TRANSFER,332138.32,332138.32,0.0,0.0,0.0,1
61,CASH_OUT,332138.32,332138.32,0.0,52021.34,384159.66,1
61,TRANSFER,55062.46,55062.46,0.0,0.0,0.0,1
61,CASH_OUT,55062.46,55062.46,0.0,0.0,55062.46,1
61,TRANSFER,1155128.91,1155128.91,0.0,0.0,0.0,1
61,CASH_OUT,1155128.91,1155128.91,0.0,0.0,1155128.91,1
62,TRANSFER,401529.35,401529.35,0.0,0.0,0.0,1
62,CASH_OUT,401529.35,401529.35,0.0,4162.42,405691.77,1
62,TRANSFER,722380.88,722380.88,0.0,0.0,0.0,1
62,CASH_OUT,722380.88,722380.88,0.0,331969.08,1054349.95,1
62,TRANSFER,724414.43,724414.43,0.0,0.0,0.0,1
62,CASH_OUT,724414.43,724414.43,0.0,223853.38,948267.81,1
62,TRANSFER,407833.62,407833.62,0.0,0.0,0.0,1
62,CASH_OUT,407833.62,407833.62,0.0,0.0,407833.62,1
63,TRANSFER,148188.84,148188.84,0.0,0.0,0.0,1
63,CASH_OUT,148188.84,148188.84,0.0,194134.25,342323.08,1
63,TRANSFER,1693962.01,1693962.01,0.0,0.0,0.0,1
63,CASH_OUT,1693962.01,1693962.01,0.0,98505.53,1792467.54,1
63,TRANSFER,14017.38,14017.38,0.0,0.0,0.0,1
63,CASH_OUT,14017.38,14017.38,0.0,0.0,14017.38,1
63,TRANSFER,197226.65,197226.65,0.0,0.0,0.0,1
63,CASH_OUT,197226.65,197226.65,0.0,0.0,197226.65,1
64,TRANSFER,31574.65,31574.65,0.0,0.0,0.0,1
64,CASH_OUT,31574.65,31574.65,0.0,199385.83,230960.48,1
64,TRANSFER,37796.75,37796.75,0.0,0.0,0.0,1
64,CASH_OUT,37796.75,37796.75,0.0,211905.39,249702.14,1
64,TRANSFER,17051.69,17051.69,0.0,0.0,0.0,1
64,CASH_OUT,17051.69,17051.69,0.0,289129.2,306180.89,1
64,TRANSFER,960306.85,960306.85,0.0,0.0,0.0,1
64,CASH_OUT,960306.85,960306.85,0.0,0.0,960306.85,1
64,TRANSFER,3097121.75,3097121.75,0.0,0.0,0.0,1
64,CASH_OUT,3097121.75,3097121.75,0.0,0.0,3097121.75,1
64,TRANSFER,436317.49,436317.49,0.0,0.0,0.0,1
64,CASH_OUT,436317.49,436317.49,0.0,195948.3,632265.79,1
64,TRANSFER,104957.85,104957.85,0.0,0.0,0.0,1
64,CASH_OUT,104957.85,104957.85,0.0,29237.79,134195.64,1
64,TRANSFER,841052.98,841052.98,0.0,0.0,0.0,1
64,CASH_OUT,841052.98,841052.98,0.0,0.0,841052.98,1
64,TRANSFER,1814483.97,1814483.97,0.0,0.0,0.0,1
64,CASH_OUT,1814483.97,1814483.97,0.0,0.0,1814483.97,1
65,TRANSFER,701168.78,701168.78,0.0,0.0,0.0,1
65,CASH_OUT,701168.78,701168.78,0.0,841462.58,1542631.35,1
65,TRANSFER,446032.95,446032.95,0.0,0.0,0.0,1
65,CASH_OUT,446032.95,446032.95,0.0,205977.41,652010.36,1
65,TRANSFER,385556.82,385556.82,0.0,0.0,0.0,1
65,CASH_OUT,385556.82,385556.82,0.0,60032.11,445588.93,1
65,TRANSFER,3760068.04,3760068.04,0.0,0.0,0.0,1
65,CASH_OUT,3760068.04,3760068.04,0.0,622555.65,4382623.69,1
65,TRANSFER,1282971.57,1282971.57,0.0,0.0,0.0,1
65,CASH_OUT,1282971.57,1282971.57,0.0,392604.6,1675576.17,1
65,TRANSFER,881811.11,881811.11,0.0,0.0,0.0,1
65,CASH_OUT,881811.11,881811.11,0.0,141736.75,1023547.85,1
65,TRANSFER,174923.28,174923.28,0.0,0.0,0.0,1
65,CASH_OUT,174923.28,174923.28,0.0,0.0,174923.28,1
65,TRANSFER,403975.39,403975.39,0.0,0.0,0.0,1
65,CASH_OUT,403975.39,403975.39,0.0,0.0,403975.39,1
65,TRANSFER,126690.14,126690.14,0.0,0.0,0.0,1
65,CASH_OUT,126690.14,126690.14,0.0,353834.29,480524.43,1
65,TRANSFER,215.83,215.83,0.0,0.0,0.0,1
65,CASH_OUT,215.83,215.83,0.0,3563442.24,3563658.07,1
66,TRANSFER,548269.98,548269.98,0.0,0.0,0.0,1
66,CASH_OUT,548269.98,548269.98,0.0,0.0,548269.98,1
66,TRANSFER,150405.2,150405.2,0.0,0.0,0.0,1
66,CASH_OUT,150405.2,150405.2,0.0,170707.62,321112.82,1
66,TRANSFER,813133.35,813133.35,0.0,0.0,0.0,1
66,CASH_OUT,813133.35,813133.35,0.0,0.0,813133.35,1
66,TRANSFER,2096634.43,2096634.43,0.0,0.0,0.0,1
66,CASH_OUT,2096634.43,2096634.43,0.0,183429.98,2280064.41,1
66,TRANSFER,272791.44,272791.44,0.0,0.0,0.0,1
66,CASH_OUT,272791.44,272791.44,0.0,715267.02,988058.46,1
66,TRANSFER,7169129.94,7169129.94,0.0,0.0,0.0,1
66,CASH_OUT,7169129.94,7169129.94,0.0,0.0,7169129.94,1
66,TRANSFER,107188.41,107188.41,0.0,0.0,0.0,1
66,CASH_OUT,107188.41,107188.41,0.0,696135.43,803323.83,1
66,TRANSFER,3444943.59,3444943.59,0.0,0.0,0.0,1
66,CASH_OUT,3444943.59,3444943.59,0.0,217174.65,3662118.24,1
66,TRANSFER,126715.84,126715.84,0.0,0.0,0.0,1
66,CASH_OUT,126715.84,126715.84,0.0,273157.93,399873.77,1
66,TRANSFER,4631432.03,4631432.03,0.0,0.0,0.0,1
66,CASH_OUT,4631432.03,4631432.03,0.0,122727.22,4754159.25,1
66,TRANSFER,2322909.69,2322909.69,0.0,0.0,0.0,1
66,CASH_OUT,2322909.69,2322909.69,0.0,875613.05,3198522.74,1
66,TRANSFER,79441.66,79441.66,0.0,0.0,0.0,1
66,CASH_OUT,79441.66,79441.66,0.0,2051790.44,2131232.1,1
67,TRANSFER,1028326.5,1028326.5,0.0,0.0,0.0,1
67,CASH_OUT,1028326.5,1028326.5,0.0,0.0,1028326.5,1
67,TRANSFER,42513.08,42513.08,0.0,0.0,0.0,1
67,CASH_OUT,42513.08,42513.08,0.0,0.0,42513.08,1
67,TRANSFER,106460.7,106460.7,0.0,0.0,0.0,1
67,CASH_OUT,106460.7,106460.7,0.0,1414263.15,1520723.84,1
68,TRANSFER,915266.65,915266.65,0.0,0.0,0.0,1
68,CASH_OUT,915266.65,915266.65,0.0,2415414.35,3330681.0,1
68,TRANSFER,5800988.12,5800988.12,0.0,0.0,0.0,1
68,CASH_OUT,5800988.12,5800988.12,0.0,0.0,5800988.12,1
68,TRANSFER,1858515.57,1858515.57,0.0,0.0,0.0,1
68,CASH_OUT,1858515.57,1858515.57,0.0,887595.71,2746111.29,1
68,TRANSFER,3512572.72,3512572.72,0.0,0.0,0.0,1
68,CASH_OUT,3512572.72,3512572.72,0.0,111846.62,3624419.34,1
68,TRANSFER,374178.28,374178.28,0.0,0.0,0.0,1
68,CASH_OUT,374178.28,374178.28,0.0,616364.57,990542.85,1
68,TRANSFER,2026529.56,2026529.56,0.0,0.0,0.0,1
68,CASH_OUT,2026529.56,2026529.56,0.0,511526.05,2538055.62,1
68,TRANSFER,13890.42,13890.42,0.0,0.0,0.0,1
68,CASH_OUT,13890.42,13890.42,0.0,0.0,13890.42,1
68,TRANSFER,281743.12,281743.12,0.0,0.0,0.0,1
68,CASH_OUT,281743.12,281743.12,0.0,158099.98,439843.09,1
68,TRANSFER,157494.6,157494.6,0.0,0.0,0.0,1
68,CASH_OUT,157494.6,157494.6,0.0,509029.31,666523.92,1
69,TRANSFER,19776.71,19776.71,0.0,0.0,0.0,1
69,CASH_OUT,19776.71,19776.71,0.0,1138941.53,1158718.24,1
69,TRANSFER,271731.05,271731.05,0.0,0.0,0.0,1
69,CASH_OUT,271731.05,271731.05,0.0,0.0,271731.05,1
69,TRANSFER,7728992.56,7728992.56,0.0,0.0,0.0,1
69,CASH_OUT,7728992.56,7728992.56,0.0,340622.45,8069615.0,1
69,TRANSFER,175328.85,175328.85,0.0,0.0,0.0,1
69,CASH_OUT,175328.85,175328.85,0.0,110129.95,285458.8,1
69,TRANSFER,353313.55,353313.55,0.0,0.0,0.0,1
69,CASH_OUT,353313.55,353313.55,0.0,2808260.05,3161573.6,1
69,TRANSFER,582571.87,582571.87,0.0,0.0,0.0,1
69,CASH_OUT,582571.87,582571.87,0.0,0.0,582571.87,1
69,TRANSFER,2960254.17,2960254.17,0.0,0.0,0.0,1
69,CASH_OUT,2960254.17,2960254.17,0.0,620822.89,3581077.07,1
69,TRANSFER,5521483.54,5521483.54,0.0,0.0,0.0,1
69,CASH_OUT,5521483.54,5521483.54,0.0,5527212.34,11000000.0,1
69,TRANSFER,2147778.33,2147778.33,0.0,0.0,0.0,1
69,CASH_OUT,2147778.33,2147778.33,0.0,0.0,2147778.33,1
69,TRANSFER,967954.01,967954.01,0.0,0.0,0.0,1
69,CASH_OUT,967954.01,967954.01,0.0,0.0,967954.01,1
70,TRANSFER,266766.78,266766.78,0.0,0.0,0.0,1
70,CASH_OUT,266766.78,266766.78,0.0,0.0,266766.78,1
70,TRANSFER,1036789.41,1036789.41,0.0,0.0,0.0,1
70,CASH_OUT,1036789.41,1036789.41,0.0,523315.63,1560105.04,1
70,TRANSFER,167067.78,167067.78,0.0,0.0,0.0,1
70,CASH_OUT,167067.78,167067.78,0.0,169160.19,336227.97,1
71,TRANSFER,322113.91,322113.91,0.0,0.0,0.0,1
71,CASH_OUT,322113.91,322113.91,0.0,0.0,322113.91,1
71,TRANSFER,91691.75,91691.75,0.0,0.0,0.0,1
71,CASH_OUT,91691.75,91691.75,0.0,329117.96,420809.71,1
71,TRANSFER,1871553.73,1871553.73,0.0,0.0,0.0,1
71,CASH_OUT,1871553.73,1871553.73,0.0,0.0,1871553.73,1
71,TRANSFER,2949339.09,2949339.09,0.0,0.0,0.0,1
71,CASH_OUT,2949339.09,2949339.09,0.0,167663.32,3117002.41,1
71,TRANSFER,479892.04,479892.04,0.0,0.0,0.0,1
71,CASH_OUT,479892.04,479892.04,0.0,1600079.29,2079971.33,1
71,TRANSFER,304085.48,304085.48,0.0,0.0,0.0,1
71,CASH_OUT,304085.48,304085.48,0.0,152325.14,456410.63,1
71,TRANSFER,14385.54,14385.54,0.0,0.0,0.0,1
71,CASH_OUT,14385.54,14385.54,0.0,28309.09,42694.63,1
71,TRANSFER,62091.44,62091.44,0.0,0.0,0.0,1
71,CASH_OUT,62091.44,62091.44,0.0,6296058.91,6358150.35,1
71,TRANSFER,386996.34,386996.34,0.0,0.0,0.0,1
71,CASH_OUT,386996.34,386996.34,0.0,512943.11,899939.45,1
71,TRANSFER,345526.4,345526.4,0.0,0.0,0.0,1
71,CASH_OUT,345526.4,345526.4,0.0,210291.99,555818.38,1
72,TRANSFER,2947783.87,2947783.87,0.0,0.0,0.0,1
72,CASH_OUT,2947783.87,2947783.87,0.0,353246.54,3301030.4,1
72,TRANSFER,730574.39,730574.39,0.0,0.0,0.0,1
72,CASH_OUT,730574.39,730574.39,0.0,183897.18,914471.57,1
72,TRANSFER,3786438.03,3786438.03,0.0,0.0,0.0,1
72,CASH_OUT,3786438.03,3786438.03,0.0,84013.26,3870451.29,1
72,TRANSFER,622235.32,622235.32,0.0,0.0,0.0,1
72,CASH_OUT,622235.32,622235.32,0.0,3377968.96,4000204.28,1
72,TRANSFER,3243092.91,3243092.91,0.0,0.0,0.0,1
72,CASH_OUT,3243092.91,3243092.91,0.0,1299786.59,4542879.5,1
72,TRANSFER,10000000.0,18600000.0,8594065.09,0.0,0.0,1
72,CASH_OUT,10000000.0,10000000.0,0.0,81810.42,10100000.0,1
72,TRANSFER,8594065.09,8594065.09,0.0,0.0,0.0,1
72,CASH_OUT,8594065.09,8594065.09,0.0,5844.51,8599909.6,1
73,TRANSFER,12619.29,12619.29,0.0,0.0,0.0,1
73,CASH_OUT,12619.29,12619.29,0.0,204470.03,217089.31,1
73,TRANSFER,193663.9,193663.9,0.0,0.0,0.0,1
73,CASH_OUT,193663.9,193663.9,0.0,0.0,193663.9,1
73,TRANSFER,684796.16,684796.16,0.0,0.0,0.0,1
73,CASH_OUT,684796.16,684796.16,0.0,2754453.54,3439249.7,1
73,TRANSFER,400157.86,400157.86,0.0,0.0,0.0,1
73,CASH_OUT,400157.86,400157.86,0.0,0.0,400157.86,1
74,TRANSFER,4375931.29,4375931.29,0.0,0.0,0.0,1
74,CASH_OUT,4375931.29,4375931.29,0.0,68494.86,4444426.16,1
74,TRANSFER,74177.92,74177.92,0.0,0.0,0.0,1
74,CASH_OUT,74177.92,74177.92,0.0,79018.51,153196.43,1
74,TRANSFER,59127.34,59127.34,0.0,0.0,0.0,1
74,CASH_OUT,59127.34,59127.34,0.0,17207.02,76334.36,1
74,TRANSFER,2451423.58,2451423.58,0.0,0.0,0.0,1
74,CASH_OUT,2451423.58,2451423.58,0.0,4870.65,2456294.22,1
74,TRANSFER,59813.61,59813.61,0.0,0.0,0.0,1
74,CASH_OUT,59813.61,59813.61,0.0,0.0,59813.61,1
74,TRANSFER,158489.29,158489.29,0.0,0.0,0.0,1
74,CASH_OUT,158489.29,158489.29,0.0,0.0,158489.29,1
74,TRANSFER,85637.08,85637.08,0.0,0.0,0.0,1
74,CASH_OUT,85637.08,85637.08,0.0,235137.06,320774.13,1
74,TRANSFER,1311150.9,1311150.9,0.0,0.0,0.0,1
74,CASH_OUT,1311150.9,1311150.9,0.0,0.0,1311150.9,1
74,TRANSFER,4582074.51,4582074.51,0.0,0.0,0.0,1
74,CASH_OUT,4582074.51,4582074.51,0.0,154034.94,4736109.45,1
74,TRANSFER,455074.13,455074.13,0.0,0.0,0.0,1
74,CASH_OUT,455074.13,455074.13,0.0,9237170.74,9692244.86,1
74,TRANSFER,3284197.88,3284197.88,0.0,0.0,0.0,1
74,CASH_OUT,3284197.88,3284197.88,0.0,200942.08,3485139.96,1
75,TRANSFER,810039.19,810039.19,0.0,0.0,0.0,1
75,CASH_OUT,810039.19,810039.19,0.0,409035.12,1219074.31,1
75,TRANSFER,959018.79,959018.79,0.0,0.0,0.0,1
75,CASH_OUT,959018.79,959018.79,0.0,0.0,959018.79,1
75,TRANSFER,755813.12,755813.12,0.0,0.0,0.0,1
75,CASH_OUT,755813.12,755813.12,0.0,494575.27,1250388.38,1
75,TRANSFER,460436.43,460436.43,0.0,0.0,0.0,1
75,CASH_OUT,460436.43,460436.43,0.0,0.0,460436.43,1
76,TRANSFER,9917.27,9917.27,0.0,0.0,0.0,1
76,CASH_OUT,9917.27,9917.27,0.0,408610.64,418527.91,1
76,TRANSFER,2066446.27,2066446.27,0.0,0.0,0.0,1
76,CASH_OUT,2066446.27,2066446.27,0.0,423086.94,2489533.21,1
77,TRANSFER,819048.34,819048.34,0.0,0.0,0.0,1
77,CASH_OUT,819048.34,819048.34,0.0,1104098.69,1923147.03,1
77,TRANSFER,9039246.82,9039246.82,0.0,0.0,0.0,1
77,CASH_OUT,9039246.82,9039246.82,0.0,464686.69,9503933.51,1
77,TRANSFER,239473.85,239473.85,0.0,0.0,0.0,1
77,CASH_OUT,239473.85,239473.85,0.0,729245.09,968718.94,1
77,TRANSFER,5715004.3,5715004.3,0.0,0.0,0.0,1
77,CASH_OUT,5715004.3,5715004.3,0.0,318309.23,6033313.53,1
77,TRANSFER,2149976.69,2149976.69,0.0,0.0,0.0,1
77,CASH_OUT,2149976.69,2149976.69,0.0,0.0,2149976.69,1
78,TRANSFER,1321091.25,1321091.25,0.0,0.0,0.0,1
78,CASH_OUT,1321091.25,1321091.25,0.0,0.0,1321091.25,1
78,TRANSFER,113829.89,113829.89,0.0,0.0,0.0,1
78,CASH_OUT,113829.89,113829.89,0.0,0.0,113829.89,1
78,TRANSFER,178569.48,178569.48,0.0,0.0,0.0,1
78,CASH_OUT,178569.48,178569.48,0.0,263128.53,441698.01,1
78,TRANSFER,1735647.47,1735647.47,0.0,0.0,0.0,1
78,CASH_OUT,1735647.47,1735647.47,0.0,0.0,1735647.47,1
78,TRANSFER,2254934.36,2254934.36,0.0,0.0,0.0,1
78,CASH_OUT,2254934.36,2254934.36,0.0,364128.61,2619062.97,1
79,TRANSFER,353045.35,353045.35,0.0,0.0,0.0,1
79,CASH_OUT,353045.35,353045.35,0.0,981978.74,1335024.09,1
79,TRANSFER,1619331.51,1619331.51,0.0,0.0,0.0,1
79,CASH_OUT,1619331.51,1619331.51,0.0,0.0,1619331.51,1
79,TRANSFER,61178.51,61178.51,0.0,0.0,0.0,1
79,CASH_OUT,61178.51,61178.51,0.0,238787.35,299965.86,1
79,TRANSFER,664992.86,664992.86,0.0,0.0,0.0,1
79,CASH_OUT,664992.86,664992.86,0.0,769363.38,1434356.23,1
79,TRANSFER,432254.84,432254.84,0.0,0.0,0.0,1
79,CASH_OUT,432254.84,432254.84,0.0,1300115.81,1732370.65,1
80,TRANSFER,42659.39,42659.39,0.0,0.0,0.0,1
80,CASH_OUT,42659.39,42659.39,0.0,173558.43,216217.82,1
80,TRANSFER,173782.59,173782.59,0.0,0.0,0.0,1
80,CASH_OUT,173782.59,173782.59,0.0,3272453.63,3446236.22,1
80,TRANSFER,62134.33,62134.33,0.0,0.0,0.0,1
80,CASH_OUT,62134.33,62134.33,0.0,509204.33,571338.66,1
80,TRANSFER,972920.87,972920.87,0.0,0.0,0.0,1
80,CASH_OUT,972920.87,972920.87,0.0,21030.1,993950.97,1
80,TRANSFER,244814.12,244814.12,0.0,0.0,0.0,1
80,CASH_OUT,244814.12,244814.12,0.0,7106855.47,7351669.59,1
81,TRANSFER,82527.13,82527.13,0.0,0.0,0.0,1
81,CASH_OUT,82527.13,82527.13,0.0,397267.85,479794.98,1
81,TRANSFER,78028.89,78028.89,0.0,0.0,0.0,1
81,CASH_OUT,78028.89,78028.89,0.0,473519.42,551548.31,1
81,TRANSFER,2737766.8,2737766.8,0.0,0.0,0.0,1
81,CASH_OUT,2737766.8,2737766.8,0.0,0.0,2737766.8,1
81,TRANSFER,1980800.05,1980800.05,0.0,0.0,0.0,1
81,CASH_OUT,1980800.05,1980800.05,0.0,1779203.4,3760003.46,1
81,TRANSFER,221936.6,221936.6,0.0,0.0,0.0,1
81,CASH_OUT,221936.6,221936.6,0.0,1811.03,223747.62,1
82,TRANSFER,5338583.38,5338583.38,0.0,0.0,0.0,1
82,CASH_OUT,5338583.38,5338583.38,0.0,31250.62,5369834.0,1
82,TRANSFER,1534985.07,1534985.07,0.0,0.0,0.0,1
82,CASH_OUT,1534985.07,1534985.07,0.0,0.0,1534985.07,1
82,TRANSFER,45077.1,45077.1,0.0,0.0,0.0,1
82,CASH_OUT,45077.1,45077.1,0.0,126262.18,171339.29,1
82,TRANSFER,10000000.0,11000000.0,987591.59,0.0,0.0,1
82,CASH_OUT,10000000.0,10000000.0,0.0,373274.84,10400000.0,1
82,TRANSFER,987591.59,987591.59,0.0,0.0,0.0,1
82,CASH_OUT,987591.59,987591.59,0.0,0.0,987591.59,1
83,TRANSFER,1534926.96,1534926.96,0.0,0.0,0.0,1
83,CASH_OUT,1534926.96,1534926.96,0.0,0.0,1534926.96,1
83,TRANSFER,594577.22,594577.22,0.0,0.0,0.0,1
83,CASH_OUT,594577.22,594577.22,0.0,685106.85,1279684.07,1
83,TRANSFER,24412.07,24412.07,0.0,0.0,0.0,1
83,CASH_OUT,24412.07,24412.07,0.0,1564103.49,1588515.56,1
83,TRANSFER,286769.07,286769.07,0.0,0.0,0.0,1
83,CASH_OUT,286769.07,286769.07,0.0,0.0,286769.07,1
83,TRANSFER,365099.76,365099.76,0.0,0.0,0.0,1
83,CASH_OUT,365099.76,365099.76,0.0,32745.23,397844.99,1
83,TRANSFER,2498370.12,2498370.12,0.0,0.0,0.0,1
83,CASH_OUT,2498370.12,2498370.12,0.0,2343446.74,4841816.86,1
84,TRANSFER,8380.79,8380.79,0.0,0.0,0.0,1
84,CASH_OUT,8380.79,8380.79,0.0,0.0,8380.79,1
84,TRANSFER,2627070.5,2627070.5,0.0,0.0,0.0,1
84,CASH_OUT,2627070.5,2627070.5,0.0,463083.63,3090154.12,1
84,TRANSFER,39379.45,39379.45,0.0,0.0,0.0,1
84,CASH_OUT,39379.45,39379.45,0.0,188532.97,227912.43,1
84,TRANSFER,296349.8,296349.8,0.0,0.0,0.0,1
84,CASH_OUT,296349.8,296349.8,0.0,0.0,296349.8,1
84,TRANSFER,152331.26,152331.26,0.0,0.0,0.0,1
84,CASH_OUT,152331.26,152331.26,0.0,676868.23,829199.49,1
84,TRANSFER,10000000.0,14800000.0,4830219.15,0.0,0.0,1
84,CASH_OUT,10000000.0,10000000.0,0.0,0.0,10000000.0,1
84,TRANSFER,4830219.15,4830219.15,0.0,0.0,0.0,1
84,CASH_OUT,4830219.15,4830219.15,0.0,0.0,4830219.15,1
84,TRANSFER,351912.04,351912.04,0.0,0.0,0.0,1
84,CASH_OUT,351912.04,351912.04,0.0,196753.09,548665.13,1
85,TRANSFER,64344.59,64344.59,0.0,0.0,0.0,1
85,CASH_OUT,64344.59,64344.59,0.0,0.0,64344.59,1
85,TRANSFER,4094.07,4094.07,0.0,0.0,0.0,1
85,CASH_OUT,4094.07,4094.07,0.0,296534.2,300628.27,1
85,TRANSFER,167679.27,167679.27,0.0,0.0,0.0,1
85,CASH_OUT,167679.27,167679.27,0.0,165580.61,333259.88,1
85,TRANSFER,678058.75,678058.75,0.0,0.0,0.0,1
85,CASH_OUT,678058.75,678058.75,0.0,7175958.36,7854017.11,1
85,TRANSFER,1529614.71,1529614.71,0.0,0.0,0.0,1
85,CASH_OUT,1529614.71,1529614.71,0.0,0.0,1529614.71,1
85,TRANSFER,1440705.58,1440705.58,0.0,0.0,0.0,1
85,CASH_OUT,1440705.58,1440705.58,0.0,0.0,1440705.58,1
85,TRANSFER,8924971.59,8924971.59,0.0,0.0,0.0,1
85,CASH_OUT,8924971.59,8924971.59,0.0,59990.3,8984961.89,1
86,TRANSFER,305817.12,305817.12,0.0,0.0,0.0,1
86,CASH_OUT,305817.12,305817.12,0.0,0.0,305817.12,1
86,TRANSFER,10000000.0,18900000.0,8931607.89,0.0,0.0,1
86,CASH_OUT,10000000.0,10000000.0,0.0,0.0,10000000.0,1
86,TRANSFER,8931607.89,8931607.89,0.0,0.0,0.0,1
86,CASH_OUT,8931607.89,8931607.89,0.0,141515.57,9073123.46,1
86,TRANSFER,21829.31,21829.31,0.0,0.0,0.0,1
86,CASH_OUT,21829.31,21829.31,0.0,357009.54,378838.85,1
86,TRANSFER,6972164.97,6972164.97,0.0,0.0,0.0,1
86,CASH_OUT,6972164.97,6972164.97,0.0,5680.28,6977845.25,1
86,TRANSFER,17822.02,17822.02,0.0,0.0,0.0,1
86,CASH_OUT,17822.02,17822.02,0.0,2619609.53,2637431.55,1
86,TRANSFER,88649.1,88649.1,0.0,0.0,0.0,1
86,CASH_OUT,88649.1,88649.1,0.0,2239755.86,2328404.96,1
86,TRANSFER,372344.58,372344.58,0.0,0.0,0.0,1
86,CASH_OUT,372344.58,372344.58,0.0,0.0,372344.58,1
86,TRANSFER,72547.29,72547.29,0.0,0.0,0.0,1
86,CASH_OUT,72547.29,72547.29,0.0,79736.28,152283.57,1
87,TRANSFER,114339.1,114339.1,0.0,0.0,0.0,1
87,CASH_OUT,114339.1,114339.1,0.0,41413.23,155752.33,1
87,TRANSFER,1083860.21,1083860.21,0.0,0.0,0.0,1
87,CASH_OUT,1083860.21,1083860.21,0.0,0.0,1083860.21,1
87,TRANSFER,115461.48,115461.48,0.0,0.0,0.0,1
87,CASH_OUT,115461.48,115461.48,0.0,21619.28,137080.75,1
88,TRANSFER,9345700.07,9345700.07,0.0,0.0,0.0,1
88,CASH_OUT,9345700.07,9345700.07,0.0,8922060.43,18300000.0,1
88,TRANSFER,337994.64,337994.64,0.0,0.0,0.0,1
88,CASH_OUT,337994.64,337994.64,0.0,0.0,337994.64,1
88,TRANSFER,4022408.76,4022408.76,0.0,0.0,0.0,1
88,CASH_OUT,4022408.76,4022408.76,0.0,4542879.5,8565288.26,1
88,TRANSFER,3607917.73,3607917.73,0.0,0.0,0.0,1
88,CASH_OUT,3607917.73,3607917.73,0.0,8391754.13,12000000.0,1
89,TRANSFER,766631.82,766631.82,0.0,0.0,0.0,1
89,CASH_OUT,766631.82,766631.82,0.0,0.0,766631.82,1
89,TRANSFER,43928.31,43928.31,0.0,0.0,0.0,1
89,CASH_OUT,43928.31,43928.31,0.0,0.0,43928.31,1
89,TRANSFER,268230.43,268230.43,0.0,0.0,0.0,1
89,CASH_OUT,268230.43,268230.43,0.0,0.0,268230.43,1
90,TRANSFER,1182557.97,1182557.97,0.0,0.0,0.0,1
90,CASH_OUT,1182557.97,1182557.97,0.0,141273.74,1323831.71,1
90,TRANSFER,113309.55,113309.55,0.0,0.0,0.0,1
90,CASH_OUT,113309.55,113309.55,0.0,0.0,113309.55,1
90,TRANSFER,703833.48,703833.48,0.0,0.0,0.0,1
90,CASH_OUT,703833.48,703833.48,0.0,0.0,703833.48,1
90,TRANSFER,134515.36,134515.36,0.0,0.0,0.0,1
90,CASH_OUT,134515.36,134515.36,0.0,29488.06,164003.41,1
90,TRANSFER,266746.42,266746.42,0.0,0.0,0.0,1
90,CASH_OUT,266746.42,266746.42,0.0,4433931.77,4700678.19,1
90,TRANSFER,7696836.35,7696836.35,0.0,0.0,0.0,1
90,CASH_OUT,7696836.35,7696836.35,0.0,180993.45,7877829.8,1
90,TRANSFER,39664.74,39664.74,0.0,0.0,0.0,1
90,CASH_OUT,39664.74,39664.74,0.0,0.0,39664.74,1
90,TRANSFER,249791.3,249791.3,0.0,0.0,0.0,1
90,CASH_OUT,249791.3,249791.3,0.0,0.0,249791.3,1
91,TRANSFER,921668.95,921668.95,0.0,0.0,0.0,1
91,CASH_OUT,921668.95,921668.95,0.0,96395.54,1018064.5,1
91,TRANSFER,737285.03,737285.03,0.0,0.0,0.0,1
91,CASH_OUT,737285.03,737285.03,0.0,0.0,737285.03,1
91,TRANSFER,28308.97,28308.97,0.0,0.0,0.0,1
91,CASH_OUT,28308.97,28308.97,0.0,0.0,28308.97,1
91,TRANSFER,482679.6,482679.6,0.0,0.0,0.0,1
91,CASH_OUT,482679.6,482679.6,0.0,0.0,482679.6,1
92,TRANSFER,1461930.03,1461930.03,0.0,0.0,0.0,1
92,CASH_OUT,1461930.03,1461930.03,0.0,3762496.73,5224426.76,1
92,TRANSFER,271908.4,271908.4,0.0,0.0,0.0,1
92,CASH_OUT,271908.4,271908.4,0.0,1488088.26,1759996.66,1
92,TRANSFER,101903.69,101903.69,0.0,0.0,0.0,1
92,CASH_OUT,101903.69,101903.69,0.0,280117.63,382021.32,1
92,TRANSFER,21574.55,21574.55,0.0,0.0,0.0,1
92,CASH_OUT,21574.55,21574.55,0.0,0.0,21574.55,1
92,TRANSFER,19742.71,19742.71,0.0,0.0,0.0,1
92,CASH_OUT,19742.71,19742.71,0.0,2098671.68,2118414.39,1
93,TRANSFER,38150.22,38150.22,0.0,0.0,0.0,1
93,CASH_OUT,38150.22,38150.22,0.0,30220.14,68370.36,1
93,TRANSFER,886588.02,886588.02,0.0,0.0,0.0,1
93,CASH_OUT,886588.02,886588.02,0.0,0.0,886588.02,1
93,TRANSFER,4120.14,4120.14,0.0,0.0,0.0,1
93,CASH_OUT,4120.14,4120.14,0.0,0.0,4120.14,1
93,TRANSFER,3206623.39,3206623.39,0.0,0.0,0.0,1
93,CASH_OUT,3206623.39,3206623.39,0.0,3449811.9,6965506.67,1
93,TRANSFER,315654.19,315654.19,0.0,0.0,0.0,1
93,CASH_OUT,315654.19,315654.19,0.0,0.0,315654.19,1
93,TRANSFER,175313.96,175313.96,0.0,0.0,0.0,1
93,CASH_OUT,175313.96,175313.96,0.0,2911229.9,3086543.86,1
93,TRANSFER,3723738.06,3723738.06,0.0,0.0,0.0,1
93,CASH_OUT,3723738.06,3723738.06,0.0,3216391.21,6940129.27,1
93,TRANSFER,269545.63,269545.63,0.0,0.0,0.0,1
93,CASH_OUT,269545.63,269545.63,0.0,905690.55,1175236.17,1
94,TRANSFER,2169679.91,2169679.91,0.0,0.0,0.0,1
94,CASH_OUT,2169679.91,2169679.91,0.0,0.0,2169679.91,1
94,TRANSFER,1454592.61,1454592.61,0.0,0.0,0.0,1
94,CASH_OUT,1454592.61,1454592.61,0.0,264042.92,1718635.53,1
94,TRANSFER,460635.82,460635.82,0.0,0.0,0.0,1
94,CASH_OUT,460635.82,460635.82,0.0,544728.69,1005364.51,1
94,TRANSFER,2393539.65,2393539.65,0.0,0.0,0.0,1
94,CASH_OUT,2393539.65,2393539.65,0.0,5157128.07,7550667.73,1
94,TRANSFER,445257.43,445257.43,0.0,0.0,0.0,1
94,CASH_OUT,445257.43,445257.43,0.0,0.0,445257.43,1
94,TRANSFER,363378.75,363378.75,0.0,0.0,0.0,1
94,CASH_OUT,363378.75,363378.75,0.0,3609871.44,3973250.18,1
95,TRANSFER,655676.97,655676.97,0.0,0.0,0.0,1
95,CASH_OUT,655676.97,655676.97,0.0,53614.28,709291.25,1
95,TRANSFER,56745.14,56745.14,0.0,0.0,0.0,1
95,CASH_OUT,56745.14,56745.14,0.0,51433.88,108179.02,1
95,TRANSFER,33676.59,33676.59,0.0,0.0,0.0,1
95,CASH_OUT,33676.59,33676.59,0.0,0.0,33676.59,1
95,TRANSFER,87999.25,87999.25,0.0,0.0,0.0,1
95,CASH_OUT,87999.25,87999.25,0.0,0.0,87999.25,1
1,PAYMENT,9839.64,170136.0,160296.36,0.0,0.0,0
1,PAYMENT,1864.28,21249.0,19384.72,0.0,0.0,0
1,PAYMENT,11668.14,41554.0,29885.86,0.0,0.0,0
1,PAYMENT,7817.71,53860.0,46042.29,0.0,0.0,0
1,PAYMENT,7107.77,183195.0,176087.23,0.0,0.0,0
1,PAYMENT,7861.64,176087.23,168225.59,0.0,0.0,0
1,PAYMENT,4024.36,2671.0,0.0,0.0,0.0,0
1,DEBIT,5337.77,41720.0,36382.23,41898.0,40348.79,0
1,DEBIT,9644.94,4465.0,0.0,10845.0,157982.12,0
1,PAYMENT,3099.97,20771.0,17671.03,0.0,0.0,0
1,PAYMENT,2560.74,5070.0,2509.26,0.0,0.0,0
1,PAYMENT,11633.76,10127.0,0.0,0.0,0.0,0
1,PAYMENT,4098.78,503264.0,499165.22,0.0,0.0,0
1,CASH_OUT,229133.94,15325.0,0.0,5083.0,51513.44,0
1,PAYMENT,1563.82,450.0,0.0,0.0,0.0,0
1,PAYMENT,1157.86,21156.0,19998.14,0.0,0.0,0
1,PAYMENT,671.64,15123.0,14451.36,0.0,0.0,0
1,TRANSFER,215310.3,705.0,0.0,22425.0,0.0,0
1,PAYMENT,1373.43,13854.0,12480.57,0.0,0.0,0
1,DEBIT,9302.79,11299.0,1996.21,29832.0,16896.7,0
1,DEBIT,1065.41,1817.0,751.59,10330.0,0.0,0
1,PAYMENT,3876.41,67852.0,63975.59,0.0,0.0,0
1,TRANSFER,311685.89,10835.0,0.0,6267.0,2719172.89,0
1,PAYMENT,6061.13,443.0,0.0,0.0,0.0,0
1,PAYMENT,9478.39,116494.0,107015.61,0.0,0.0,0
1,PAYMENT,8009.09,10968.0,2958.91,0.0,0.0,0
1,PAYMENT,8901.99,2958.91,0.0,0.0,0.0,0
1,PAYMENT,9920.52,0.0,0.0,0.0,0.0,0
1,PAYMENT,3448.92,0.0,0.0,0.0,0.0,0
1,PAYMENT,4206.84,0.0,0.0,0.0,0.0,0
1,PAYMENT,5885.56,0.0,0.0,0.0,0.0,0
1,PAYMENT,5307.88,0.0,0.0,0.0,0.0,0
1,PAYMENT,5031.22,0.0,0.0,0.0,0.0,0
1,PAYMENT,24213.67,0.0,0.0,0.0,0.0,0
1,PAYMENT,8603.42,253.0,0.0,0.0,0.0,0
1,PAYMENT,2791.42,300481.0,297689.58,0.0,0.0,0
1,PAYMENT,7413.54,297689.58,290276.03,0.0,0.0,0
1,PAYMENT,3295.19,233633.0,230337.81,0.0,0.0,0
1,PAYMENT,1684.81,297.0,0.0,0.0,0.0,0
1,DEBIT,5758.59,32604.0,26845.41,209699.0,16997.22,0
1,CASH_OUT,110414.71,26845.41,0.0,288800.0,2415.16,0
1,PAYMENT,7823.46,998.0,0.0,0.0,0.0,0
1,PAYMENT,5086.48,0.0,0.0,0.0,0.0,0
1,PAYMENT,5281.48,152019.0,146737.52,0.0,0.0,0
1,PAYMENT,13875.98,15818.0,1942.02,0.0,0.0,0
1,CASH_OUT,56953.9,1942.02,0.0,70253.0,64106.18,0
1,CASH_OUT,5346.89,0.0,0.0,652637.0,6453430.91,0
1,PAYMENT,2204.04,586.0,0.0,0.0,0.0,0
1,PAYMENT,2641.47,23053.0,20411.53,0.0,0.0,0
1,CASH_OUT,23261.3,20411.53,0.0,25742.0,0.0,0
1,PAYMENT,2330.64,203543.0,201212.36,0.0,0.0,0
1,PAYMENT,1614.64,41276.0,39661.36,0.0,0.0,0
1,PAYMENT,9164.71,47235.77,38071.06,0.0,0.0,0
1,PAYMENT,2970.97,38071.06,35100.09,0.0,0.0,0
1,PAYMENT,38.66,16174.0,16135.34,0.0,0.0,0
1,PAYMENT,2252.44,1627.0,0.0,0.0,0.0,0
1,TRANSFER,62610.8,79114.0,16503.2,517.0,8383.29,0
1,DEBIT,5529.13,8547.0,3017.87,10206.0,0.0,0
1,CASH_OUT,82940.31,3017.87,0.0,132372.0,49864.36,0
1,DEBIT,4510.22,10256.0,5745.78,10697.0,0.0,0
1,DEBIT,8727.74,882770.0,874042.26,12636.0,0.0,0
1,PAYMENT,2599.46,874042.26,871442.79,0.0,0.0,0
1,DEBIT,4874.49,153.0,0.0,253104.0,0.0,0
1,PAYMENT,6440.78,2192.0,0.0,0.0,0.0,0
1,PAYMENT,4910.14,41551.0,36640.86,0.0,0.0,0
1,PAYMENT,6444.64,12019.0,5574.36,0.0,0.0,0
1,DEBIT,5149.66,4782.0,0.0,52752.0,24044.18,0
1,PAYMENT,7292.16,216827.0,209534.84,0.0,0.0,0
1,CASH_OUT,47458.86,209534.84,162075.98,52120.0,0.0,0
1,CASH_OUT,136872.92,162075.98,25203.05,217806.0,0.0,0
1,CASH_OUT,94253.33,25203.05,0.0,99773.0,965870.05,0
1,PAYMENT,2998.04,12030.0,9031.96,0.0,0.0,0
1,PAYMENT,3454.08,9031.96,5577.88,0.0,0.0,0
1,PAYMENT,4316.2,10999.0,6682.8,0.0,0.0,0
1,PAYMENT,2131.84,224.0,0.0,0.0,0.0,0
1,PAYMENT,12986.61,23350.0,10363.39,0.0,0.0,0
1,TRANSFER,42712.39,10363.39,0.0,57901.66,24044.18,0
1,TRANSFER,77957.68,0.0,0.0,94900.0,22233.65,0
1,TRANSFER,17231.46,0.0,0.0,24672.0,0.0,0
1,TRANSFER,78766.03,0.0,0.0,103772.0,277515.05,0
1,TRANSFER,224606.64,0.0,0.0,354678.92,0.0,0
1,TRANSFER,125872.53,0.0,0.0,348512.0,3420103.09,0
1,TRANSFER,379856.23,0.0,0.0,900180.0,19200000.0,0
1,TRANSFER,1505626.01,0.0,0.0,29031.0,5515763.34,0
1,TRANSFER,554026.99,0.0,0.0,579285.56,0.0,0
1,TRANSFER,147543.1,0.0,0.0,223220.0,16518.36,0
1,TRANSFER,761507.39,0.0,0.0,1280036.23,19200000.0,0
1,TRANSFER,1429051.47,0.0,0.0,2041543.62,19200000.0,0
1,TRANSFER,358831.92,0.0,0.0,474384.53,3420103.09,0
1,TRANSFER,367768.4,0.0,0.0,370763.1,16518.36,0
1,TRANSFER,209711.11,0.0,0.0,399214.71,2415.16,0
1,TRANSFER,583848.46,0.0,0.0,667778.0,2107778.11,0
1,TRANSFER,1724887.05,0.0,0.0,3470595.1,19200000.0,0
1,TRANSFER,710544.77,0.0,0.0,738531.5,16518.36,0
1,TRANSFER,581294.26,0.0,0.0,5195482.15,19200000.0,0
1,TRANSFER,11996.58,0.0,0.0,40255.0,0.0,0
1,PAYMENT,2875.1,15443.0,12567.9,0.0,0.0,0
1,PAYMENT,8586.98,3763.0,0.0,0.0,0.0,0
1,PAYMENT,871.75,19869.0,18997.25,0.0,0.0,0
1,PAYMENT,1035.36,71636.0,70600.64,0.0,0.0,0
1,PAYMENT,1063.53,83084.0,82020.47,0.0,0.0,0
1,PAYMENT,1019.9,204237.0,203217.1,0.0,0.0,0
1,PAYMENT,4059.38,26304.0,22244.62,0.0,0.0,0
1,PAYMENT,1876.44,182.0,0.0,0.0,0.0,0
1,CASH_OUT,28404.6,0.0,0.0,51744.0,0.0,0
1,CASH_OUT,75405.1,0.0,0.0,104209.0,46462.23,0
1,CASH_OUT,50101.88,0.0,0.0,67684.0,9940339.29,0
1,CASH_OUT,14121.82,0.0,0.0,52679.0,10963.66,0
1,CASH_OUT,78292.91,0.0,0.0,121112.0,95508.95,0
1,CASH_OUT,176149.9,0.0,0.0,259813.0,46820.71,0
1,CASH_OUT,212228.35,0.0,0.0,429747.0,1178808.14,0
1,CASH_OUT,85423.63,0.0,0.0,5776776.41,19200000.0,0
1,CASH_OUT,11648.5,0.0,0.0,260976.0,971418.91,0
1,PAYMENT,6165.58,20925.0,14759.42,0.0,0.0,0
1,PAYMENT,3705.83,41903.46,38197.63,0.0,0.0,0
1,CASH_OUT,419801.4,38197.63,0.0,499962.0,1517262.16,0
1,CASH_OUT,335416.51,144478.0,0.0,295.0,52415.15,0
1,PAYMENT,3372.29,41398.0,38025.71,0.0,0.0,0
1,PAYMENT,661.43,14078.0,13416.57,0.0,0.0,0
1,DEBIT,864.68,69836.0,68971.32,12040.0,43691.09,0
1,PAYMENT,1203.44,29941.0,28737.56,0.0,0.0,0
1,TRANSFER,330757.04,103657.0,0.0,79676.0,1254956.07,0
1,PAYMENT,1915.43,11450.0,9534.57,0.0,0.0,0
1,PAYMENT,8.73,81313.0,81304.27,0.0,0.0,0
1,DEBIT,3058.8,18138.0,15079.2,11054.0,8917.54,0
1,PAYMENT,5154.97,9476.0,4321.03,0.0,0.0,0
1,PAYMENT,5213.25,36380.0,31166.75,0.0,0.0,0
1,PAYMENT,5392.75,50757.0,45364.25,0.0,0.0,0
1,PAYMENT,25.12,61663.0,61637.88,0.0,0.0,0
1,PAYMENT,17150.89,61637.88,44486.99,0.0,0.0,0
1,TRANSFER,679502.24,290.0,0.0,171866.0,3940085.21,0
1,TRANSFER,177652.91,23720.0,0.0,55.0,4894.45,0
1,PAYMENT,5443.26,236997.0,231553.74,0.0,0.0,0
1,PAYMENT,244.87,257978.49,257733.62,0.0,0.0,0
1,PAYMENT,8281.57,257733.62,249452.05,0.0,0.0,0
1,PAYMENT,1175.59,20509.0,19333.41,0.0,0.0,0
1,PAYMENT,1097.74,24866.0,23768.26,0.0,0.0,0
1,TRANSFER,184986.8,39588.0,0.0,52340.0,97263.78,0
1,PAYMENT,1718.29,117811.0,116092.71,0.0,0.0,0
1,PAYMENT,3671.32,100094.0,96422.68,0.0,0.0,0
1,DEBIT,3580.26,2565.0,0.0,21185.0,18910.85,0
1,PAYMENT,8550.9,40060.0,31509.1,0.0,0.0,0
1,PAYMENT,9753.55,60829.0,51075.45,0.0,0.0,0
1,PAYMENT,3026.98,31139.0,28112.02,0.0,0.0,0
1,CASH_OUT,467177.03,28112.02,0.0,975121.0,22190.99,0
1,DEBIT,3875.99,259138.0,255262.01,608925.82,2415.16,0
1,PAYMENT,2148.89,31213.0,29064.11,0.0,0.0,0
1,PAYMENT,466.97,80030.0,79563.03,0.0,0.0,0
1,CASH_OUT,154139.72,79563.03,0.0,410433.04,1254956.07,0
1,CASH_OUT,82685.93,0.0,0.0,833216.44,3420103.09,0
1,CASH_OUT,83857.23,0.0,0.0,215457.59,16997.22,0
1,CASH_OUT,99109.77,0.0,0.0,299314.82,16997.22,0
1,CASH_OUT,187726.67,0.0,0.0,190573.0,1567434.81,0
1,CASH_OUT,281339.92,0.0,0.0,612801.81,2415.16,0
1,CASH_OUT,186447.51,0.0,0.0,5862200.03,19200000.0,0
1,CASH_OUT,81029.86,0.0,0.0,105343.0,8496.61,0
1,CASH_OUT,139054.95,0.0,0.0,182538.03,277515.05,0
1,CASH_OUT,154716.2,0.0,0.0,187433.0,3461666.05,0
1,CASH_OUT,53631.83,0.0,0.0,83244.0,0.0,0
1,CASH_OUT,289645.52,0.0,0.0,871442.79,1412484.09,0
1,CASH_OUT,267148.82,0.0,0.0,641975.35,1178808.14,0
1,CASH_OUT,47913.58,0.0,0.0,51304.0,0.0,0
1,CASH_OUT,193605.38,0.0,0.0,249452.05,0.0,0
1,CASH_OUT,344464.4,0.0,0.0,1133312.56,0.0,0
1,CASH_OUT,169409.87,0.0,0.0,909124.16,1178808.14,0
1,CASH_OUT,25793.74,0.0,0.0,215312.31,49864.36,0
1,CASH_OUT,114712.48,0.0,0.0,145400.0,0.0,0
1,CASH_OUT,89038.75,0.0,0.0,189808.0,1186556.81,0
1,CASH_OUT,1341.58,0.0,0.0,80341.0,557537.26,0
1,CASH_OUT,44443.08,0.0,0.0,6048647.54,19200000.0,0
1,CASH_OUT,34729.64,0.0,0.0,44853.0,96.88,0
1,CASH_OUT,105979.34,0.0,0.0,435962.9,46820.71,0
1,CASH_OUT,57794.61,0.0,0.0,99217.58,0.0,0
1,CASH_OUT,15918.79,0.0,0.0,24553.0,0.0,0
1,CASH_OUT,19162.08,0.0,0.0,60169.0,215851.28,0
1,CASH_OUT,220691.42,0.0,0.0,6093090.62,19200000.0,0
1,CASH_OUT,9536.54,0.0,0.0,49161.0,130747.56,0
1,CASH_OUT,29784.06,0.0,0.0,63553.0,0.0,0
1,CASH_OUT,190445.51,0.0,0.0,203679.0,2107965.39,0
1,CASH_OUT,57279.11,0.0,0.0,127206.9,64106.18,0
1,CASH_OUT,112086.81,0.0,0.0,292728.0,55974.56,0
1,CASH_OUT,80311.89,0.0,0.0,87408.0,63112.23,0
1,CASH_OUT,151829.91,0.0,0.0,1161088.31,1412484.09,0
1,CASH_OUT,26004.52,0.0,0.0,52251.58,0.0,0
1,CASH_OUT,3146.16,0.0,0.0,9471.0,593737.38,0
1,CASH_OUT,296752.75,0.0,0.0,404814.81,55974.56,0
1,CASH_OUT,191702.06,0.0,0.0,272624.5,971418.91,0
1,CASH_OUT,365510.05,0.0,0.0,564572.76,1254956.07,0
1,CASH_OUT,202332.08,0.0,0.0,342149.2,3461666.05,0
1,CASH_OUT,55105.9,0.0,0.0,317952.89,2719172.89,0
1,CASH_OUT,171508.59,0.0,0.0,443057.43,0.0,0
1,CASH_OUT,178439.26,0.0,0.0,278846.75,1186556.81,0
1,CASH_OUT,88834.86,0.0,0.0,464326.57,971418.91,0
1,CASH_OUT,210370.09,0.0,0.0,1442298.03,22190.99,0
1,CASH_OUT,36437.06,0.0,0.0,154606.0,1363368.51,0
1,CASH_OUT,82691.56,0.0,0.0,657983.89,6453430.91,0
1,CASH_OUT,338767.1,0.0,0.0,544481.28,3461666.05,0
1,CASH_OUT,187728.59,0.0,0.0,394124.51,2107965.39,0
1,CASH_OUT,271002.7,0.0,0.0,851368.24,3940085.21,0
1,CASH_OUT,323105.08,0.0,0.0,378299.67,1567434.81,0
1,CASH_OUT,10782.94,0.0,0.0,100585.0,0.0,0
1,CASH_OUT,89962.11,0.0,0.0,157012.19,0.0,0
1,CASH_OUT,101940.14,0.0,0.0,105362.0,92307.65,0
1,CASH_OUT,163100.34,0.0,0.0,1078534.03,1178808.14,0
1,CASH_OUT,136030.66,0.0,0.0,136875.83,0.0,0
1,CASH_OUT,68912.23,0.0,0.0,237326.8,97263.78,0
1,CASH_OUT,73464.06,0.0,0.0,444779.0,4619798.56,0
1,CASH_OUT,106117.28,0.0,0.0,234216.94,51513.44,0
1,CASH_OUT,503333.79,0.0,0.0,553161.42,971418.91,0
1,CASH_OUT,71991.42,0.0,0.0,81682.58,557537.26,0
1,CASH_OUT,91379.93,0.0,0.0,1241634.38,1178808.14,0
1,CASH_OUT,26759.05,0.0,0.0,581853.1,2107965.39,0
1,CASH_OUT,128487.35,0.0,0.0,701404.75,1567434.81,0
1,CASH_OUT,252908.87,0.0,0.0,919763.4,1517262.16,0
1,CASH_OUT,64489.64,0.0,0.0,398424.59,16997.22,0
1,CASH_OUT,171369.73,0.0,0.0,1122370.94,3940085.21,0
1,PAYMENT,4493.29,8258.0,3764.71,0.0,0.0,0
1,PAYMENT,12121.5,97058.0,84936.5,0.0,0.0,0
1,PAYMENT,2278.19,290.0,0.0,0.0,0.0,0
1,PAYMENT,7707.44,99827.0,92119.56,0.0,0.0,0
1,PAYMENT,4013.02,92119.56,88106.55,0.0,0.0,0
1,PAYMENT,5775.15,132329.0,126553.85,0.0,0.0,0
1,PAYMENT,4843.93,51718.0,46874.07,0.0,0.0,0
1,PAYMENT,2397.82,20421.0,18023.18,0.0,0.0,0
1,PAYMENT,4391.44,228.0,0.0,0.0,0.0,0
1,DEBIT,4497.87,107388.0,102890.13,19053.0,5417.23,0
1,PAYMENT,7452.89,102397.0,94944.11,0.0,0.0,0
1,PAYMENT,3930.81,6032.0,2101.19,0.0,0.0,0
1,CASH_OUT,71532.24,2101.19,0.0,74956.0,97128.19,0
1,CASH_OUT,61159.51,0.0,0.0,340334.22,51513.44,0
1,CASH_OUT,12401.9,0.0,0.0,349763.0,0.0,0
1,CASH_OUT,32702.61,0.0,0.0,253053.0,31469.78,0
1,PAYMENT,6926.67,152927.0,146000.33,0.0,0.0,0
1,PAYMENT,893.57,10676.0,9782.43,0.0,0.0,0
1,TRANSFER,480222.51,11110.0,0.0,1293740.67,3940085.21,0
1,PAYMENT,3608.41,11150.0,7541.59,0.0,0.0,0
1,PAYMENT,5946.79,7541.59,1594.8,0.0,0.0,0
1,PAYMENT,6099.96,42133.0,36033.04,0.0,0.0,0
1,PAYMENT,372.34,65254.0,64881.66,0.0,0.0,0
1,PAYMENT,4635.18,6313782.05,6309146.87,0.0,0.0,0
1,PAYMENT,1267.97,6309146.87,6307878.9,0.0,0.0,0
1,PAYMENT,6911.99,6307878.9,6300966.92,0.0,0.0,0
1,PAYMENT,1795.67,6300966.92,6299171.25,0.0,0.0,0
1,PAYMENT,3199.06,6299171.25,6295972.18,0.0,0.0,0
1,PAYMENT,10265.17,6295972.18,6285707.02,0.0,0.0,0
1,PAYMENT,9029.12,25480.0,16450.88,0.0,0.0,0
1,PAYMENT,7600.57,50747.0,43146.43,0.0,0.0,0
1,PAYMENT,2057.71,25132.0,23074.29,0.0,0.0,0
1,PAYMENT,3823.08,10382.0,6558.92,0.0,0.0,0
1,PAYMENT,6737.2,624.0,0.0,0.0,0.0,0
1,PAYMENT,9161.98,11128.0,1966.02,0.0,0.0,0
1,PAYMENT,1239.06,396386.0,395146.94,0.0,0.0,0
1,PAYMENT,365.0,319.0,0.0,0.0,0.0,0
1,PAYMENT,5237.54,27105.0,21867.46,0.0,0.0,0
1,PAYMENT,2618.76,21867.46,19248.7,0.0,0.0,0
1,PAYMENT,339.82,12076.0,11736.18,0.0,0.0,0
1,DEBIT,1393.46,100068.0,98674.54,26446.0,318637.36,0
1,PAYMENT,2731.37,17540.0,14808.63,0.0,0.0,0
1,PAYMENT,8364.73,81.0,0.0,0.0,0.0,0
1,PAYMENT,6598.71,16392.0,9793.29,0.0,0.0,0
1,PAYMENT,4304.58,10708.0,6403.42,0.0,0.0,0
1,PAYMENT,2867.14,943.0,0.0,0.0,0.0,0
1,PAYMENT,2946.38,0.0,0.0,0.0,0.0,0
1,PAYMENT,507.12,87005.0,86497.88,0.0,0.0,0
1,PAYMENT,3020.86,50361.0,47340.14,0.0,0.0,0
1,PAYMENT,8948.03,11137.0,2188.97,0.0,0.0,0
1,CASH_OUT,280877.92,2188.97,0.0,462914.23,16997.22,0
1,PAYMENT,1084.9,13727.0,12642.1,0.0,0.0,0
1,PAYMENT,9456.69,12642.1,3185.41,0.0,0.0,0
1,PAYMENT,5812.36,3185.41,0.0,0.0,0.0,0
1,TRANSFER,157883.07,46547.0,0.0,72793.0,353532.56,0
1,PAYMENT,2734.77,4511.0,1776.23,0.0,0.0,0
1,CASH_OUT,102153.86,1776.23,0.0,230676.07,353532.56,0
1,PAYMENT,584.52,15479.0,14894.48,0.0,0.0,0
1,PAYMENT,6113.14,15629.0,9515.86,0.0,0.0,0
1,CASH_OUT,369989.2,9515.86,0.0,518243.06,4619798.56,0
1,CASH_OUT,215338.28,0.0,0.0,285755.61,31469.78,0
1,CASH_OUT,65521.42,0.0,0.0,93337.06,0.0,0
1,CASH_OUT,116977.58,0.0,0.0,191043.06,1363368.51,0
1,CASH_OUT,262392.36,0.0,0.0,457286.01,1186556.81,0
1,CASH_OUT,51121.05,0.0,0.0,308020.64,1363368.51,0
1,CASH_OUT,202624.59,0.0,0.0,1056495.21,971418.91,0
1,CASH_OUT,118235.16,0.0,0.0,332829.93,353532.56,0
1,CASH_OUT,118056.71,0.0,0.0,272906.49,0.0,0
1,CASH_OUT,498960.91,0.0,0.0,608612.15,2107965.39,0
1,CASH_OUT,691738.36,0.0,0.0,6285707.02,19200000.0,0
1,CASH_OUT,58820.08,0.0,0.0,1107573.06,2107965.39,0
1,PAYMENT,4419.04,52951.0,48531.96,0.0,0.0,0
1,PAYMENT,4270.02,9516.0,5245.98,0.0,0.0,0
1,PAYMENT,3007.83,49905.0,46897.17,0.0,0.0,0
1,PAYMENT,1824.59,25138.0,23313.41,0.0,0.0,0
1,PAYMENT,993.46,19448.0,18454.54,0.0,0.0,0
1,CASH_OUT,302693.14,18454.54,0.0,306239.03,97263.78,0
1,PAYMENT,1445.06,10892.0,9446.94,0.0,0.0,0
1,PAYMENT,4059.25,4186.0,126.75,0.0,0.0,0
1,PAYMENT,3417.18,126.75,0.0,0.0,0.0,0
1,DEBIT,3428.95,147798.0,144369.05,1534657.01,5515763.34,0
1,PAYMENT,5580.98,7781.0,2200.02,0.0,0.0,0
1,DEBIT,3455.85,3509.0,53.15,1333014.31,1178808.14,0
1,PAYMENT,7265.63,14508.0,7242.37,0.0,0.0,0
1,PAYMENT,3852.64,1449076.27,1445223.63,0.0,0.0,0
1,PAYMENT,7870.29,1445223.63,1437353.34,0.0,0.0,0
1,DEBIT,12872.92,11197.0,0.0,51885.0,0.0,0
1,PAYMENT,6675.34,10107.0,3431.66,0.0,0.0,0
1,CASH_OUT,410201.89,21448.0,0.0,61613.0,424250.45,0
1,PAYMENT,13310.78,0.0,0.0,0.0,0.0,0
1,PAYMENT,664.35,102983.0,102318.65,0.0,0.0,0
1,PAYMENT,2130.3,10958.0,8827.7,0.0,0.0,0
1,PAYMENT,7771.4,8827.7,1056.3,0.0,0.0,0
1,PAYMENT,36349.35,1056.3,0.0,0.0,0.0,0
1,PAYMENT,749.34,0.0,0.0,0.0,0.0,0
1,PAYMENT,2340.34,0.0,0.0,0.0,0.0,0
1,PAYMENT,9686.85,0.0,0.0,0.0,0.0,0
1,PAYMENT,15785.85,0.0,0.0,0.0,0.0,0
1,PAYMENT,9006.78,0.0,0.0,0.0,0.0,0
1,PAYMENT,9014.95,0.0,0.0,0.0,0.0,0
1,PAYMENT,14420.66,0.0,0.0,0.0,0.0,0
1,PAYMENT,4802.31,0.0,0.0,0.0,0.0,0
1,PAYMENT,28527.44,0.0,0.0,0.0,0.0,0
1,PAYMENT,4182.93,0.0,0.0,0.0,0.0,0
1,PAYMENT,4088.21,0.0,0.0,0.0,0.0,0
1,PAYMENT,8491.9,0.0,0.0,0.0,0.0,0
1,DEBIT,6666.78,11876.0,5209.22,24777.0,189534.74,0
1,PAYMENT,6536.86,17319.0,10782.14,0.0,0.0,0
1,CASH_OUT,40684.97,10782.14,0.0,49530.0,66575.5,0
1,PAYMENT,1553.21,31516.0,29962.79,0.0,0.0,0
1,DEBIT,7344.92,0.0,0.0,185432.0,0.0,0
1,CASH_OUT,106267.21,0.0,0.0,241106.05,49864.36,0
1,PAYMENT,5491.5,36605.0,31113.5,0.0,0.0,0
1,PAYMENT,3666.42,48117.0,44450.58,0.0,0.0,0
1,PAYMENT,5507.18,36030.0,30522.82,0.0,0.0,0
1,DEBIT,4565.14,30265.0,25699.86,829892.09,1567434.81,0
1,PAYMENT,11348.71,734899.0,723550.29,0.0,0.0,0
1,TRANSFER,123179.97,7215.0,0.0,12904.68,43691.09,0
1,PAYMENT,7073.6,0.0,0.0,0.0,0.0,0
1,PAYMENT,2803.83,0.0,0.0,0.0,0.0,0
1,PAYMENT,106.81,0.0,0.0,0.0,0.0,0
1,PAYMENT,6297.71,762.0,0.0,0.0,0.0,0
1,PAYMENT,2610.01,58697.54,56087.54,0.0,0.0,0
1,PAYMENT,5320.1,56087.54,50767.43,0.0,0.0,0
1,PAYMENT,1460.63,1132.0,0.0,0.0,0.0,0
1,TRANSFER,522264.81,24.0,0.0,11361.0,2025098.66,0
1,DEBIT,3584.21,135496.0,131911.79,100614.05,24044.18,0
1,PAYMENT,3704.97,24553.0,20848.03,0.0,0.0,0
1,PAYMENT,2773.61,14332.0,11558.39,0.0,0.0,0
1,PAYMENT,3896.42,11558.39,7661.97,0.0,0.0,0
1,PAYMENT,18781.84,7661.97,0.0,0.0,0.0,0
1,PAYMENT,6660.33,17710.0,11049.67,0.0,0.0,0
1,TRANSFER,26923.42,11049.67,0.0,199404.91,95508.95,0
1,TRANSFER,53783.57,0.0,0.0,75514.0,420946.86,0
1,TRANSFER,80333.28,0.0,0.0,321592.98,277515.05,0
1,TRANSFER,211075.91,0.0,0.0,930082.81,1254956.07,0
1,TRANSFER,100677.86,0.0,0.0,701567.56,55974.56,0
1,TRANSFER,473499.51,0.0,0.0,883248.39,3461666.05,0
1,TRANSFER,1538200.39,0.0,0.0,6977445.38,19200000.0,0
1,TRANSFER,2421578.09,0.0,0.0,8515645.77,19200000.0,0
1,TRANSFER,1349670.68,0.0,0.0,1538085.96,5515763.34,0
1,TRANSFER,314403.14,0.0,0.0,888232.25,4619798.56,0
1,TRANSFER,1457213.54,0.0,0.0,10900000.0,19200000.0,0
1,TRANSFER,180368.84,0.0,0.0,1437353.34,16518.36,0
1,TRANSFER,445038.71,0.0,0.0,802245.42,55974.56,0
1,TRANSFER,1123206.66,0.0,0.0,1773963.18,3940085.21,0
1,DEBIT,996.0,46132.0,45136.0,88106.55,1015132.48,0
1,TRANSFER,176334.26,45136.0,0.0,1251626.46,2107778.11,0
1,TRANSFER,161217.61,0.0,0.0,199733.0,5602234.95,0
1,TRANSFER,108443.61,0.0,0.0,246974.3,0.0,0
1,TRANSFER,75442.68,0.0,0.0,80469.0,500631.71,0
1,TRANSFER,55536.86,0.0,0.0,915902.37,3420103.09,0
1,TRANSFER,438437.09,0.0,0.0,740675.45,6453430.91,0
1,TRANSFER,928722.69,0.0,0.0,1259119.8,971418.91,0
1,TRANSFER,1478772.04,0.0,0.0,1652668.12,22190.99,0
1,TRANSFER,2545478.01,0.0,0.0,12400000.0,19200000.0,0
1,TRANSFER,2061082.82,0.0,0.0,14900000.0,19200000.0,0
1,TRANSFER,983479.66,0.0,0.0,3131440.16,22190.99,0
1,TRANSFER,635507.97,0.0,0.0,834457.23,1567434.81,0
1,TRANSFER,848231.57,0.0,0.0,4114919.82,22190.99,0
1,TRANSFER,739112.93,0.0,0.0,1141158.73,1254956.07,0
1,TRANSFER,324397.94,0.0,0.0,373058.79,2719172.89,0
1,TRANSFER,982862.81,0.0,0.0,2187842.49,971418.91,0
1,TRANSFER,955855.0,0.0,0.0,1179112.54,6453430.91,0
1,TRANSFER,179253.24,0.0,0.0,179614.1,46462.23,0
1,PAYMENT,5446.88,666.0,0.0,0.0,0.0,0
1,PAYMENT,648.64,873.0,224.36,0.0,0.0,0
1,PAYMENT,8494.71,11129.0,2634.29,0.0,0.0,0
1,CASH_OUT,373068.26,20034.0,0.0,1427960.73,2107778.11,0
1,CASH_IN,143236.26,0.0,143236.26,608932.17,97263.78,0
1,CASH_IN,228451.89,143236.26,371688.15,719678.38,1186556.81,0
1,CASH_IN,35902.49,371688.15,407590.65,49003.3,0.0,0
1,CASH_IN,232953.64,407590.65,640544.28,1172672.27,1517262.16,0
1,CASH_IN,65912.95,640544.28,706457.23,104198.26,24044.18,0
1,CASH_IN,193492.68,706457.23,899949.91,1247284.13,55974.56,0
1,CASH_IN,60836.64,899949.91,960786.56,143436.0,5203.54,0
1,CASH_IN,62325.15,960786.56,1023111.71,1880271.66,1254956.07,0
1,CASH_IN,349640.51,1023111.71,1372752.22,360950.61,5602234.95,0
1,CASH_IN,135324.19,1372752.22,1508076.41,1356747.89,3461666.05,0
1,CASH_IN,380015.14,1508076.41,1888091.55,1336470.16,1178808.14,0
1,CASH_IN,418688.27,1888091.55,2306779.82,956455.03,1178808.14,0
1,CASH_IN,311023.52,2306779.82,2617803.34,1477776.96,0.0,0
1,CASH_IN,151862.38,2617803.34,2769665.72,158858.48,0.0,0
1,CASH_IN,228710.05,2769665.72,2998375.78,743792.14,16997.22,0
1,CASH_IN,220431.09,2998375.78,3218806.87,2897169.84,3940085.21,0
1,CASH_IN,182861.45,3218806.87,3401668.32,192776.92,0.0,0
1,CASH_IN,231881.5,3401668.32,3633549.82,894141.72,2415.16,0
1,CASH_IN,38071.17,3633549.82,3671620.98,122487.0,54985.05,0
1,CASH_IN,87117.29,3671620.98,3758738.27,501093.89,31469.78,0
1,CASH_IN,114271.72,3758738.27,3873009.99,3170705.3,971418.91,0
1,CASH_IN,73199.1,3873009.99,3946209.08,401926.25,277515.05,0
1,CASH_IN,764772.98,3946209.08,4710982.07,3056433.58,971418.91,0
1,CASH_IN,106847.36,4710982.07,4817829.42,335711.51,52415.15,0
1,CASH_IN,6287.28,4817829.42,4824116.71,11274.0,0.0,0
1,CASH_IN,24936.34,4824116.71,4849053.05,104408.0,42450.71,0
1,CASH_IN,55837.16,4849053.05,4904890.21,66800.82,10963.66,0
1,CASH_IN,63255.29,4904890.21,4968145.5,237735.3,0.0,0
1,CASH_IN,104605.78,4968145.5,5072751.28,207302.14,92307.65,0
1,CASH_IN,154160.82,5072751.28,5226912.1,157376.0,0.0,0
1,CASH_IN,257348.03,5226912.1,5484260.13,2291660.6,971418.91,0
1,CASH_IN,201073.81,5484260.13,5685333.94,537766.76,1178808.14,0
1,CASH_IN,53560.68,5685333.94,5738894.62,172857.68,22233.65,0
1,CASH_IN,334234.39,5738894.62,6073129.01,358867.35,46462.23,0
1,CASH_IN,227335.16,6073129.01,6300464.17,1817946.5,1254956.07,0
1,CASH_IN,134426.08,6300464.17,6434890.26,228864.16,52415.15,0
1,CASH_IN,2643.45,6434890.26,6437533.71,49974.0,1891.79,0
1,CASH_IN,134977.11,6437533.71,6572510.82,471814.89,424250.45,0
1,CASH_IN,25090.03,6572510.82,6597600.85,80148.6,0.0,0
1,CASH_IN,147388.67,6597600.85,6744989.53,184486.01,64106.18,0
1,CASH_IN,217615.09,6744989.53,6962604.61,971439.24,3420103.09,0
1,CASH_IN,355294.5,6962604.61,7317899.11,1469965.2,1567434.81,0
1,CASH_IN,12336.48,7317899.11,7330235.59,21024.0,83845.22,0
1,CASH_IN,349505.89,7330235.59,7679741.48,17000000.0,19200000.0,0
1,CASH_IN,285185.34,7679741.48,7964926.82,451065.09,353532.56,0
1,CASH_IN,132953.45,7964926.82,8097880.27,1617722.17,16518.36,0
1,CASH_IN,214851.41,8097880.27,8312731.68,939718.63,1517262.16,0
1,CASH_IN,54988.56,8312731.68,8367720.25,60870.0,10600000.0,0
1,CASH_IN,62871.06,8367720.25,8430591.3,177707.91,4894.45,0
1,CASH_IN,61150.85,8430591.3,8491742.16,1166393.13,2107965.39,0
1,CASH_IN,131409.27,8491742.16,8623151.43,290276.03,265092.36,0
1,CASH_IN,10844.33,8623151.43,8633995.76,42274.0,290772.6,0
1,PAYMENT,2054.84,22195.0,20140.16,0.0,0.0,0
1,CASH_IN,313373.56,20140.16,333513.72,2034312.57,971418.91,0
1,CASH_IN,13289.87,333513.72,346803.59,78256.1,0.0,0
1,CASH_IN,27070.11,346803.59,373873.7,70595.0,122750.49,0
1,CASH_IN,127954.7,373873.7,501828.4,1590611.34,1254956.07,0
1,CASH_IN,197031.04,501828.4,698859.44,515082.09,16997.22,0
1,CASH_IN,144366.64,698859.44,843226.08,1720939.01,971418.91,0
1,CASH_IN,7965.49,843226.08,851191.57,35100.09,40348.79,0
1,CASH_IN,123103.74,851191.57,974295.31,541942.24,46820.71,0
1,CASH_IN,106634.77,974295.31,1080930.07,4963151.39,22190.99,0
1,CASH_IN,74933.22,1080930.07,1155863.3,1312918.22,1412484.09,0
1,CASH_IN,120234.99,1155863.3,1276098.29,194026.33,965870.05,0
1,CASH_IN,5763.99,1276098.29,1281862.28,24632.95,46462.23,0
1,CASH_IN,156922.36,1281862.28,1438784.65,2887756.64,5515763.34,0
1,CASH_IN,162665.98,1438784.65,1601450.63,362164.9,0.0,0
1,CASH_IN,110226.34,1601450.63,1601450.63,1601450.63,10700000.0,0
1,CASH_IN,142577.44,1601450.63,1744028.07,174480.01,0.0,0
1,CASH_IN,6915.38,1744028.07,1750943.45,49685.0,0.0,0
1,CASH_IN,157108.01,1750943.45,1908051.46,1576572.37,971418.91,0
1,CASH_IN,223555.14,1908051.46,2131606.6,1462656.64,1254956.07,0
1,CASH_IN,146331.12,2131606.6,2277937.72,1053791.45,55974.56,0
1,CASH_IN,141131.23,2277937.72,2419068.96,1419464.36,971418.91,0
1,CASH_IN,222711.47,2419068.96,2641780.43,16700000.0,19200000.0,0
1,CASH_IN,84980.31,2641780.43,2726760.74,165879.75,353532.56,0
1,CASH_IN,628719.07,2726760.74,3355479.81,1484768.73,16518.36,0
1,CASH_IN,79285.8,3355479.81,3434765.61,4856516.62,22190.99,0
1,CASH_IN,57809.81,3434765.61,3492575.42,59666.0,0.0,0
1,CASH_IN,75043.17,3492575.42,3567618.59,156547.0,0.0,0
1,CASH_IN,248196.92,3567618.59,3815815.51,318051.05,16997.22,0
1,CASH_IN,18851.44,3815815.51,3834666.95,47330.55,1891.79,0
1,CASH_IN,403418.39,3834666.95,4238085.34,1801028.99,2107778.11,0
1,CASH_IN,235564.81,4238085.34,4473650.15,2676738.75,3940085.21,0
1,CASH_IN,32325.24,4473650.15,4505975.39,158866.76,265092.36,0
1,CASH_IN,345347.7,4505975.39,4851323.08,355417.92,0.0,0
1,CASH_IN,355500.25,4851323.08,5206823.33,1166753.44,0.0,0
1,CASH_IN,103005.78,5206823.33,5309829.12,114836.85,4894.45,0
1,CASH_IN,108803.98,5309829.12,5418633.09,811253.19,0.0,0
1,CASH_IN,259753.27,5418633.09,5678386.36,260112.48,0.0,0
1,CASH_IN,234094.24,5678386.36,5912480.6,1278333.12,971418.91,0
1,CASH_IN,273305.73,5912480.6,6185786.33,1237985.0,1412484.09,0
1,CASH_IN,186838.95,6185786.33,6372625.28,418838.5,46820.71,0
1,CASH_IN,193161.04,6372625.28,6565786.32,2441173.94,3940085.21,0
1,CASH_IN,152823.85,6565786.32,6718610.17,1202635.39,4619798.56,0
1,CASH_IN,91457.82,6718610.17,6810067.99,662260.23,2415.16,0
1,CASH_IN,277807.48,6810067.99,7087875.47,907460.33,55974.56,0
1,CASH_IN,8679.13,7087875.47,7096554.61,94438.08,52415.15,0
1,CASH_IN,2099.59,7096554.61,7098654.2,40471.79,0.0,0
1,CASH_IN,221693.08,7098654.2,7320347.28,629652.85,55974.56,0
1,CASH_IN,206097.65,7320347.28,7526444.93,1239101.5,1254956.07,0
1,CASH_IN,22384.21,7526444.93,7548829.13,42211.0,387263.02,0
1,CASH_IN,73210.99,7548829.13,7622040.12,79582.64,96.88,0
1,CASH_IN,236747.6,7622040.12,7858787.73,390963.21,0.0,0
1,CASH_IN,6284.18,7858787.73,7865071.9,328727.16,277515.05,0
1,CASH_IN,100198.77,7865071.9,7965270.68,336837.78,424250.45,0
1,CASH_IN,160347.32,7965270.68,8125617.99,724867.22,1517262.16,0
1,CASH_IN,289272.75,8125617.99,8414890.75,413976.6,31469.78,0
1,CASH_IN,63189.26,8414890.75,8478080.0,101925.0,0.0,0
1,CASH_IN,196725.32,8478080.0,8674805.32,2248012.9,3940085.21,0
1,PAYMENT,5882.32,10252.0,4369.68,0.0,0.0,0
1,DEBIT,625.92,30165.0,29539.08,1042.0,0.0,0
1,PAYMENT,5937.72,21779.0,15841.28,0.0,0.0,0
1,PAYMENT,9796.29,274658.0,264861.71,0.0,0.0,0
1,PAYMENT,13449.95,11080.0,0.0,0.0,0.0,0
1,PAYMENT,4749.6,8038.0,3288.4,0.0,0.0,0
1,PAYMENT,6460.86,31009.0,24548.14,0.0,0.0,0
1,PAYMENT,3605.26,10120.0,6514.74,0.0,0.0,0
1,PAYMENT,624.61,52594.0,51969.39,0.0,0.0,0
1,PAYMENT,3854.92,9241.0,5386.08,0.0,0.0,0
1,TRANSFER,420532.33,5386.08,0.0,614566.02,0.0,0
1,PAYMENT,4402.86,4469.0,66.14,0.0,0.0,0
1,CASH_OUT,147804.02,66.14,0.0,158919.0,23508.22,0
1,PAYMENT,151.2,1904.0,1752.8,0.0,0.0,0
1,PAYMENT,58.21,14506.0,14447.79,0.0,0.0,0
1,PAYMENT,5936.82,741.0,0.0,0.0,0.0,0
1,CASH_OUT,145944.67,24376.0,0.0,222.0,46393.85,0
1,TRANSFER,7206.33,24932.0,17725.67,21308.0,18161.79,0
1,DEBIT,5581.55,530.0,0.0,55058.57,0.0,0
1,DEBIT,5853.21,5039.0,0.0,20018.0,4891090.56,0
1,PAYMENT,2528.1,5037.0,2508.9,0.0,0.0,0
1,PAYMENT,5655.17,9522.0,3866.83,0.0,0.0,0
1,PAYMENT,1456.09,101018.0,99561.91,0.0,0.0,0
1,PAYMENT,4252.82,5545.0,1292.18,0.0,0.0,0
1,TRANSFER,276460.62,595.0,0.0,1105242.28,2107965.39,0
1,PAYMENT,8811.67,30848.0,22036.33,0.0,0.0,0
1,PAYMENT,12666.68,891.0,0.0,0.0,0.0,0
1,CASH_OUT,95636.49,0.0,0.0,359141.7,1363368.51,0
1,CASH_OUT,195314.34,0.0,0.0,491226.48,1186556.81,0
1,PAYMENT,6049.09,1.0,0.0,0.0,0.0,0
1,PAYMENT,14306.8,0.0,0.0,0.0,0.0,0
1,PAYMENT,1117.34,35611.0,34493.66,0.0,0.0,0
1,DEBIT,3179.7,124703.85,121524.14,20767.0,0.0,0
1,PAYMENT,2880.68,121524.14,118643.46,0.0,0.0,0
1,PAYMENT,3060.54,118643.46,115582.92,0.0,0.0,0
1,PAYMENT,879.42,115582.92,114703.5,0.0,0.0,0
1,PAYMENT,3486.78,114703.5,111216.72,0.0,0.0,0
1,PAYMENT,21530.96,111216.72,89685.77,0.0,0.0,0
1,PAYMENT,2426.31,89685.77,87259.46,0.0,0.0,0
1,PAYMENT,5110.1,87259.46,82149.35,0.0,0.0,0
1,PAYMENT,207.75,82149.35,81941.6,0.0,0.0,0
1,PAYMENT,18437.04,81941.6,63504.55,0.0,0.0,0
1,PAYMENT,8690.69,63504.55,54813.86,0.0,0.0,0
1,PAYMENT,4946.03,54813.86,49867.83,0.0,0.0,0
1,PAYMENT,5432.09,49867.83,44435.75,0.0,0.0,0
1,PAYMENT,7649.41,44435.75,36786.34,0.0,0.0,0
1,PAYMENT,3943.17,36786.34,32843.16,0.0,0.0,0
1,PAYMENT,3101.33,32843.16,29741.84,0.0,0.0,0
1,TRANSFER,51719.13,882.0,0.0,59670.0,15375.37,0
1,PAYMENT,13465.91,0.0,0.0,0.0,0.0,0
1,PAYMENT,19561.05,0.0,0.0,0.0,0.0,0
1,PAYMENT,9762.28,129.0,0.0,0.0,0.0,0
1,PAYMENT,9778.81,18824.0,9045.19,0.0,0.0,0
1,CASH_OUT,562903.81,9045.19,0.0,564519.9,1517262.16,0
1,PAYMENT,5055.94,30295.0,25239.06,0.0,0.0,0
1,PAYMENT,2858.89,21820.0,18961.11,0.0,0.0,0
1,PAYMENT,8531.42,18961.11,10429.69,0.0,0.0,0
1,PAYMENT,84.22,25828.0,25743.78,0.0,0.0,0
1,CASH_OUT,227478.01,25743.78,0.0,16400000.0,19200000.0,0
1,PAYMENT,5033.02,23946.7,18913.68,0.0,0.0,0
1,TRANSFER,100588.8,18913.68,0.0,105223.0,0.0,0
1,PAYMENT,9374.72,21064.0,11689.28,0.0,0.0,0
1,PAYMENT,598.24,102631.0,102032.76,0.0,0.0,0
1,PAYMENT,4531.55,20125.0,15593.45,0.0,0.0,0
1,PAYMENT,2998.2,15593.45,12595.25,0.0,0.0,0
1,PAYMENT,9269.99,12595.25,3325.26,0.0,0.0,0
1,PAYMENT,1209.64,3325.26,2115.61,0.0,0.0,0
1,PAYMENT,1298.7,2115.61,816.91,0.0,0.0,0
1,PAYMENT,7797.0,816.91,0.0,0.0,0.0,0
1,PAYMENT,5831.03,0.0,0.0,0.0,0.0,0
1,PAYMENT,7067.9,0.0,0.0,0.0,0.0,0
1,PAYMENT,14895.51,0.0,0.0,0.0,0.0,0
1,PAYMENT,3316.21,0.0,0.0,0.0,0.0,0
1,PAYMENT,22276.0,0.0,0.0,0.0,0.0,0
1,PAYMENT,16505.51,0.0,0.0,0.0,0.0,0
1,PAYMENT,636.95,0.0,0.0,0.0,0.0,0
1,PAYMENT,2056.59,0.0,0.0,0.0,0.0,0
1,PAYMENT,704.74,0.0,0.0,0.0,0.0,0
1,PAYMENT,3222.32,0.0,0.0,0.0,0.0,0
1,PAYMENT,11889.61,0.0,0.0,0.0,0.0,0
1,PAYMENT,9491.89,0.0,0.0,0.0,0.0,0
1,PAYMENT,6131.21,0.0,0.0,0.0,0.0,0
1,PAYMENT,11938.61,0.0,0.0,0.0,0.0,0
1,PAYMENT,4233.45,0.0,0.0,0.0,0.0,0
1,PAYMENT,32643.79,0.0,0.0,0.0,0.0,0
1,PAYMENT,622.15,14112.8,13490.65,0.0,0.0,0
1,PAYMENT,4573.12,13490.65,8917.54,0.0,0.0,0
1,PAYMENT,6057.8,6996.1,938.3,0.0,0.0,0
1,PAYMENT,5770.32,938.3,0.0,0.0,0.0,0
1,PAYMENT,9152.97,0.0,0.0,0.0,0.0,0
1,DEBIT,12154.7,39699.0,27544.3,2051287.58,3940085.21,0
1,PAYMENT,8378.01,80899.44,72521.43,0.0,0.0,0
1,PAYMENT,9616.45,72521.43,62904.98,0.0,0.0,0
1,PAYMENT,2231.28,12998.0,10766.72,0.0,0.0,0
1,PAYMENT,4932.54,136555.0,131622.46,0.0,0.0,0
1,CASH_IN,65413.89,131622.46,197036.35,144605.0,0.0,0
1,CASH_IN,98560.08,197036.35,295596.43,167719.89,63112.23,0
1,CASH_IN,15054.61,295596.43,310651.04,33340.0,185389.8,0
1,CASH_IN,161632.16,310651.04,472283.2,1044238.89,971418.91,0
1,CASH_IN,47529.19,472283.2,519812.39,856049.65,16518.36,0
1,CASH_IN,9577.45,519812.39,529389.85,32204.0,22774.25,0
1,CASH_IN,414238.59,529389.85,943628.44,808520.46,16518.36,0
1,CASH_IN,89327.65,943628.44,1032956.09,2063442.28,3940085.21,0
1,CASH_IN,194900.16,1032956.09,1227856.25,8633995.76,12500000.0,0
1,CASH_IN,24470.43,1227856.25,1252326.68,1381702.9,2107965.39,0
1,CASH_IN,217668.38,1252326.68,1469995.06,347373.26,49864.36,0
1,CASH_IN,9067.51,1469995.06,1479062.57,306723.02,23508.22,0
1,CASH_IN,336827.91,1479062.57,1815890.48,401493.73,51513.44,0
1,CASH_IN,45317.95,1815890.48,1861208.43,99578.86,0.0,0
1,CASH_IN,230021.01,1861208.43,2091229.45,4777230.82,22190.99,0
1,CASH_IN,154578.28,2091229.45,2245807.73,1033003.86,1254956.07,0
1,CASH_IN,314134.01,2245807.73,2559941.74,570802.41,2415.16,0
1,CASH_IN,206405.92,2559941.74,2766347.65,1221423.7,3461666.05,0
1,CASH_IN,158995.29,2766347.65,2925342.94,8674805.32,10700000.0,0
1,CASH_IN,188238.54,2925342.94,3113581.47,702449.21,0.0,0
1,CASH_IN,21255.8,3113581.47,3134837.27,52109.0,0.0,0
1,CASH_IN,205955.77,3134837.27,3340793.04,465695.91,97263.78,0
1,CASH_IN,178370.36,3340793.04,3519163.4,16700000.0,19200000.0,0
1,CASH_IN,42547.96,3519163.4,3561711.36,59693.0,9672.67,0
1,CASH_IN,15152.15,3561711.36,3576863.51,8439095.6,12500000.0,0
1,CASH_IN,39249.67,3576863.51,3616113.18,64966.23,0.0,0
1,CASH_IN,101669.17,3616113.18,3717782.35,533625.81,2025098.66,0
1,CASH_IN,81694.11,3717782.35,3799476.47,686540.82,1186556.81,0
1,CASH_IN,10266.7,3799476.47,3809743.17,104323.0,69756.86,0
1,CASH_IN,35502.25,3809743.17,3845245.42,41159.0,0.0,0
1,CASH_IN,183250.0,3845245.42,4028495.42,231999.55,46820.71,0
1,CASH_IN,219220.21,4028495.42,4247715.63,1974114.63,3940085.21,0
1,CASH_IN,254895.5,4247715.63,4502611.13,256668.41,2415.16,0
1,CASH_IN,143148.97,4502611.13,4645760.1,4547209.8,22190.99,0
1,CASH_IN,132457.52,4645760.1,4778217.62,8423943.45,12500000.0,0
1,CASH_IN,148834.28,4778217.62,4927051.9,514210.68,0.0,0
1,CASH_IN,106727.81,4927051.9,5033779.71,2730834.27,5515763.34,0
1,CASH_IN,223123.71,5033779.71,5256903.42,394281.87,16518.36,0
1,CASH_IN,194311.34,5256903.42,5451214.77,1127423.71,1517262.16,0
1,CASH_IN,338964.91,5451214.77,5790179.68,365376.39,0.0,0
1,CASH_IN,247575.4,5790179.68,6037755.07,8291485.93,12500000.0,0
1,CASH_IN,29467.02,6037755.07,6067222.09,322442.98,277515.05,0
1,CASH_IN,90340.16,6067222.09,6157562.25,16500000.0,19200000.0,0
1,CASH_IN,198847.32,6157562.25,6356409.58,964679.26,1412484.09,0
1,CASH_IN,155075.41,6356409.58,6511484.99,1035098.36,0.0,0
1,CASH_IN,76932.89,6511484.99,6588417.88,765831.94,1412484.09,0
1,CASH_IN,92971.79,6588417.88,6681389.66,111367.94,0.0,0
1,CASH_IN,7322.98,6681389.66,6688712.64,64966.0,57643.02,0
1,CASH_IN,222126.95,6688712.64,6910839.59,1397610.6,2107778.11,0
1,CASH_IN,62983.91,6910839.59,6973823.5,454778.18,1363368.51,0
1,CASH_IN,1271.77,6973823.5,6975095.27,697456.73,2719172.89,0
1,CASH_IN,246816.65,6975095.27,7221911.92,933112.37,1517262.16,0
1,CASH_IN,21898.97,7221911.92,7243810.89,1114670.7,1567434.81,0
1,CASH_IN,30811.56,7243810.89,7274622.45,152178.0,651524.92,0
1,CASH_IN,100275.09,7274622.45,7374897.54,878425.58,1254956.07,0
1,CASH_IN,46630.53,7374897.54,7421528.07,604846.71,1186556.81,0
1,CASH_IN,158775.58,7421528.07,7580303.64,688899.05,1412484.09,0
1,CASH_IN,90556.08,7580303.64,7670859.72,186372.86,8496.61,0
1,CASH_IN,173948.89,7670859.72,7844808.61,391794.27,1363368.51,0
1,CASH_IN,66216.71,7844808.61,7911025.32,117785.88,9940339.29,0
1,CASH_IN,216133.99,7911025.32,8127159.31,1092771.73,1567434.81,0
1,CASH_IN,371883.82,8127159.31,8499043.13,880022.94,0.0,0
1,CASH_IN,770537.37,8499043.13,8499043.13,8499043.13,16900000.0,0
1,CASH_IN,71275.47,8499043.13,8570318.6,136084.66,43691.09,0
1,CASH_IN,336298.77,8570318.6,8906617.38,1049811.54,4619798.56,0
1,CASH_IN,317393.38,8906617.38,9224010.75,1175483.65,2107778.11,0
1,CASH_IN,181002.01,9224010.75,9405012.76,292975.96,277515.05,0
1,CASH_IN,311449.38,9405012.76,9716462.14,713512.77,4619798.56,0
1,CASH_IN,270824.42,9716462.14,9987286.56,8515810.04,10700000.0,0
1,PAYMENT,1449.03,80983.0,79533.97,0.0,0.0,0
1,PAYMENT,3551.48,1015017.79,1011466.31,0.0,0.0,0
1,CASH_OUT,227768.63,1011466.31,783697.68,530123.48,1412484.09,0
1,CASH_OUT,172986.7,783697.68,610710.98,686295.71,1517262.16,0
1,PAYMENT,4940.2,48005.0,43064.8,0.0,0.0,0
1,PAYMENT,2755.96,20987.0,18231.04,0.0,0.0,0
1,DEBIT,8807.01,139428.0,130620.99,64809.18,43691.09,0
1,DEBIT,3111.86,64665.82,61553.96,10070.22,0.0,0
1,PAYMENT,10040.52,61553.96,51513.44,0.0,0.0,0
1,DEBIT,5363.0,21260.0,15897.0,24765.26,18910.85,0
1,PAYMENT,11990.19,885.0,0.0,0.0,0.0,0
1,PAYMENT,266.88,4182.0,3915.12,0.0,0.0,0
1,PAYMENT,1928.55,5096.0,3167.45,0.0,0.0,0
1,PAYMENT,10648.06,37419.0,26770.94,0.0,0.0,0
1,PAYMENT,962.43,26770.94,25808.5,0.0,0.0,0
1,PAYMENT,8348.1,16583.0,8234.9,0.0,0.0,0
1,PAYMENT,6969.67,61091.0,54121.33,0.0,0.0,0
1,PAYMENT,154.87,9339.0,9184.13,0.0,0.0,0
1,DEBIT,4040.84,1938.0,0.0,51339.0,36757.68,0
1,PAYMENT,6490.17,548504.0,542013.83,0.0,0.0,0
1,PAYMENT,1101.09,30858.0,29756.91,0.0,0.0,0
1,DEBIT,4347.78,20766.0,16418.22,407959.76,55974.56,0
1,CASH_OUT,213922.13,16418.22,0.0,431956.63,2025098.66,0
1,CASH_OUT,83859.59,0.0,0.0,16400000.0,19200000.0,0
1,CASH_OUT,33269.25,0.0,0.0,111389.13,15375.37,0
1,CASH_OUT,51749.94,0.0,0.0,62470.0,132842.64,0
1,CASH_OUT,86410.3,0.0,0.0,757892.11,1412484.09,0
1,CASH_OUT,10856.63,0.0,0.0,217845.38,1363368.51,0
1,CASH_OUT,161613.93,0.0,0.0,402063.39,4619798.56,0
1,CASH_OUT,244361.81,0.0,0.0,859282.41,1517262.16,0
1,CASH_OUT,596617.87,0.0,0.0,645878.76,2025098.66,0
1,CASH_OUT,108600.78,0.0,0.0,146488.24,97128.19,0
1,CASH_OUT,377520.94,0.0,0.0,563677.32,4619798.56,0
1,CASH_OUT,60758.42,0.0,0.0,155911.68,500631.71,0
1,CASH_OUT,86204.31,0.0,0.0,941198.26,4619798.56,0
1,CASH_OUT,1234.0,0.0,0.0,29906.0,7550.03,0
1,CASH_OUT,18288.91,0.0,0.0,858090.28,2107778.11,0
1,CASH_OUT,248979.22,0.0,0.0,1103644.22,1517262.16,0
1,CASH_OUT,126774.5,0.0,0.0,1242496.63,2025098.66,0
1,CASH_OUT,38428.19,0.0,0.0,43524.89,122750.49,0
1,CASH_OUT,109732.52,0.0,0.0,8244985.62,10700000.0,0
1,CASH_OUT,17851.54,0.0,0.0,32353.0,0.0,0
1,CASH_OUT,5223.97,0.0,0.0,10429.69,23568.91,0
1,CASH_OUT,63807.17,0.0,0.0,558216.18,1186556.81,0
1,CASH_OUT,406297.68,0.0,0.0,882606.73,971418.91,0
1,PAYMENT,4779.93,121.0,0.0,0.0,0.0,0
1,TRANSFER,16631.14,0.0,0.0,89102.55,1015132.48,0
1,PAYMENT,2771.16,60721.0,57949.84,0.0,0.0,0
1,PAYMENT,3154.06,24239.0,21084.94,0.0,0.0,0
1,PAYMENT,7813.63,21084.94,13271.31,0.0,0.0,0
1,PAYMENT,360.13,38939.0,38578.87,0.0,0.0,0
1,CASH_OUT,431381.17,40481.0,0.0,55566.0,3554299.27,0
1,TRANSFER,43670.84,0.0,0.0,79331.08,215851.28,0
1,PAYMENT,7342.63,19443.0,12100.37,0.0,0.0,0
1,PAYMENT,7417.09,843.0,0.0,0.0,0.0,0
1,PAYMENT,8865.26,84415.83,75550.57,0.0,0.0,0
1,CASH_OUT,213490.87,75550.57,0.0,508139.13,0.0,0
1,PAYMENT,7444.4,31902.57,24458.17,0.0,0.0,0
1,CASH_OUT,287265.38,24458.17,0.0,486947.17,3554299.27,0
1,PAYMENT,6432.26,0.0,0.0,0.0,0.0,0
1,PAYMENT,8690.86,29772.0,21081.14,0.0,0.0,0
1,PAYMENT,3791.28,32463.0,28671.72,0.0,0.0,0
1,PAYMENT,4111.34,128052.0,123940.66,0.0,0.0,0
1,PAYMENT,7163.9,114219.94,107056.04,0.0,0.0,0
1,PAYMENT,6557.51,107056.04,100498.52,0.0,0.0,0
1,PAYMENT,17348.25,100498.52,83150.27,0.0,0.0,0
1,PAYMENT,1586.28,83150.27,81564.0,0.0,0.0,0
1,PAYMENT,6811.97,81564.0,74752.02,0.0,0.0,0
1,PAYMENT,36651.07,74752.02,38100.95,0.0,0.0,0
1,PAYMENT,4804.68,38100.95,33296.27,0.0,0.0,0
1,PAYMENT,19375.5,33296.27,13920.76,0.0,0.0,0
1,PAYMENT,13833.75,13920.76,87.01,0.0,0.0,0
1,PAYMENT,21008.52,87.01,0.0,0.0,0.0,0
1,PAYMENT,22043.92,0.0,0.0,0.0,0.0,0
1,PAYMENT,32635.14,0.0,0.0,0.0,0.0,0
1,PAYMENT,11438.39,0.0,0.0,0.0,0.0,0
1,PAYMENT,13527.16,0.0,0.0,0.0,0.0,0
1,PAYMENT,11881.78,0.0,0.0,0.0,0.0,0
1,PAYMENT,9805.46,0.0,0.0,0.0,0.0,0
1,PAYMENT,9470.85,0.0,0.0,0.0,0.0,0
1,PAYMENT,20560.86,0.0,0.0,0.0,0.0,0
1,PAYMENT,13679.84,0.0,0.0,0.0,0.0,0
1,PAYMENT,15448.0,0.0,0.0,0.0,0.0,0
1,PAYMENT,1987.4,0.0,0.0,0.0,0.0,0
1,PAYMENT,4145.04,97168.0,93022.96,0.0,0.0,0
1,PAYMENT,3511.45,11310.0,7798.55,0.0,0.0,0
1,PAYMENT,1118.1,9041.0,7922.9,0.0,0.0,0
1,PAYMENT,15.06,204682.0,204666.94,0.0,0.0,0
1,CASH_IN,352568.35,9945.0,362513.35,2624106.46,5515763.34,0
1,PAYMENT,3043.27,36369.0,33325.73,0.0,0.0,0
1,PAYMENT,9758.09,21217.0,11458.91,0.0,0.0,0
1,PAYMENT,5924.89,1518.0,0.0,0.0,0.0,0
1,PAYMENT,9550.43,4021.0,0.0,0.0,0.0,0
1,PAYMENT,4355.66,120.0,0.0,0.0,0.0,0
1,DEBIT,6973.12,50015.0,43041.88,81953.08,122750.49,0
1,PAYMENT,2358.63,70824.0,68465.37,0.0,0.0,0
1,DEBIT,374.36,15237.0,14862.64,62904.98,353532.56,0
1,PAYMENT,8946.63,95066.0,86119.37,0.0,0.0,0
1,PAYMENT,20573.4,24641.0,4067.6,0.0,0.0,0
1,PAYMENT,8358.12,293.0,0.0,0.0,0.0,0
1,PAYMENT,1006.76,696008.0,695001.24,0.0,0.0,0
1,PAYMENT,10498.05,16730.0,6231.95,0.0,0.0,0
1,TRANSFER,463722.76,349.0,0.0,18285.39,185389.8,0
1,TRANSFER,138857.19,109473.0,0.0,1027402.57,4619798.56,0
1,PAYMENT,5184.9,283509.0,278324.1,0.0,0.0,0
1,PAYMENT,3626.96,23506.0,19879.04,0.0,0.0,0
1,PAYMENT,282.42,30603.0,30320.58,0.0,0.0,0
1,DEBIT,8703.54,137782.0,129078.46,63279.34,353532.56,0
1,PAYMENT,3673.1,30507.0,26833.9,0.0,0.0,0
1,PAYMENT,9800.58,12617.16,2816.58,0.0,0.0,0
1,CASH_OUT,88987.11,2816.58,0.0,696184.96,2719172.89,0
1,PAYMENT,4227.19,36054.0,31826.81,0.0,0.0,0
1,PAYMENT,2881.51,90250.0,87368.49,0.0,0.0,0
1,PAYMENT,4376.46,9809.0,5432.54,0.0,0.0,0
1,PAYMENT,11656.12,10181.0,0.0,0.0,0.0,0
1,TRANSFER,345698.98,40419.0,0.0,20489.94,157982.12,0
1,PAYMENT,3292.21,20484.0,17191.79,0.0,0.0,0
1,PAYMENT,7367.06,14528.0,7160.94,0.0,0.0,0
1,PAYMENT,2937.34,19703.0,16765.66,0.0,0.0,0
1,DEBIT,1150.14,21634.0,20483.86,15653.66,23568.91,0
1,PAYMENT,3563.36,185397.0,181833.64,0.0,0.0,0
1,PAYMENT,2380.46,101428.0,99047.54,0.0,0.0,0
1,PAYMENT,2266.02,64757.92,62491.91,0.0,0.0,0
1,TRANSFER,32132.45,62491.91,30359.46,59605.0,0.0,0
1,TRANSFER,51627.39,30359.46,0.0,81243.0,32092.07,0
1,TRANSFER,62073.54,0.0,0.0,228702.01,1363368.51,0
1,TRANSFER,13614.91,0.0,0.0,30195.0,0.0,0
1,TRANSFER,2290.73,0.0,0.0,79471.66,42450.71,0
1,TRANSFER,637161.0,0.0,0.0,1166259.76,4619798.56,0
1,TRANSFER,639378.37,0.0,0.0,753824.15,3420103.09,0
1,TRANSFER,34390.85,0.0,0.0,90214.97,66575.5,0
1,TRANSFER,1867849.02,0.0,0.0,2271538.11,5515763.34,0
1,TRANSFER,1193410.46,0.0,0.0,16500000.0,19200000.0,0
1,TRANSFER,348186.2,0.0,0.0,774212.55,3554299.27,0
1,TRANSFER,1440296.14,0.0,0.0,17700000.0,19200000.0,0
1,TRANSFER,799483.57,0.0,0.0,1122398.75,3554299.27,0
1,TRANSFER,969631.31,0.0,0.0,2134967.54,6453430.91,0
1,TRANSFER,483544.3,0.0,0.0,876379.19,2107778.11,0
1,TRANSFER,326349.91,0.0,0.0,778150.49,1254956.07,0
1,DEBIT,7546.88,51368.0,43821.12,11353.0,252055.24,0
1,PAYMENT,2469.75,43821.12,41351.37,0.0,0.0,0
1,DEBIT,1741.24,80942.0,79200.76,366188.92,157982.12,0
1,PAYMENT,553.25,7522.0,6968.75,0.0,0.0,0
1,PAYMENT,6606.31,6968.75,362.44,0.0,0.0,0
1,PAYMENT,2075.94,110403.0,108327.06,0.0,0.0,0
1,TRANSFER,84212.94,53199.0,0.0,0.0,84212.94,0
1,CASH_OUT,312108.51,0.0,0.0,8043910.53,12500000.0,0
1,PAYMENT,1647.93,70889.0,69241.07,0.0,0.0,0
1,PAYMENT,3533.32,38211.0,34677.68,0.0,0.0,0
1,PAYMENT,7659.86,544.0,0.0,0.0,0.0,0
1,PAYMENT,7203.07,290775.55,283572.48,0.0,0.0,0
1,CASH_OUT,116206.75,283572.48,167365.73,216670.1,500631.71,0
1,CASH_OUT,30331.38,167365.73,137034.36,105733.69,1015132.48,0
1,PAYMENT,2063.77,16064.0,14000.23,0.0,0.0,0
1,PAYMENT,3035.35,26657.0,23621.65,0.0,0.0,0
1,CASH_OUT,123797.1,23621.65,0.0,153674.01,557537.26,0
1,DEBIT,8233.25,7024.0,0.0,14673.0,12901.08,0
1,PAYMENT,2271.34,31346.0,29074.66,0.0,0.0,0
1,PAYMENT,3801.74,73616.2,69814.46,0.0,0.0,0
1,PAYMENT,1530.83,69814.46,68283.63,0.0,0.0,0
1,PAYMENT,4833.96,41005.0,36171.04,0.0,0.0,0
1,PAYMENT,5842.61,40.0,0.0,0.0,0.0,0
1,PAYMENT,2871.89,653.0,0.0,0.0,0.0,0
1,DEBIT,5297.36,82134.0,76836.64,31443.78,189534.74,0
1,TRANSFER,621561.65,123122.0,0.0,0.0,3997768.55,0
1,PAYMENT,829.07,11199.0,10369.93,0.0,0.0,0
1,PAYMENT,3418.07,260.0,0.0,0.0,0.0,0
1,CASH_OUT,41924.75,0.0,0.0,132870.39,32092.07,0
1,CASH_OUT,173597.57,0.0,0.0,3104598.86,6453430.91,0
1,CASH_OUT,77642.84,0.0,0.0,416103.33,9291619.62,0
1,CASH_OUT,144964.23,0.0,0.0,785172.07,2719172.89,0
1,CASH_OUT,94038.9,0.0,0.0,136065.07,1015132.48,0
1,CASH_OUT,26051.33,0.0,0.0,28479.11,1891.79,0
1,CASH_OUT,134143.27,0.0,0.0,1754894.42,3940085.21,0
1,CASH_OUT,497424.19,0.0,0.0,930136.3,2719172.89,0
1,CASH_OUT,607616.73,0.0,0.0,1359923.49,2107778.11,0
1,CASH_OUT,681093.57,0.0,0.0,844302.4,1412484.09,0
1,CASH_OUT,114057.61,0.0,0.0,1427560.49,2719172.89,0
1,CASH_OUT,205279.62,0.0,0.0,1541618.1,2719172.89,0
1,CASH_OUT,173512.93,0.0,0.0,8354718.14,10700000.0,0
1,CASH_OUT,166817.98,0.0,0.0,721630.0,0.0,0
1,CASH_OUT,113283.13,0.0,0.0,123001.91,215851.28,0
1,CASH_OUT,179030.05,0.0,0.0,1357232.47,2107965.39,0
1,CASH_OUT,94332.0,0.0,0.0,621561.65,3997768.55,0
1,CASH_OUT,141111.15,0.0,0.0,622023.34,1186556.81,0
1,CASH_OUT,45756.23,0.0,0.0,1393202.52,3420103.09,0
1,CASH_OUT,6039.61,0.0,0.0,31164.0,37203.61,0
1,CASH_OUT,46261.02,0.0,0.0,85758.95,52415.15,0
1,CASH_OUT,312471.16,0.0,0.0,1803420.75,4619798.56,0
1,CASH_OUT,195490.04,0.0,0.0,1104500.4,1254956.07,0
1,CASH_OUT,107308.84,0.0,0.0,124605.82,66575.5,0
1,CASH_OUT,48252.82,0.0,0.0,1889037.69,3940085.21,0
1,CASH_OUT,25674.03,0.0,0.0,30563.0,6830.83,0
1,CASH_OUT,63830.49,0.0,0.0,412307.54,55974.56,0
1,CASH_OUT,96178.8,0.0,0.0,111973.96,277515.05,0
1,CASH_OUT,155122.86,0.0,0.0,367930.17,157982.12,0
1,CASH_OUT,171757.76,0.0,0.0,205811.8,0.0,0
1,CASH_OUT,8809.04,0.0,0.0,137034.36,1363368.51,0
1,CASH_OUT,27320.2,0.0,0.0,79191.11,0.0,0
1,CASH_OUT,517915.91,0.0,0.0,4404060.84,22190.99,0
1,CASH_OUT,34629.16,0.0,0.0,38735.74,0.0,0
1,CASH_OUT,94296.25,0.0,0.0,336692.95,1178808.14,0
1,CASH_OUT,285360.06,0.0,0.0,715893.66,3997768.55,0
1,CASH_OUT,161445.91,0.0,0.0,277471.11,557537.26,0
1,CASH_OUT,386683.04,0.0,0.0,1352623.44,1517262.16,0
1,CASH_OUT,169854.57,0.0,0.0,8528231.07,10700000.0,0
1,CASH_OUT,126167.7,0.0,0.0,3278196.43,6453430.91,0
1,CASH_OUT,152757.58,0.0,0.0,8356019.04,12500000.0,0
1,CASH_OUT,49661.18,0.0,0.0,1937290.51,3940085.21,0
1,CASH_OUT,73513.5,0.0,0.0,236639.0,424250.45,0
1,CASH_OUT,166335.32,0.0,0.0,1739306.48,1517262.16,0
1,CASH_OUT,234268.82,0.0,0.0,310152.51,424250.45,0
1,CASH_OUT,306280.12,0.0,0.0,1536262.52,2107965.39,0
1,CASH_OUT,194620.68,0.0,0.0,610710.98,3461666.05,0
1,CASH_OUT,128278.74,0.0,0.0,8508776.62,12500000.0,0
1,CASH_OUT,256773.54,0.0,0.0,888447.97,0.0,0
1,CASH_OUT,105759.12,0.0,0.0,332876.84,500631.71,0
1,CASH_OUT,59390.46,0.0,0.0,73791.34,965870.05,0
1,CASH_OUT,131991.26,0.0,0.0,1145221.51,0.0,0
1,CASH_OUT,65025.3,0.0,0.0,133181.81,965870.05,0
1,CASH_OUT,82054.36,0.0,0.0,174795.14,32092.07,0
1,CASH_OUT,69708.79,0.0,0.0,71982.88,353532.56,0
1,CASH_OUT,9104.26,0.0,0.0,10623.0,19727.26,0
1,CASH_OUT,92553.64,0.0,0.0,297655.51,23508.22,0
1,CASH_OUT,66312.08,0.0,0.0,544421.33,424250.45,0
1,CASH_OUT,142282.63,0.0,0.0,805331.66,3461666.05,0
1,CASH_OUT,114499.14,0.0,0.0,129297.57,420946.86,0
1,CASH_OUT,76635.24,0.0,0.0,102696.35,92307.65,0
1,CASH_OUT,132574.0,0.0,0.0,198207.11,965870.05,0
1,CASH_OUT,39485.21,0.0,0.0,9987286.56,16900000.0,0
1,CASH_OUT,236825.42,0.0,0.0,243796.7,420946.86,0
1,CASH_OUT,327066.19,0.0,0.0,947614.29,3461666.05,0
1,CASH_OUT,156819.6,0.0,0.0,438635.96,500631.71,0
1,CASH_OUT,13136.44,0.0,0.0,1525395.97,1412484.09,0
1,PAYMENT,4306.89,256849.49,252542.6,0.0,0.0,0
1,PAYMENT,8309.52,252542.6,244233.08,0.0,0.0,0
1,PAYMENT,5363.35,81503.83,76140.48,0.0,0.0,0
1,PAYMENT,132.42,76140.48,76008.06,0.0,0.0,0
1,PAYMENT,19644.08,76008.06,56363.98,0.0,0.0,0
1,PAYMENT,895.24,56363.98,55468.74,0.0,0.0,0
1,PAYMENT,7641.08,55468.74,47827.66,0.0,0.0,0
1,PAYMENT,31188.22,47827.66,16639.44,0.0,0.0,0
1,PAYMENT,13954.75,16639.44,2684.69,0.0,0.0,0
1,PAYMENT,10497.33,2684.69,0.0,0.0,0.0,0
1,PAYMENT,5843.75,0.0,0.0,0.0,0.0,0
1,PAYMENT,7260.2,0.0,0.0,0.0,0.0,0
1,PAYMENT,10285.86,0.0,0.0,0.0,0.0,0
1,PAYMENT,6249.78,0.0,0.0,0.0,0.0,0
1,PAYMENT,848.74,0.0,0.0,0.0,0.0,0
1,PAYMENT,6993.7,0.0,0.0,0.0,0.0,0
1,PAYMENT,795.29,10360.0,9564.71,0.0,0.0,0
1,PAYMENT,9191.46,0.0,0.0,0.0,0.0,0
1,CASH_OUT,132038.41,0.0,0.0,230103.96,1015132.48,0
1,PAYMENT,6495.27,22040.0,15544.73,0.0,0.0,0
1,PAYMENT,1679.68,15544.73,13865.06,0.0,0.0,0
1,TRANSFER,47477.97,6066.0,0.0,144658.38,15375.37,0
1,DEBIT,1260.62,1483.0,222.38,10086.0,9837.06,0
1,PAYMENT,15034.23,40458.0,25423.77,0.0,0.0,0
1,PAYMENT,3238.39,28773.0,25534.61,0.0,0.0,0
1,CASH_OUT,251241.14,25534.61,0.0,523053.03,157982.12,0
1,PAYMENT,3644.12,1230.0,0.0,0.0,0.0,0
1,CASH_OUT,283123.48,497409.0,214285.52,16872.0,247063.16,0
1,PAYMENT,2851.83,10646.0,7794.17,0.0,0.0,0
1,CASH_IN,94726.64,69854.13,164580.77,129704.88,49864.36,0
1,PAYMENT,17020.69,164580.77,147560.08,0.0,0.0,0
1,PAYMENT,6523.19,147560.08,141036.89,0.0,0.0,0
1,PAYMENT,1383.56,5309.0,3925.44,0.0,0.0,0
1,DEBIT,1580.66,31156.0,29575.34,12298.0,0.0,0
1,PAYMENT,2466.95,34978.24,32511.29,0.0,0.0,0
1,PAYMENT,1017.85,32511.29,31493.45,0.0,0.0,0
1,PAYMENT,2270.41,60640.12,58369.71,0.0,0.0,0
1,CASH_OUT,102265.88,58369.71,0.0,1438958.75,3420103.09,0
1,DEBIT,13758.63,29858.0,16099.37,21305.0,0.0,0
1,CASH_IN,5221.77,1046.0,6267.77,0.0,139555.44,0
1,PAYMENT,12256.66,20800.0,8543.34,0.0,0.0,0
1,PAYMENT,8227.3,6207.0,0.0,0.0,0.0,0
1,PAYMENT,527.15,72421.0,71893.85,0.0,0.0,0
1,PAYMENT,950.25,204944.0,203993.75,0.0,0.0,0
1,PAYMENT,12728.46,83636.0,70907.54,0.0,0.0,0
1,PAYMENT,1002.96,8325.0,7322.04,0.0,0.0,0
1,PAYMENT,6917.1,13555.0,6637.9,0.0,0.0,0
1,PAYMENT,1977.17,43619.0,41641.83,0.0,0.0,0
1,PAYMENT,9314.84,104536.0,95221.16,0.0,0.0,0
1,PAYMENT,1157.05,52867.0,51709.95,0.0,0.0,0
1,DEBIT,3766.99,16600.0,12833.01,146166.67,46393.85,0
1,PAYMENT,3464.41,5548.0,2083.59,0.0,0.0,0
1,CASH_OUT,68662.06,2083.59,0.0,145843.39,1363368.51,0
1,DEBIT,8679.29,150592.0,141912.71,21056.0,0.0,0
1,PAYMENT,15266.05,13679.0,0.0,0.0,0.0,0
1,PAYMENT,8348.75,0.0,0.0,0.0,0.0,0
1,PAYMENT,8419.73,0.0,0.0,0.0,0.0,0
1,PAYMENT,6688.74,9207.0,2518.26,0.0,0.0,0
1,PAYMENT,1979.94,82034.0,80054.06,0.0,0.0,0
1,PAYMENT,9574.31,52463.0,42888.69,0.0,0.0,0
1,PAYMENT,5287.68,11424.0,6136.32,0.0,0.0,0
1,PAYMENT,10627.18,6136.32,0.0,0.0,0.0,0
1,PAYMENT,5809.78,99884.0,94074.22,0.0,0.0,0
1,TRANSFER,411363.54,39951.0,0.0,52170.0,60738.03,0
1,PAYMENT,4086.5,0.0,0.0,0.0,0.0,0
1,PAYMENT,19741.22,81762.38,62021.17,0.0,0.0,0
1,PAYMENT,5270.72,62021.17,56750.45,0.0,0.0,0
1,CASH_IN,55827.09,9907.0,65734.09,19873.0,1268668.92,0
1,CASH_OUT,174068.82,65734.09,0.0,1905641.8,1517262.16,0
1,CASH_IN,24105.5,144.0,24249.5,20875.0,0.0,0
1,PAYMENT,6854.06,19853.0,12998.94,0.0,0.0,0
1,CASH_OUT,111899.09,12998.94,0.0,10000000.0,16900000.0,0
1,PAYMENT,1231.79,20792.0,19560.21,0.0,0.0,0
1,PAYMENT,3380.1,19560.21,16180.11,0.0,0.0,0
1,DEBIT,2869.65,8768.0,5898.35,15485.0,5484.37,0
1,PAYMENT,1658.87,16543.0,14884.13,0.0,0.0,0
1,PAYMENT,823.36,14884.13,14060.77,0.0,0.0,0
1,PAYMENT,7541.47,14060.77,6519.3,0.0,0.0,0
1,DEBIT,3635.93,106929.0,103293.07,95816.79,8496.61,0
1,PAYMENT,1328.59,14469.0,13140.41,0.0,0.0,0
1,TRANSFER,56145.85,21528.0,0.0,5075.0,33008.44,0
1,PAYMENT,973.18,10762.0,9788.82,0.0,0.0,0
1,PAYMENT,619.24,31960.0,31340.76,0.0,0.0,0
1,DEBIT,300.41,39167.0,38866.59,48749.55,46820.71,0
1,TRANSFER,700967.19,15383.0,0.0,50767.43,130747.56,0
1,PAYMENT,8354.27,5611.0,0.0,0.0,0.0,0
1,DEBIT,5423.28,20281.0,14857.72,11523.0,0.0,0
1,PAYMENT,708.59,14857.72,14149.13,0.0,0.0,0
1,PAYMENT,8358.81,3467.0,0.0,0.0,0.0,0
1,PAYMENT,2245.62,30910.0,28664.38,0.0,0.0,0
1,PAYMENT,4593.59,78282.0,73688.41,0.0,0.0,0
1,PAYMENT,399.66,153760.0,153360.34,0.0,0.0,0
1,PAYMENT,1617.9,507865.0,506247.1,0.0,0.0,0
1,PAYMENT,2167.26,13669.0,11501.74,0.0,0.0,0
1,PAYMENT,9738.95,289748.0,280009.05,0.0,0.0,0
1,PAYMENT,3396.25,18524.0,15127.75,0.0,0.0,0
1,PAYMENT,6780.78,52640.0,45859.22,0.0,0.0,0
1,PAYMENT,2284.54,539.0,0.0,0.0,0.0,0
1,PAYMENT,502.61,15156.0,14653.39,0.0,0.0,0
1,PAYMENT,8716.47,8236.0,0.0,0.0,0.0,0
1,CASH_OUT,209370.56,0.0,0.0,236285.04,215851.28,0
1,CASH_OUT,117023.79,0.0,0.0,121366.44,651524.92,0
1,PAYMENT,10891.96,4986.72,0.0,0.0,0.0,0
1,PAYMENT,4149.86,0.0,0.0,0.0,0.0,0
1,PAYMENT,13252.81,0.0,0.0,0.0,0.0,0
1,PAYMENT,1213.64,86078.0,84864.36,0.0,0.0,0
1,PAYMENT,5800.85,41025.0,35224.15,0.0,0.0,0
1,PAYMENT,8094.53,50950.0,42855.47,0.0,0.0,0
1,PAYMENT,3825.39,4094.0,268.61,0.0,0.0,0
1,PAYMENT,12162.01,38372.2,26210.19,0.0,0.0,0
1,CASH_OUT,472385.25,26210.19,0.0,1541224.63,3420103.09,0
1,PAYMENT,13427.34,102672.0,89244.66,0.0,0.0,0
1,PAYMENT,1873.13,139873.0,137999.87,0.0,0.0,0
1,PAYMENT,6443.58,546.0,0.0,0.0,0.0,0
1,PAYMENT,4008.01,105389.0,101380.99,0.0,0.0,0
1,CASH_OUT,197186.52,101380.99,0.0,362142.37,1015132.48,0
1,PAYMENT,1220.37,159791.0,158570.63,0.0,0.0,0
1,DEBIT,1683.95,16741.0,15057.05,11346.62,9837.06,0
1,PAYMENT,2713.67,20210.0,17496.33,0.0,0.0,0
1,PAYMENT,4867.56,30853.2,25985.64,0.0,0.0,0
1,CASH_OUT,242940.23,25985.64,0.0,1274680.48,3461666.05,0
1,PAYMENT,4433.98,10931.0,6497.02,0.0,0.0,0
1,PAYMENT,2168.8,653735.0,651566.2,0.0,0.0,0
1,PAYMENT,10059.7,10776.0,716.3,0.0,0.0,0
1,PAYMENT,8092.1,1302.0,0.0,0.0,0.0,0
1,PAYMENT,11770.54,255488.0,243717.46,0.0,0.0,0
1,PAYMENT,1576.78,18417.0,16840.22,0.0,0.0,0
1,PAYMENT,320.53,16482.0,16161.47,0.0,0.0,0
1,DEBIT,3390.74,48021.0,44630.26,9463.0,0.0,0
1,PAYMENT,2736.35,22626.55,19890.19,0.0,0.0,0
1,PAYMENT,6029.92,19890.19,13860.27,0.0,0.0,0
1,PAYMENT,7506.65,13860.27,6353.62,0.0,0.0,0
1,PAYMENT,12621.09,112421.0,99799.91,0.0,0.0,0
1,PAYMENT,1582.67,14528.0,12945.33,0.0,0.0,0
1,PAYMENT,881.26,5386.0,4504.74,0.0,0.0,0
1,DEBIT,4651.67,35210.0,30558.33,50204.54,0.0,0
1,PAYMENT,8074.16,21495.0,13420.84,0.0,0.0,0
1,PAYMENT,4337.08,13420.84,9083.76,0.0,0.0,0
1,DEBIT,429.42,46064.0,45634.58,31281.0,14566.06,0
1,PAYMENT,7645.96,1798.0,0.0,0.0,0.0,0
1,TRANSFER,221654.28,22377.0,0.0,31493.45,49864.36,0
1,PAYMENT,10932.41,0.0,0.0,0.0,0.0,0
1,PAYMENT,4518.42,8790.0,4271.58,0.0,0.0,0
1,PAYMENT,1616.52,50396.0,48779.48,0.0,0.0,0
1,PAYMENT,3545.37,98028.0,94482.63,0.0,0.0,0
1,CASH_IN,159334.62,1746897.72,1906232.33,15735.13,0.0,0
1,CASH_OUT,334262.17,1906232.33,1571970.16,1288904.4,971418.91,0
1,PAYMENT,5403.87,14404.0,9000.13,0.0,0.0,0
1,PAYMENT,13288.84,21745.0,8456.16,0.0,0.0,0
1,PAYMENT,7079.24,13878.66,6799.42,0.0,0.0,0
1,PAYMENT,4451.95,6799.42,2347.47,0.0,0.0,0
1,PAYMENT,25554.79,2347.47,0.0,0.0,0.0,0
1,PAYMENT,6757.51,20874.0,14116.49,0.0,0.0,0
1,PAYMENT,2756.3,27839.46,25083.17,0.0,0.0,0
1,PAYMENT,4163.82,25083.17,20919.34,0.0,0.0,0
1,DEBIT,5416.8,51206.0,45789.2,19346.0,23174.68,0
1,PAYMENT,8356.44,26806.0,18449.56,0.0,0.0,0
1,DEBIT,7257.7,1369271.13,1362013.43,13711.0,17860.54,0
1,PAYMENT,5570.5,1362013.43,1356442.93,0.0,0.0,0
1,PAYMENT,9181.99,1356442.93,1347260.94,0.0,0.0,0
1,PAYMENT,663.34,1347260.94,1346597.6,0.0,0.0,0
1,PAYMENT,1532.35,1346597.6,1345065.25,0.0,0.0,0
1,PAYMENT,1180.55,1345065.25,1343884.7,0.0,0.0,0
1,PAYMENT,7950.29,1343884.7,1335934.41,0.0,0.0,0
1,PAYMENT,5334.81,1335934.41,1330599.59,0.0,0.0,0
1,PAYMENT,760.21,1330599.59,1329839.38,0.0,0.0,0
1,PAYMENT,1697.56,610733.41,609035.85,0.0,0.0,0
1,PAYMENT,112.56,609035.85,608923.29,0.0,0.0,0
1,PAYMENT,13373.96,608923.29,595549.33,0.0,0.0,0
1,DEBIT,6606.47,1862.0,0.0,18868.96,46462.23,0
1,CASH_OUT,208501.33,0.0,0.0,8698085.64,10700000.0,0
1,PAYMENT,1045.63,26411.48,25365.85,0.0,0.0,0
1,CASH_OUT,363482.02,25365.85,0.0,480622.13,420946.86,0
1,DEBIT,2935.86,41256.0,38320.14,18899.88,252055.24,0
1,CASH_IN,88626.65,39083.0,127709.65,13360.0,0.0,0
1,CASH_OUT,540789.56,18130.0,0.0,1538532.42,1412484.09,0
1,PAYMENT,10430.39,73364.91,62934.52,0.0,0.0,0
1,PAYMENT,4279.07,62934.52,58655.45,0.0,0.0,0
1,PAYMENT,3537.25,58655.45,55118.2,0.0,0.0,0
1,TRANSFER,66225.76,11642.0,0.0,16946.28,0.0,0
1,PAYMENT,964.77,28820.0,27855.23,0.0,0.0,0
1,PAYMENT,12178.51,0.0,0.0,0.0,0.0,0
1,CASH_OUT,310157.55,0.0,0.0,19100000.0,19200000.0,0
1,PAYMENT,2272.54,39494.0,37221.46,0.0,0.0,0
1,PAYMENT,6078.56,16124.0,10045.44,0.0,0.0,0
1,PAYMENT,4108.8,12083.0,7974.2,0.0,0.0,0
1,PAYMENT,2671.31,57811.0,55139.69,0.0,0.0,0
1,PAYMENT,12426.38,32300.0,19873.62,0.0,0.0,0
1,PAYMENT,17373.04,19873.62,2500.58,0.0,0.0,0
1,PAYMENT,7272.63,85719.0,78446.37,0.0,0.0,0
1,PAYMENT,6548.43,204316.0,197767.57,0.0,0.0,0
1,PAYMENT,2644.63,117.0,0.0,0.0,0.0,0
1,PAYMENT,6776.93,5031.0,0.0,0.0,0.0,0
1,PAYMENT,1810.41,0.0,0.0,0.0,0.0,0
1,DEBIT,2586.39,29859.0,27272.61,2013609.89,3420103.09,0
1,TRANSFER,47564.74,359.21,0.0,82250.0,58319.72,0
1,PAYMENT,5485.04,0.0,0.0,0.0,0.0,0
1,DEBIT,2644.54,39695.0,37050.46,63960.0,18627.02,0
1,PAYMENT,9361.47,31909.0,22547.53,0.0,0.0,0
1,PAYMENT,1193.24,280.0,0.0,0.0,0.0,0
1,DEBIT,9549.7,130.0,0.0,36655.0,897150.84,0
1,CASH_OUT,593.4,0.0,0.0,149933.66,46393.85,0
1,PAYMENT,1122.14,30206.0,29083.86,0.0,0.0,0
1,TRANSFER,264361.19,29083.86,0.0,1277212.77,2444985.19,0
1,PAYMENT,8148.08,5451.0,0.0,0.0,0.0,0
1,PAYMENT,8264.22,172650.0,164385.78,0.0,0.0,0
1,PAYMENT,3393.22,340661.0,337267.78,0.0,0.0,0
1,PAYMENT,2392.53,104141.0,101748.47,0.0,0.0,0
1,PAYMENT,5324.43,482008.15,476683.72,0.0,0.0,0
1,CASH_OUT,160700.51,476683.72,315983.22,438917.02,557537.26,0
1,DEBIT,8901.32,8687.52,0.0,13182.08,0.0,0
1,CASH_OUT,9864.23,0.0,0.0,15207.22,0.0,0
1,PAYMENT,8791.02,41330.0,32538.98,0.0,0.0,0
1,PAYMENT,1066.04,50240.0,49173.96,0.0,0.0,0
1,DEBIT,5430.64,5656.75,226.11,244233.08,32092.07,0
1,CASH_OUT,161796.96,226.11,0.0,1623166.58,971418.91,0
1,CASH_OUT,107292.25,0.0,0.0,199498.92,0.0,0
1,PAYMENT,6488.6,82949.0,76460.4,0.0,0.0,0
1,PAYMENT,1617.97,22083.39,20465.43,0.0,0.0,0
1,CASH_OUT,427175.03,20465.43,0.0,3404364.13,6453430.91,0
1,DEBIT,6765.12,50317.0,43551.88,16803.8,23568.91,0
1,DEBIT,3269.72,22906.25,19636.54,25808.5,139915.18,0
1,PAYMENT,9499.4,19636.54,10137.14,0.0,0.0,0
1,PAYMENT,865.77,0.0,0.0,0.0,0.0,0
1,CASH_OUT,151096.79,0.0,0.0,463533.54,60738.03,0
1,DEBIT,4244.4,6055.0,1810.6,1842542.65,2107965.39,0
1,PAYMENT,885.9,1810.6,924.7,0.0,0.0,0
1,PAYMENT,4322.17,51141.0,46818.83,0.0,0.0,0
1,PAYMENT,7664.12,129.0,0.0,0.0,0.0,0
1,PAYMENT,3644.85,24111.0,20466.15,0.0,0.0,0
1,PAYMENT,12462.9,33180.0,20717.1,0.0,0.0,0
1,PAYMENT,3014.54,15485.0,12470.46,0.0,0.0,0
1,PAYMENT,5880.33,11593.0,5712.67,0.0,0.0,0
1,PAYMENT,14025.72,20309.0,6283.28,0.0,0.0,0
1,PAYMENT,12187.88,22472.0,10284.12,0.0,0.0,0
1,PAYMENT,10777.89,105804.0,95026.11,0.0,0.0,0
1,PAYMENT,708.82,43324.0,42615.18,0.0,0.0,0
1,DEBIT,5633.3,61694.0,56060.7,49578.0,0.0,0
1,PAYMENT,2223.41,17.0,0.0,0.0,0.0,0
1,PAYMENT,2195.63,9320.0,7124.37,0.0,0.0,0
1,DEBIT,1668.11,1080.0,0.0,17145.04,9672.67,0
1,TRANSFER,281425.06,0.0,0.0,299995.48,247063.16,0
1,TRANSFER,18561.23,0.0,0.0,192136.35,15375.37,0
1,TRANSFER,39069.42,0.0,0.0,238390.23,651524.92,0
1,TRANSFER,63186.93,0.0,0.0,150527.05,46393.85,0
1,TRANSFER,419757.69,0.0,0.0,559328.89,1015132.48,0
1,TRANSFER,127920.4,0.0,0.0,330781.11,965870.05,0
1,TRANSFER,11136.72,0.0,0.0,16180.11,27316.83,0
1,TRANSFER,33782.98,0.0,0.0,39134.79,16896.7,0
1,TRANSFER,3776389.09,0.0,0.0,10100000.0,16900000.0,0
1,TRANSFER,1127058.69,0.0,0.0,1517620.71,3461666.05,0
1,TRANSFER,112401.53,0.0,0.0,259740.13,97263.78,0
1,TRANSFER,668237.36,0.0,0.0,2115891.91,4619798.56,0
1,TRANSFER,789419.02,0.0,0.0,1967540.22,2107778.11,0
1,TRANSFER,569068.84,0.0,0.0,1001253.72,3997768.55,0
1,TRANSFER,682894.68,0.0,0.0,2079321.97,1412484.09,0
1,TRANSFER,443116.03,0.0,0.0,1299990.45,1254956.07,0
1,TRANSFER,3942.44,0.0,0.0,25716.56,0.0,0
1,TRANSFER,539430.95,0.0,0.0,595549.33,424250.45,0
1,TRANSFER,598782.65,0.0,0.0,2644679.4,3461666.05,0
1,TRANSFER,600581.61,0.0,0.0,1570322.56,3997768.55,0
1,TRANSFER,221297.05,0.0,0.0,595455.57,500631.71,0
1,TRANSFER,249592.99,0.0,0.0,816752.62,500631.71,0
1,PAYMENT,5170.23,184781.0,179610.77,0.0,0.0,0
1,PAYMENT,8553.73,69404.0,60850.27,0.0,0.0,0
1,CASH_OUT,9980.32,12936.0,2955.68,0.0,9980.32,0
1,PAYMENT,11982.62,22386.0,10403.38,0.0,0.0,0
1,DEBIT,2763.95,60249.0,57485.05,10137.14,12901.08,0
1,CASH_OUT,265763.02,57485.05,0.0,1784963.53,971418.91,0
1,PAYMENT,2364.01,31392.0,29027.99,0.0,0.0,0
1,PAYMENT,1432.47,7102.0,5669.53,0.0,0.0,0
1,PAYMENT,233.76,54214.0,53980.24,0.0,0.0,0
1,PAYMENT,13259.12,581420.54,568161.42,0.0,0.0,0
1,PAYMENT,2364.34,568161.42,565797.08,0.0,0.0,0
1,PAYMENT,3903.48,11308.0,7404.52,0.0,0.0,0
1,TRANSFER,301298.69,213449.0,0.0,25871.21,4891090.56,0
1,PAYMENT,6623.21,1036.0,0.0,0.0,0.0,0
1,DEBIT,1009.43,23322.0,22312.57,476138.03,55974.56,0
1,PAYMENT,1639.33,5912.0,4272.67,0.0,0.0,0
1,PAYMENT,2033.14,186592.0,184558.86,0.0,0.0,0
1,TRANSFER,45864.43,10675.0,0.0,42769.62,0.0,0
1,PAYMENT,11411.34,90587.0,79175.66,0.0,0.0,0
1,PAYMENT,23.31,45360.0,45336.69,0.0,0.0,0
1,PAYMENT,613.83,368.0,0.0,0.0,0.0,0
1,PAYMENT,7154.46,10115.0,2960.54,0.0,0.0,0
1,PAYMENT,1091.54,74850.0,73758.46,0.0,0.0,0
1,PAYMENT,3193.99,29992.0,26798.01,0.0,0.0,0
1,PAYMENT,1849.56,10426.0,8576.44,0.0,0.0,0
1,PAYMENT,4170.82,31251.0,27080.18,0.0,0.0,0
1,PAYMENT,4099.91,21262.0,17162.09,0.0,0.0,0
1,PAYMENT,5923.01,6057.0,133.99,0.0,0.0,0
1,TRANSFER,208376.61,133.99,0.0,1541573.96,2444985.19,0
1,TRANSFER,131033.44,0.0,0.0,141691.68,353532.56,0
1,TRANSFER,223848.92,0.0,0.0,249663.72,32092.07,0
1,TRANSFER,68332.36,0.0,0.0,2170904.16,3997768.55,0
1,TRANSFER,205368.78,0.0,0.0,2050726.55,971418.91,0
1,TRANSFER,424141.36,0.0,0.0,763134.49,1186556.81,0
1,TRANSFER,373185.07,0.0,0.0,430989.2,1178808.14,0
1,TRANSFER,2258388.15,0.0,0.0,2784129.27,4619798.56,0
1,TRANSFER,250968.18,0.0,0.0,2239236.52,3997768.55,0
1,TRANSFER,19772.53,0.0,0.0,44486.99,64259.52,0
1,TRANSFER,43023.82,0.0,0.0,56750.45,42450.71,0
1,TRANSFER,1628887.72,0.0,0.0,1986951.69,3940085.21,0
1,TRANSFER,755499.13,0.0,0.0,8637055.36,12500000.0,0
1,TRANSFER,289203.45,0.0,0.0,979086.58,1015132.48,0
1,TRANSFER,902485.36,0.0,0.0,2016196.28,3420103.09,0
1,TRANSFER,351854.11,0.0,0.0,3615839.41,3940085.21,0
1,TRANSFER,605790.2,0.0,0.0,804174.27,1178808.14,0
1,TRANSFER,353312.93,0.0,0.0,458701.51,965870.05,0
1,TRANSFER,855931.4,0.0,0.0,1329839.38,2025098.66,0
1,TRANSFER,699928.86,0.0,0.0,1268290.04,1015132.48,0
1,PAYMENT,5886.25,29735.29,23849.03,0.0,0.0,0
1,TRANSFER,200774.62,23849.03,0.0,255089.02,97128.19,0
1,DEBIT,1088.94,5096.0,4007.06,13100.81,0.0,0
1,PAYMENT,3500.0,103588.0,100088.0,0.0,0.0,0
1,TRANSFER,109552.96,9915.47,0.0,1846787.05,2107965.39,0
1,TRANSFER,59531.87,0.0,0.0,1968218.89,1015132.48,0
1,TRANSFER,133637.07,0.0,0.0,1921882.33,3554299.27,0
1,TRANSFER,75752.73,0.0,0.0,372141.66,97263.78,0
1,TRANSFER,100362.16,0.0,0.0,876637.74,1567434.81,0
1,TRANSFER,191177.92,0.0,0.0,1749950.57,2444985.19,0
1,TRANSFER,435589.96,0.0,0.0,1409964.46,1178808.14,0
1,TRANSFER,1950.77,0.0,0.0,106511.31,0.0,0
1,TRANSFER,2223005.62,0.0,0.0,3831539.16,6453430.91,0
1,TRANSFER,902505.61,0.0,0.0,1571970.16,2719172.89,0
1,TRANSFER,1201716.66,0.0,0.0,4139387.14,5515763.34,0
1,TRANSFER,494972.01,0.0,0.0,2185770.78,2025098.66,0
1,TRANSFER,1417001.19,0.0,0.0,2055519.4,3554299.27,0
1,PAYMENT,3445.96,8576.0,5130.04,0.0,0.0,0
1,PAYMENT,2650.82,3113.0,462.18,0.0,0.0,0
1,PAYMENT,2073.2,21363.74,19290.55,0.0,0.0,0
1,CASH_OUT,319825.94,19290.55,0.0,1743106.48,1254956.07,0
1,CASH_OUT,129431.13,0.0,0.0,976999.9,1567434.81,0
1,CASH_OUT,105351.94,0.0,0.0,1845554.42,1178808.14,0
1,CASH_OUT,38167.0,0.0,0.0,82599.36,5203.54,0
1,CASH_OUT,4682.74,0.0,0.0,27134.6,40348.79,0
1,DEBIT,1280.14,15159.0,13878.86,11898.0,67762.92,0
1,DEBIT,3039.84,152809.0,149769.16,2079710.62,1517262.16,0
1,PAYMENT,5998.0,164.0,0.0,0.0,0.0,0
1,PAYMENT,4273.0,0.0,0.0,0.0,0.0,0
1,PAYMENT,3637.13,0.0,0.0,0.0,0.0,0
1,PAYMENT,892.53,29998.0,29105.47,0.0,0.0,0
1,PAYMENT,10707.6,42496.0,31788.4,0.0,0.0,0
1,PAYMENT,6380.75,31788.4,25407.65,0.0,0.0,0
1,TRANSFER,271161.74,0.0,0.0,0.0,0.0,0
1,TRANSFER,274108.4,0.0,0.0,2062932.43,1254956.07,0
1,DEBIT,2676.97,94551.0,91874.03,54856.21,0.0,0
1,PAYMENT,7512.61,20574.0,13061.39,0.0,0.0,0
1,PAYMENT,8612.28,137974.0,129361.72,0.0,0.0,0
1,PAYMENT,413.4,56237.03,55823.63,0.0,0.0,0
1,PAYMENT,6794.39,55823.63,49029.24,0.0,0.0,0
1,PAYMENT,9247.18,5582.0,0.0,0.0,0.0,0
1,PAYMENT,2821.51,0.0,0.0,0.0,0.0,0
1,TRANSFER,378703.81,31813.0,0.0,6353.62,22774.25,0
1,PAYMENT,9818.95,151.0,0.0,0.0,0.0,0
1,PAYMENT,13268.46,5881.44,0.0,0.0,0.0,0
1,CASH_IN,378896.52,0.0,378896.52,3472520.59,3554299.27,0
1,CASH_IN,65671.39,378896.52,444567.92,1941128.49,2444985.19,0
1,CASH_IN,35492.2,444567.92,480060.12,377569.57,0.0,0
1,CASH_IN,18510.43,480060.12,498570.55,20801.0,34361.39,0
1,CASH_IN,83587.86,498570.55,582158.41,271161.74,0.0,0
1,CASH_IN,62455.76,582158.41,644614.17,171158.16,16518.36,0
1,CASH_IN,44708.03,644614.17,689322.19,51569.17,9940339.29,0
1,CASH_IN,343189.13,689322.19,1032511.32,8906586.96,10700000.0,0
1,CASH_IN,60215.46,1032511.32,1092726.78,83172.04,0.0,0
1,CASH_IN,235288.68,1092726.78,1328015.46,3093624.06,3554299.27,0
1,CASH_IN,206955.99,1328015.46,1534971.46,2027750.76,1015132.48,0
1,CASH_IN,383446.61,1534971.46,1918418.07,2337040.82,1254956.07,0
1,CASH_IN,145095.94,1918418.07,2063514.01,1187275.85,1186556.81,0
1,CASH_IN,300632.87,2063514.01,2364146.87,385057.43,22774.25,0
1,CASH_IN,119081.76,2364146.87,2483228.64,2762216.66,1412484.09,0
1,CASH_IN,203148.34,2483228.64,2686376.98,1134980.28,424250.45,0
1,CASH_IN,104335.07,2686376.98,2790712.05,1875457.1,2444985.19,0
1,CASH_IN,251482.63,2790712.05,3042194.68,2643134.89,1412484.09,0
1,CASH_IN,92784.06,3042194.68,3134978.74,119296.99,22233.65,0
1,CASH_IN,21670.38,3134978.74,3156649.13,54530.44,1891.79,0
1,CASH_IN,175443.85,3156649.13,3332092.98,2918681.63,3420103.09,0
1,CASH_IN,226031.29,3332092.98,3558124.26,1953594.21,1254956.07,0
1,CASH_IN,234052.7,3558124.26,3792176.96,751734.62,130747.56,0
1,CASH_IN,229848.96,3792176.96,4022025.93,1042179.91,1186556.81,0
1,CASH_IN,111655.85,4022025.93,4133681.78,565797.08,247063.16,0
1,CASH_IN,51284.87,4133681.78,4184966.65,6054544.78,6453430.91,0
1,CASH_IN,270.78,4184966.65,4185237.43,3019.0,0.0,0
1,CASH_IN,154442.99,4185237.43,4339680.42,315983.22,185389.8,0
1,CASH_IN,34918.59,4339680.42,4374599.01,66604.54,18627.02,0
1,CASH_IN,57262.72,4374599.01,4431861.74,72917.77,16896.7,0
1,CASH_IN,189703.56,4431861.74,4621565.3,477147.47,55974.56,0
1,CASH_IN,288838.13,4621565.3,4910403.44,517681.93,130747.56,0
1,CASH_IN,61505.91,4910403.44,4910403.44,4910403.44,10600000.0,0
1,CASH_IN,404167.6,4910403.44,4910403.44,4910403.44,10600000.0,0
1,CASH_IN,57323.56,4910403.44,4967726.99,99774.27,42450.71,0
1,CASH_IN,68988.21,4967726.99,5036715.2,1820794.77,1015132.48,0
1,CASH_IN,74230.21,5036715.2,5110945.41,19400000.0,19200000.0,0
1,CASH_IN,377287.8,5110945.41,5488233.21,2256095.33,971418.91,0
1,CASH_IN,185897.79,5488233.21,5674131.0,390209.15,23508.22,0
1,CASH_IN,173842.23,5674131.0,5847973.23,231914.67,66575.5,0
1,CASH_IN,31646.31,5847973.23,5879619.54,58072.44,66575.5,0
1,CASH_IN,48134.99,5879619.54,5927754.53,55211.3,0.0,0
1,CASH_IN,229982.47,5927754.53,6157737.0,1727562.92,1254956.07,0
1,CASH_IN,216806.48,6157737.0,6374543.48,1497580.45,1254956.07,0
1,CASH_IN,117257.18,6374543.48,6491800.66,204311.36,23508.22,0
1,CASH_IN,174413.77,6491800.66,6666214.43,213713.99,46393.85,0
1,CASH_IN,72897.92,6666214.43,6739112.35,327169.9,4891090.56,0
1,CASH_IN,82564.24,6739112.35,6821676.59,342077.36,0.0,0
1,CASH_IN,63764.9,6821676.59,6885441.49,445655.6,215851.28,0
1,CASH_IN,183074.81,6885441.49,7068516.3,187573.89,0.0,0
1,CASH_IN,223744.8,7068516.3,7292261.09,454141.23,247063.16,0
1,CASH_IN,46179.38,7292261.09,7338440.47,306791.16,0.0,0
1,CASH_IN,91611.03,7338440.47,7430051.5,931831.94,424250.45,0
1,CASH_IN,128022.19,7430051.5,7558073.69,2756959.24,2107778.11,0
1,CASH_IN,157949.72,7558073.69,7716023.4,1878807.53,971418.91,0
1,CASH_IN,26516.56,7716023.4,7742539.96,63127.8,8383.29,0
1,CASH_IN,105647.45,7742539.96,7848187.42,126541.52,265092.36,0
1,CASH_IN,61858.19,7848187.42,7910045.61,1720857.81,971418.91,0
1,CASH_IN,245041.35,7910045.61,8155086.95,1658999.62,971418.91,0
1,CASH_IN,42922.81,8155086.95,8198009.76,87054.17,23508.22,0
1,CASH_IN,137465.55,8198009.76,8335475.31,1066345.61,500631.71,0
1,CASH_IN,170207.14,8335475.31,8505682.45,259513.13,0.0,0
1,CASH_IN,18513.77,8505682.45,8524196.22,2858335.38,3554299.27,0
1,CASH_IN,199318.34,8524196.22,8723514.56,260611.78,0.0,0
1,CASH_IN,26295.3,8723514.56,8749809.86,13900000.0,16900000.0,0
1,CASH_IN,111549.83,8749809.86,8861359.69,208152.76,277515.05,0
1,CASH_IN,56912.01,8861359.69,8918271.71,108462.08,0.0,0
1,CASH_IN,414285.51,8918271.71,9332557.22,614630.33,60738.03,0
1,CASH_IN,298109.36,9332557.22,9630666.58,493746.17,9291619.62,0
1,CASH_IN,269736.99,9630666.58,9900403.57,473512.63,32092.07,0
1,CASH_IN,18622.16,9900403.57,9919025.73,55379.84,36757.68,0
1,CASH_IN,183816.31,9919025.73,10100000.0,2391652.26,1412484.09,0
1,CASH_IN,143405.8,10100000.0,10200000.0,195636.81,9291619.62,0
1,PAYMENT,449.97,13030.57,12580.6,0.0,0.0,0
1,PAYMENT,2743.55,12580.6,9837.06,0.0,0.0,0
1,PAYMENT,1548.73,38285.31,36736.58,0.0,0.0,0
1,PAYMENT,4828.43,36736.58,31908.14,0.0,0.0,0
1,PAYMENT,1737.12,31908.14,30171.02,0.0,0.0,0
1,PAYMENT,1089.31,30171.02,29081.71,0.0,0.0,0
1,PAYMENT,5237.7,29081.71,23844.01,0.0,0.0,0
1,PAYMENT,3364.48,23844.01,20479.53,0.0,0.0,0
1,PAYMENT,1889.41,20479.53,18590.13,0.0,0.0,0
1,PAYMENT,2685.44,11302.0,8616.56,0.0,0.0,0
1,PAYMENT,1238.08,8616.56,7378.48,0.0,0.0,0
1,PAYMENT,17994.24,7378.48,0.0,0.0,0.0,0
1,PAYMENT,6396.49,458.0,0.0,0.0,0.0,0
1,PAYMENT,2380.21,6003259.91,6000879.7,0.0,0.0,0
1,CASH_OUT,139754.72,6000879.7,5861124.98,2474475.78,2719172.89,0
1,PAYMENT,8787.63,50784.0,41996.37,0.0,0.0,0
1,DEBIT,2261.24,3183.0,921.76,840220.91,424250.45,0
1,DEBIT,2807.73,1704.0,0.0,15655.05,16896.7,0
1,PAYMENT,4247.14,49049.96,44802.82,0.0,0.0,0
1,PAYMENT,4504.48,44802.82,40298.34,0.0,0.0,0
1,PAYMENT,3051.76,236272.0,233220.24,0.0,0.0,0
1,PAYMENT,5675.84,224.0,0.0,0.0,0.0,0
1,DEBIT,194.4,30364.0,30169.6,29741.84,31469.78,0
1,PAYMENT,8176.58,820.0,0.0,0.0,0.0,0
1,PAYMENT,4074.17,574.0,0.0,0.0,0.0,0
1,PAYMENT,13695.83,27392.0,13696.17,0.0,0.0,0
1,PAYMENT,8092.22,595.0,0.0,0.0,0.0,0
1,CASH_OUT,286803.5,0.0,0.0,774294.17,157982.12,0
1,PAYMENT,3620.25,22956.58,19336.33,0.0,0.0,0
1,CASH_OUT,153952.87,19336.33,0.0,2207835.95,1412484.09,0
1,PAYMENT,1335.03,2043.0,707.97,0.0,0.0,0
1,PAYMENT,96.32,41255.0,41158.68,0.0,0.0,0
1,TRANSFER,412906.88,10353.0,0.0,20894.07,265092.36,0
1,TRANSFER,288638.46,0.0,0.0,1106431.03,1567434.81,0
1,PAYMENT,2918.83,158.0,0.0,0.0,0.0,0
1,PAYMENT,4852.65,30128.26,25275.61,0.0,0.0,0
1,PAYMENT,13343.47,25275.61,11932.14,0.0,0.0,0
1,DEBIT,1672.55,50419.0,48746.45,381890.69,215851.28,0
1,PAYMENT,1020.89,75771.0,74750.11,0.0,0.0,0
1,PAYMENT,4440.79,49624.0,45183.21,0.0,0.0,0
1,PAYMENT,12271.39,715.0,0.0,0.0,0.0,0
1,TRANSFER,379953.15,121856.0,0.0,19826.79,387263.02,0
1,PAYMENT,9198.49,5970.0,0.0,0.0,0.0,0
1,PAYMENT,660.52,35451.0,34790.48,0.0,0.0,0
1,PAYMENT,3485.64,460.0,0.0,0.0,0.0,0
1,PAYMENT,413.84,26512.93,26099.09,0.0,0.0,0
1,PAYMENT,3865.44,26099.09,22233.65,0.0,0.0,0
1,CASH_OUT,124832.65,128.0,0.0,4795.0,122027.28,0
1,TRANSFER,302151.25,166321.0,0.0,1786.0,193018.94,0
1,PAYMENT,1854.51,2244.0,389.49,0.0,0.0,0
1,PAYMENT,2850.6,51550.07,48699.47,0.0,0.0,0
1,CASH_OUT,130905.88,48699.47,0.0,433800.95,265092.36,0
1,PAYMENT,8782.48,21368.0,12585.52,0.0,0.0,0
1,CASH_IN,254286.27,22351.0,276637.27,11155.0,0.0,0
1,PAYMENT,10239.16,276637.27,266398.11,0.0,0.0,0
1,TRANSFER,7276.69,93.0,0.0,1463.0,0.0,0
1,DEBIT,4993.81,20801.0,15807.19,120766.35,5203.54,0
1,DEBIT,8531.44,2080.0,0.0,31817.35,40348.79,0
1,PAYMENT,4297.27,7468.0,3170.73,0.0,0.0,0
1,PAYMENT,7287.73,3170.73,0.0,0.0,0.0,0
1,PAYMENT,5375.2,81625.0,76249.8,0.0,0.0,0
1,PAYMENT,3830.45,84182.0,80351.55,0.0,0.0,0
1,TRANSFER,70543.76,80351.55,9807.8,1061097.67,157982.12,0
1,PAYMENT,3558.79,20791.0,17232.21,0.0,0.0,0
1,PAYMENT,6891.56,41921.0,35029.44,0.0,0.0,0
1,PAYMENT,2875.66,399779.94,396904.27,0.0,0.0,0
1,PAYMENT,4632.68,396904.27,392271.59,0.0,0.0,0
1,PAYMENT,13693.11,392271.59,378578.48,0.0,0.0,0
1,TRANSFER,81222.77,180207.0,98984.23,3243462.05,3461666.05,0
1,DEBIT,2801.1,661.0,0.0,10505.0,3883.96,0
1,TRANSFER,273951.34,0.0,0.0,9392554.49,12500000.0,0
1,TRANSFER,490341.11,20846.0,0.0,0.0,593737.38,0
1,PAYMENT,226.29,11762.0,11535.71,0.0,0.0,0
1,CASH_OUT,204691.97,11535.71,0.0,564706.83,265092.36,0
1,PAYMENT,3399.54,40264.0,36864.46,0.0,0.0,0
1,PAYMENT,261.95,1803.0,1541.05,0.0,0.0,0
1,PAYMENT,1815.83,383563.24,381747.41,0.0,0.0,0
1,PAYMENT,10287.6,381747.41,371459.81,0.0,0.0,0
1,DEBIT,2633.08,124905.0,122271.92,17146.0,0.0,0
1,PAYMENT,8818.07,56054.0,47235.93,0.0,0.0,0
1,PAYMENT,271.77,23550.87,23279.1,0.0,0.0,0
1,PAYMENT,7017.21,23279.1,16261.9,0.0,0.0,0
1,PAYMENT,16709.74,26396.0,9686.26,0.0,0.0,0
1,PAYMENT,2020.04,9686.26,7666.22,0.0,0.0,0
1,PAYMENT,3601.28,10621.0,7019.72,0.0,0.0,0
1,DEBIT,6027.22,277100.0,271072.78,2628937.05,2107778.11,0
1,PAYMENT,7886.77,10863.0,2976.23,0.0,0.0,0
1,TRANSFER,421520.68,80772.0,0.0,31429.67,290772.6,0
1,PAYMENT,2444.49,31454.0,29009.51,0.0,0.0,0
1,PAYMENT,2786.6,29009.51,26222.91,0.0,0.0,0
1,PAYMENT,2186.58,46265.0,44078.42,0.0,0.0,0
1,CASH_OUT,265803.38,2634964.27,2369160.89,20480.0,141110.62,0
1,PAYMENT,12363.37,2369160.89,2356797.53,0.0,0.0,0
1,DEBIT,3014.72,31568.0,28553.28,25407.65,28422.37,0
1,TRANSFER,9533.48,13056.0,3522.52,888.0,0.0,0
1,TRANSFER,139555.44,19466.0,0.0,0.0,139555.44,0
1,PAYMENT,13525.15,173.0,0.0,0.0,0.0,0
1,PAYMENT,5134.7,341.0,0.0,0.0,0.0,0
1,PAYMENT,4881.15,30241.0,25359.85,0.0,0.0,0
1,CASH_OUT,130470.14,25359.85,0.0,1280773.97,1254956.07,0
1,TRANSFER,722161.86,11120.0,0.0,0.0,708608.07,0
1,PAYMENT,5085.47,104537.0,99451.53,0.0,0.0,0
1,PAYMENT,4617.63,61807.0,57189.37,0.0,0.0,0
1,PAYMENT,3941.6,128.0,0.0,0.0,0.0,0
1,PAYMENT,1471.39,0.0,0.0,0.0,0.0,0
1,PAYMENT,5480.96,379457.0,373976.04,0.0,0.0,0
1,PAYMENT,1834.74,40061.0,38226.26,0.0,0.0,0
1,CASH_IN,365914.64,1314.0,367228.64,0.0,0.0,0
1,PAYMENT,16472.92,367228.64,350755.71,0.0,0.0,0
1,PAYMENT,31922.09,350755.71,318833.62,0.0,0.0,0
1,PAYMENT,6450.56,2006.0,0.0,0.0,0.0,0
1,CASH_OUT,315325.25,0.0,0.0,5341103.79,5515763.34,0
1,PAYMENT,2869.11,116740.0,113870.89,0.0,0.0,0
1,PAYMENT,2738.86,12622.0,9883.14,0.0,0.0,0
1,CASH_IN,60503.37,18465.0,78968.37,55118.2,0.0,0
1,PAYMENT,450.55,12203.0,11752.45,0.0,0.0,0
1,DEBIT,8161.64,99379.0,91217.36,490341.11,593737.38,0
1,TRANSFER,40149.38,287443.9,247294.52,26426.12,66575.5,0
1,PAYMENT,5829.39,247294.52,241465.13,0.0,0.0,0
1,PAYMENT,9119.89,241465.13,232345.24,0.0,0.0,0
1,PAYMENT,3854.39,11049.0,7194.61,0.0,0.0,0
1,PAYMENT,1053.13,107327.0,106273.87,0.0,0.0,0
1,PAYMENT,7296.95,12853.74,5556.8,0.0,0.0,0
1,PAYMENT,9114.34,5556.8,0.0,0.0,0.0,0
1,PAYMENT,18625.28,0.0,0.0,0.0,0.0,0
1,PAYMENT,2134.11,0.0,0.0,0.0,0.0,0
1,PAYMENT,3743.03,0.0,0.0,0.0,0.0,0
1,PAYMENT,17457.7,0.0,0.0,0.0,0.0,0
1,PAYMENT,1098.78,0.0,0.0,0.0,0.0,0
1,PAYMENT,1393.49,0.0,0.0,0.0,0.0,0
1,PAYMENT,3466.83,0.0,0.0,0.0,0.0,0
1,PAYMENT,12960.72,0.0,0.0,0.0,0.0,0
1,PAYMENT,3383.61,0.0,0.0,0.0,0.0,0
1,PAYMENT,3285.68,0.0,0.0,0.0,0.0,0
1,PAYMENT,4898.07,0.0,0.0,0.0,0.0,0
1,PAYMENT,9642.19,0.0,0.0,0.0,0.0,0
1,PAYMENT,1919.77,0.0,0.0,0.0,0.0,0
1,PAYMENT,21820.68,0.0,0.0,0.0,0.0,0
1,PAYMENT,18187.81,0.0,0.0,0.0,0.0,0
1,PAYMENT,23069.76,0.0,0.0,0.0,0.0,0
1,PAYMENT,6820.53,0.0,0.0,0.0,0.0,0
1,PAYMENT,2635.06,105.0,0.0,0.0,0.0,0
1,PAYMENT,5371.1,14805.0,9433.9,0.0,0.0,0
1,CASH_OUT,358124.44,19909.0,0.0,5042517.42,4619798.56,0
1,PAYMENT,2645.88,94.0,0.0,0.0,0.0,0
1,DEBIT,5454.05,86214.0,80759.95,18590.13,24044.18,0
1,PAYMENT,2691.57,11618.0,8926.43,0.0,0.0,0
1,DEBIT,3269.57,57324.0,54054.43,20445.0,0.0,0
1,PAYMENT,3623.4,39410.0,35786.6,0.0,0.0,0
1,PAYMENT,102.37,43046.0,42943.63,0.0,0.0,0
1,PAYMENT,5601.3,7638.0,2036.7,0.0,0.0,0
1,CASH_OUT,151768.14,2036.7,0.0,179331.6,92307.65,0
1,PAYMENT,2725.19,14785.0,12059.81,0.0,0.0,0
1,PAYMENT,1534.54,12059.81,10525.28,0.0,0.0,0
1,PAYMENT,402.54,10525.28,10122.73,0.0,0.0,0
1,DEBIT,12617.81,10709.0,0.0,30393.0,0.0,0
1,PAYMENT,3631.87,13178.14,9546.27,0.0,0.0,0
1,CASH_OUT,333946.96,9546.27,0.0,4921976.75,22190.99,0
1,PAYMENT,7648.78,1596.0,0.0,0.0,0.0,0
1,PAYMENT,11679.19,30414.0,18734.81,0.0,0.0,0
1,PAYMENT,272.8,101473.0,101200.2,0.0,0.0,0
1,PAYMENT,1380.95,32860.06,31479.11,0.0,0.0,0
1,CASH_OUT,29587.32,31479.11,1891.79,1751806.56,1015132.48,0
1,PAYMENT,1056.64,5578.0,4521.36,0.0,0.0,0
1,PAYMENT,2515.46,270.0,0.0,0.0,0.0,0
1,DEBIT,6077.94,73904.0,67826.06,11082.0,0.0,0
1,DEBIT,8648.45,6734.0,0.0,11010.0,0.0,0
1,DEBIT,5264.43,326183.0,320918.57,20989.0,0.0,0
1,PAYMENT,3821.75,10183.0,6361.25,0.0,0.0,0
1,PAYMENT,4920.42,49478.0,44557.58,0.0,0.0,0
1,PAYMENT,5635.6,31710.42,26074.82,0.0,0.0,0
1,PAYMENT,11508.76,26074.82,14566.06,0.0,0.0,0
1,PAYMENT,2147.21,101336.0,99188.79,0.0,0.0,0
1,PAYMENT,8380.77,119.0,0.0,0.0,0.0,0
1,PAYMENT,3850.6,2839821.61,2835971.01,0.0,0.0,0
1,PAYMENT,5238.73,2835971.01,2830732.28,0.0,0.0,0
1,PAYMENT,6173.13,100312.0,94138.87,0.0,0.0,0
1,PAYMENT,1196.9,1956340.01,1955143.11,0.0,0.0,0
1,PAYMENT,150.07,1955143.11,1954993.04,0.0,0.0,0
1,PAYMENT,624.1,1954993.04,1954368.93,0.0,0.0,0
1,PAYMENT,1012.86,284879.0,283866.14,0.0,0.0,0
1,PAYMENT,3688.28,32528.0,28839.72,0.0,0.0,0
1,TRANSFER,26112.94,29008.0,2895.06,0.0,2608.64,0
1,CASH_OUT,286590.92,2895.06,0.0,2830732.28,3554299.27,0
1,PAYMENT,5430.53,12096.0,6665.47,0.0,0.0,0
1,PAYMENT,13840.98,7252.0,0.0,0.0,0.0,0
1,PAYMENT,11479.22,179.0,0.0,0.0,0.0,0
1,CASH_OUT,119570.96,0.0,0.0,5255923.71,22190.99,0
1,DEBIT,818.99,35335.0,34516.01,11932.14,18910.85,0
1,PAYMENT,2736.66,10145.0,7408.34,0.0,0.0,0
1,PAYMENT,6166.35,10704.0,4537.65,0.0,0.0,0
1,PAYMENT,4052.14,107305.0,103252.86,0.0,0.0,0
1,PAYMENT,6730.59,43809.91,37079.31,0.0,0.0,0
1,TRANSFER,259096.62,37079.31,0.0,272725.11,353532.56,0
1,TRANSFER,21502.38,0.0,0.0,2361788.82,1412484.09,0
1,PAYMENT,1810.88,27574.0,25763.12,0.0,0.0,0
1,PAYMENT,700.86,859272.0,858571.14,0.0,0.0,0
1,DEBIT,7273.9,31264.0,23990.1,161540.23,185389.8,0
1,PAYMENT,4845.31,5998.0,1152.69,0.0,0.0,0
1,PAYMENT,1153.98,20432.0,19278.02,0.0,0.0,0
1,PAYMENT,1624.03,3079.0,1454.97,0.0,0.0,0
1,PAYMENT,8076.53,172012.0,163935.47,0.0,0.0,0
1,PAYMENT,1313.6,21210.0,19896.4,0.0,0.0,0
1,PAYMENT,6128.41,91737.45,85609.04,0.0,0.0,0
1,PAYMENT,11301.82,85609.04,74307.22,0.0,0.0,0
1,PAYMENT,4508.96,74307.22,69798.26,0.0,0.0,0
1,PAYMENT,2588.24,69798.26,67210.02,0.0,0.0,0
1,PAYMENT,909.33,67210.02,66300.68,0.0,0.0,0
1,PAYMENT,7123.18,66300.68,59177.5,0.0,0.0,0
1,PAYMENT,4449.8,59177.5,54727.71,0.0,0.0,0
1,PAYMENT,663.34,54727.71,54064.37,0.0,0.0,0
1,PAYMENT,4043.76,54064.37,50020.61,0.0,0.0,0
1,PAYMENT,15350.84,50020.61,34669.76,0.0,0.0,0
1,PAYMENT,11917.23,34669.76,22752.54,0.0,0.0,0
1,PAYMENT,14145.51,22752.54,8607.03,0.0,0.0,0
1,PAYMENT,28301.88,8607.03,0.0,0.0,0.0,0
1,PAYMENT,6976.97,0.0,0.0,0.0,0.0,0
1,PAYMENT,19572.25,0.0,0.0,0.0,0.0,0
1,PAYMENT,17389.94,0.0,0.0,0.0,0.0,0
1,PAYMENT,12123.91,0.0,0.0,0.0,0.0,0
1,PAYMENT,20007.91,0.0,0.0,0.0,0.0,0
1,PAYMENT,18389.77,0.0,0.0,0.0,0.0,0
1,PAYMENT,5947.8,0.0,0.0,0.0,0.0,0
1,PAYMENT,804.16,0.0,0.0,0.0,0.0,0
1,PAYMENT,14711.9,0.0,0.0,0.0,0.0,0
1,PAYMENT,2407.47,0.0,0.0,0.0,0.0,0
1,PAYMENT,2074.51,12318.0,10243.49,0.0,0.0,0
1,PAYMENT,5711.01,3967693.52,3961982.51,0.0,0.0,0
1,PAYMENT,21897.3,3961982.51,3940085.21,0.0,0.0,0
1,PAYMENT,5462.01,26289.0,20826.99,0.0,0.0,0
1,PAYMENT,2185.54,20826.99,18641.45,0.0,0.0,0
1,DEBIT,5655.43,131875.0,126219.57,61293.45,0.0,0
1,PAYMENT,727.94,103538.0,102810.06,0.0,0.0,0
1,PAYMENT,7868.9,601.0,0.0,0.0,0.0,0
1,PAYMENT,4029.56,106681.0,102651.44,0.0,0.0,0
1,DEBIT,2637.07,72159.0,69521.93,214505.46,1363368.51,0
1,PAYMENT,3129.06,9690.0,6560.94,0.0,0.0,0
1,PAYMENT,6899.83,1004.0,0.0,0.0,0.0,0
1,CASH_IN,38366.56,65466.0,103832.56,26686.0,0.0,0
1,PAYMENT,6778.32,1023.0,0.0,0.0,0.0,0
1,CASH_IN,96015.94,4184.0,100199.94,175.0,45881.29,0
1,PAYMENT,2304.2,131375.0,129070.8,0.0,0.0,0
1,PAYMENT,5575.09,5773.0,197.91,0.0,0.0,0
1,PAYMENT,1667.88,197.91,0.0,0.0,0.0,0
1,PAYMENT,24659.46,0.0,0.0,0.0,0.0,0
1,CASH_IN,221557.88,11599.0,233156.88,1781393.88,1015132.48,0
1,PAYMENT,1117.17,233156.88,232039.71,0.0,0.0,0
1,PAYMENT,7731.23,5816.0,0.0,0.0,0.0,0
1,CASH_OUT,69490.69,9326.0,0.0,20093.0,67268.02,0
1,PAYMENT,5437.85,13306.1,7868.25,0.0,0.0,0
1,PAYMENT,3984.3,7868.25,3883.96,0.0,0.0,0
1,PAYMENT,5630.13,50661.0,45030.87,0.0,0.0,0
1,PAYMENT,3399.78,28514.33,25114.55,0.0,0.0,0
1,PAYMENT,7883.75,25114.55,17230.8,0.0,0.0,0
1,PAYMENT,635.55,1131641.43,1131005.88,0.0,0.0,0
1,PAYMENT,2248.26,1131005.88,1128757.61,0.0,0.0,0
1,PAYMENT,9261.94,16752.0,7490.06,0.0,0.0,0
1,PAYMENT,9614.73,275664.0,266049.27,0.0,0.0,0
1,CASH_OUT,30308.45,88926.2,88926.2,88926.2,122750.49,0
1,PAYMENT,1012.84,88926.2,87913.35,0.0,0.0,0
1,PAYMENT,6534.05,11301.0,4766.95,0.0,0.0,0
1,PAYMENT,9460.66,204975.0,195514.34,0.0,0.0,0
1,PAYMENT,2552.79,5020.0,2467.21,0.0,0.0,0
1,PAYMENT,5912.4,286283.38,280370.98,0.0,0.0,0
1,PAYMENT,8009.83,280370.98,272361.15,0.0,0.0,0
1,PAYMENT,8625.97,22414.0,13788.03,0.0,0.0,0
1,TRANSFER,244964.08,18879.0,0.0,19600.0,204822.85,0
1,PAYMENT,5663.87,26090.0,20426.13,0.0,0.0,0
1,PAYMENT,1892.34,10863.0,8970.66,0.0,0.0,0
1,PAYMENT,561.01,30104.0,29542.99,0.0,0.0,0
1,PAYMENT,3218.06,52991.0,49772.94,0.0,0.0,0
1,PAYMENT,9731.47,6574.0,0.0,0.0,0.0,0
1,PAYMENT,4018.12,140777.0,136758.88,0.0,0.0,0
1,PAYMENT,6376.99,357871.0,351494.01,0.0,0.0,0
1,PAYMENT,5983.88,3530.0,0.0,0.0,0.0,0
1,PAYMENT,280.59,200148.0,199867.41,0.0,0.0,0
1,PAYMENT,5263.67,31429.0,26165.33,0.0,0.0,0
1,CASH_IN,176370.68,26165.33,202536.0,232345.24,55974.56,0
1,CASH_IN,62783.13,202536.0,265319.13,264564.08,204822.85,0
1,CASH_IN,90956.1,265319.13,356275.23,99452.72,8496.61,0
1,CASH_IN,120556.62,356275.23,476831.86,125760.16,5203.54,0
1,CASH_IN,475857.13,476831.86,952688.99,5400641.87,4619798.56,0
1,CASH_IN,239510.08,952688.99,1192199.07,1413958.28,971418.91,0
1,CASH_IN,50938.65,1192199.07,1243137.72,9666505.83,12500000.0,0
1,CASH_IN,288438.0,1243137.72,1531575.72,2082750.45,1517262.16,0
1,PAYMENT,10349.31,11497.0,1147.69,0.0,0.0,0
1,PAYMENT,7672.12,1147.69,0.0,0.0,0.0,0
1,PAYMENT,1203.13,0.0,0.0,0.0,0.0,0
1,PAYMENT,1635.86,0.0,0.0,0.0,0.0,0
1,PAYMENT,5072.52,0.0,0.0,0.0,0.0,0
1,PAYMENT,3176.52,0.0,0.0,0.0,0.0,0
1,PAYMENT,2891.7,0.0,0.0,0.0,0.0,0
1,PAYMENT,1557.98,0.0,0.0,0.0,0.0,0
1,PAYMENT,19316.5,0.0,0.0,0.0,0.0,0
1,PAYMENT,8212.99,0.0,0.0,0.0,0.0,0
1,PAYMENT,5284.56,0.0,0.0,0.0,0.0,0
1,PAYMENT,16265.77,0.0,0.0,0.0,0.0,0
1,PAYMENT,14054.64,0.0,0.0,0.0,0.0,0
1,PAYMENT,11334.96,0.0,0.0,0.0,0.0,0
1,PAYMENT,12445.65,0.0,0.0,0.0,0.0,0
1,PAYMENT,42.0,0.0,0.0,0.0,0.0,0
1,PAYMENT,10685.2,0.0,0.0,0.0,0.0,0
1,PAYMENT,5778.99,0.0,0.0,0.0,0.0,0
1,PAYMENT,7366.3,0.0,0.0,0.0,0.0,0
1,PAYMENT,10810.73,0.0,0.0,0.0,0.0,0
1,PAYMENT,5935.34,279695.0,273759.66,0.0,0.0,0
1,PAYMENT,8539.76,182.0,0.0,0.0,0.0,0
1,DEBIT,1703.38,10372.0,8668.62,498502.75,593737.38,0
1,PAYMENT,7566.04,56622.0,49055.96,0.0,0.0,0
1,PAYMENT,186.33,11411.0,11224.67,0.0,0.0,0
1,PAYMENT,10425.95,32602.0,22176.05,0.0,0.0,0
1,PAYMENT,4764.33,22176.05,17411.72,0.0,0.0,0
1,PAYMENT,9632.45,513.0,0.0,0.0,0.0,0
1,PAYMENT,1573.42,51582.0,50008.58,0.0,0.0,0
1,PAYMENT,9125.93,9.0,0.0,0.0,0.0,0
1,TRANSFER,119352.09,23714.57,0.0,96602.93,277515.05,0
1,TRANSFER,221452.04,0.0,0.0,277459.65,651524.92,0
1,TRANSFER,354832.51,2805.0,0.0,13865.06,233370.36,0
1,PAYMENT,3677.29,0.0,0.0,0.0,0.0,0
1,PAYMENT,16749.98,292.0,0.0,0.0,0.0,0
1,PAYMENT,10142.56,45914.0,35771.44,0.0,0.0,0
1,TRANSFER,182385.22,303937.25,121552.02,0.0,199873.79,0
1,PAYMENT,4448.53,121552.02,117103.5,0.0,0.0,0
1,CASH_IN,58408.09,36741.14,95149.22,7076.31,0.0,0
1,PAYMENT,141.87,95149.22,95007.35,0.0,0.0,0
1,PAYMENT,793.64,499843.0,499049.36,0.0,0.0,0
1,CASH_OUT,98247.27,107181.0,8933.73,0.0,54985.05,0
1,PAYMENT,7315.54,71224.0,63908.46,0.0,0.0,0
1,PAYMENT,3599.77,147145.0,143545.23,0.0,0.0,0
1,PAYMENT,6831.38,1088.0,0.0,0.0,0.0,0
1,PAYMENT,2419.45,331099.74,328680.29,0.0,0.0,0
1,CASH_OUT,94740.26,328680.29,233940.02,129814.74,58319.72,0
1,PAYMENT,6577.3,8089.0,1511.7,0.0,0.0,0
1,PAYMENT,12429.59,16231.0,3801.41,0.0,0.0,0
1,DEBIT,6522.37,842.0,0.0,40298.34,46820.71,0
1,PAYMENT,12762.36,15186.0,2423.64,0.0,0.0,0
1,PAYMENT,11287.39,335797.0,324509.61,0.0,0.0,0
1,PAYMENT,10884.19,36611.24,25727.05,0.0,0.0,0
1,PAYMENT,1592.5,25727.05,24134.55,0.0,0.0,0
1,PAYMENT,15751.26,24134.55,8383.29,0.0,0.0,0
1,PAYMENT,351.26,21120.0,20768.74,0.0,0.0,0
1,PAYMENT,3734.21,10421.48,6687.27,0.0,0.0,0
1,PAYMENT,8403.66,6687.27,0.0,0.0,0.0,0
1,PAYMENT,9945.01,44.0,0.0,0.0,0.0,0
1,PAYMENT,12491.01,0.0,0.0,0.0,0.0,0
1,PAYMENT,7889.84,31685.94,23796.11,0.0,0.0,0
1,PAYMENT,5169.09,23796.11,18627.02,0.0,0.0,0
1,PAYMENT,13496.51,109956.0,96459.49,0.0,0.0,0
1,DEBIT,3548.72,12427.0,8878.28,13271.31,16820.03,0
1,PAYMENT,9273.52,495212.0,485938.48,0.0,0.0,0
1,PAYMENT,4522.66,765296.0,760773.34,0.0,0.0,0
1,PAYMENT,997.34,103876.0,102878.66,0.0,0.0,0
1,PAYMENT,3041.43,592.0,0.0,0.0,0.0,0
1,PAYMENT,698.41,11382.0,10683.59,0.0,0.0,0
1,PAYMENT,7269.74,5546.0,0.0,0.0,0.0,0
1,PAYMENT,8329.3,20583.0,12253.7,0.0,0.0,0
1,PAYMENT,2312.71,0.0,0.0,0.0,0.0,0
1,PAYMENT,7550.29,0.0,0.0,0.0,0.0,0
1,PAYMENT,17396.31,0.0,0.0,0.0,0.0,0
1,PAYMENT,3876.42,19658.45,15782.02,0.0,0.0,0
1,PAYMENT,3835.42,15782.02,11946.6,0.0,0.0,0
1,PAYMENT,18792.11,11946.6,0.0,0.0,0.0,0
1,PAYMENT,27.55,6861.14,6833.58,0.0,0.0,0
1,CASH_IN,218753.79,6833.58,225587.37,498911.69,651524.92,0
1,CASH_IN,42963.87,225587.37,268551.25,1794312.45,1517262.16,0
1,CASH_IN,92184.04,268551.25,360735.28,108702.4,16518.36,0
1,CASH_IN,669936.4,360735.28,1030671.68,10200000.0,10600000.0,0
1,CASH_IN,43198.52,1030671.68,1073870.2,812014.43,965870.05,0
1,CASH_IN,171683.57,1073870.2,1245553.78,203775.64,32092.07,0
1,CASH_IN,34784.78,1245553.78,1280338.56,812330.95,1186556.81,0
1,CASH_IN,521419.58,1280338.56,1801758.14,1950906.37,1178808.14,0
1,CASH_IN,209859.04,1801758.14,2011617.19,769398.8,265092.36,0
1,CASH_IN,61650.32,2011617.19,2073267.5,84424.56,22774.25,0
1,CASH_IN,235362.23,2073267.5,2308629.73,1128757.61,157982.12,0
1,CASH_IN,327686.42,2308629.73,2636316.14,4924784.73,4619798.56,0
1,CASH_IN,348463.93,2636316.14,2984780.07,1531575.72,1114787.21,0
1,CASH_IN,137209.38,2984780.07,3121989.46,224555.0,58319.72,0
1,CASH_IN,279846.24,3121989.46,3401835.7,559539.76,265092.36,0
1,CASH_IN,159270.52,3401835.7,3561106.22,842482.15,424250.45,0
1,CASH_IN,19872.97,3561106.22,3580979.18,168814.13,185389.8,0
1,CASH_IN,203283.36,3580979.18,3784262.55,253147.73,49864.36,0
1,CASH_IN,37475.31,3784262.55,3821737.86,5375494.66,22190.99,0
1,CASH_IN,151764.65,3821737.86,3973502.51,531821.73,353532.56,0
1,CASH_IN,72311.62,3973502.51,4045814.13,132019.96,52415.15,0
1,CASH_IN,198443.49,4045814.13,4244257.62,452950.35,290772.6,0
1,CASH_IN,532111.14,4244257.62,4776368.76,893395.39,157982.12,0
1,CASH_IN,839300.36,4776368.76,5615669.12,2383291.2,1412484.09,0
1,CASH_IN,11436.9,5615669.12,5627106.02,26612.0,235238.66,0
1,CASH_IN,37554.62,5627106.02,5664660.65,2680742.79,2025098.66,0
1,CASH_IN,33499.16,5664660.65,5698159.8,5656429.04,5515763.34,0
1,CASH_IN,283308.0,5698159.8,5981467.81,2356797.53,2107778.11,0
1,CASH_IN,147844.59,5981467.81,6129312.4,228843.79,130747.56,0
1,CASH_IN,65525.9,6129312.4,6194838.3,129627.65,122027.28,0
1,CASH_IN,10844.67,6194838.3,6205682.96,16261.9,5417.23,0
1,CASH_IN,455440.65,6205682.96,6661123.62,5861124.98,6453430.91,0
1,CASH_IN,135327.21,6661123.62,6796450.83,368697.57,233370.36,0
1,CASH_IN,211094.41,6796450.83,7007545.23,447894.4,97263.78,0
1,CASH_IN,189595.83,7007545.23,7197141.06,254271.98,4891090.56,0
1,CASH_IN,66413.56,7197141.06,7263554.62,19300000.0,19200000.0,0
1,PAYMENT,4552.47,134533.0,129980.53,0.0,0.0,0
1,DEBIT,1285.04,285362.0,284076.96,20968.7,17860.54,0
1,PAYMENT,7627.89,5558.0,0.0,0.0,0.0,0
1,PAYMENT,846.91,20272.0,19425.09,0.0,0.0,0
1,TRANSFER,206336.47,89305.99,0.0,64101.75,122027.28,0
1,PAYMENT,689.85,0.0,0.0,0.0,0.0,0
1,DEBIT,9837.13,1792.0,0.0,318833.62,178120.16,0
1,PAYMENT,9463.48,0.0,0.0,0.0,0.0,0
1,PAYMENT,6456.26,200344.82,193888.56,0.0,0.0,0
1,CASH_OUT,96833.52,193888.56,97055.04,270438.22,122027.28,0
1,PAYMENT,1146.72,10248.0,9101.28,0.0,0.0,0
1,PAYMENT,13812.23,10370.0,0.0,0.0,0.0,0
1,CASH_OUT,332573.12,20426.0,0.0,80999.2,130747.56,0
1,PAYMENT,13812.46,30933.0,17120.54,0.0,0.0,0
1,DEBIT,6159.72,24815.0,18655.28,12751.13,18910.85,0
1,DEBIT,11711.1,20979.0,9267.9,39300.22,46393.85,0
1,PAYMENT,5881.78,39847.0,33965.22,0.0,0.0,0
1,PAYMENT,1461.06,226.0,0.0,0.0,0.0,0
1,DEBIT,4242.85,1040.0,0.0,6371.65,96.88,0
1,PAYMENT,2724.24,453534.0,450809.76,0.0,0.0,0
1,DEBIT,2344.79,1102.0,0.0,1559836.0,1015132.48,0
1,PAYMENT,8525.08,0.0,0.0,0.0,0.0,0
1,PAYMENT,15640.06,0.0,0.0,0.0,0.0,0
1,DEBIT,1533.55,45093.0,43559.45,29936.24,31469.78,0
1,DEBIT,3256.43,10935.0,7678.57,26222.91,29479.34,0
1,PAYMENT,4591.98,52018.0,47426.02,0.0,0.0,0
1,PAYMENT,5567.55,870.0,0.0,0.0,0.0,0
1,PAYMENT,4213.36,233618.0,229404.64,0.0,0.0,0
1,PAYMENT,3970.45,11349.0,7378.55,0.0,0.0,0
1,DEBIT,4497.03,45795.0,41297.97,24762.8,23174.68,0
1,TRANSFER,301706.01,33251.0,0.0,1594.8,502480.02,0
1,PAYMENT,3065.41,27404.0,24338.59,0.0,0.0,0
1,TRANSFER,229316.19,24338.59,0.0,1395069.49,1567434.81,0
1,DEBIT,1898.84,102280.0,100381.16,11395.41,0.0,0
1,PAYMENT,652.67,280.0,0.0,0.0,0.0,0
1,PAYMENT,1795.14,35474.0,33678.86,0.0,0.0,0
1,PAYMENT,5088.99,26760.0,21671.01,0.0,0.0,0
1,PAYMENT,9305.93,20346.0,11040.07,0.0,0.0,0
1,TRANSFER,498178.68,8708.0,0.0,46204.7,897150.84,0
1,PAYMENT,1897.66,12038.0,10140.34,0.0,0.0,0
1,PAYMENT,1033.44,10043.0,9009.56,0.0,0.0,0
1,PAYMENT,1252.27,31919.0,30666.73,0.0,0.0,0
1,PAYMENT,4911.89,6119.0,1207.11,0.0,0.0,0
1,DEBIT,9755.38,102287.0,92531.62,1174448.2,971418.91,0
1,TRANSFER,300932.58,492.0,0.0,0.0,1268668.92,0
1,TRANSFER,47940.14,0.0,0.0,1429486.78,1178808.14,0
1,TRANSFER,118365.47,0.0,0.0,1771122.03,2444985.19,0
1,TRANSFER,16626.81,0.0,0.0,2073489.52,2107778.11,0
1,TRANSFER,96757.4,0.0,0.0,3117323.21,3554299.27,0
1,TRANSFER,297448.33,0.0,0.0,8563397.83,10700000.0,0
1,TRANSFER,287509.05,0.0,0.0,300932.58,1268668.92,0
1,TRANSFER,1212719.61,0.0,0.0,9615567.18,12500000.0,0
1,TRANSFER,210650.2,0.0,0.0,217142.53,1363368.51,0
1,TRANSFER,1636507.63,0.0,0.0,10800000.0,12500000.0,0
1,TRANSFER,651387.84,0.0,0.0,5405684.33,6453430.91,0
1,TRANSFER,548288.31,0.0,0.0,13900000.0,16900000.0,0
1,TRANSFER,2107293.71,0.0,0.0,8860846.16,10700000.0,0
1,TRANSFER,1918461.7,0.0,0.0,2490204.7,3997768.55,0
1,TRANSFER,291753.7,0.0,0.0,11000000.0,10700000.0,0
1,TRANSFER,556542.19,0.0,0.0,1183111.79,1114787.21,0
1,DEBIT,588.33,15573.0,14984.67,599617.53,557537.26,0
1,PAYMENT,3559.49,69159.81,65600.32,0.0,0.0,0
1,PAYMENT,2488.09,65600.32,63112.23,0.0,0.0,0
1,PAYMENT,353.9,3.0,0.0,0.0,0.0,0
1,PAYMENT,8440.86,14189.75,5748.89,0.0,0.0,0
1,PAYMENT,9160.94,5748.89,0.0,0.0,0.0,0
1,PAYMENT,11063.08,342818.0,331754.92,0.0,0.0,0
1,PAYMENT,18392.23,297085.0,278692.77,0.0,0.0,0
1,PAYMENT,2357.63,887.0,0.0,0.0,0.0,0
1,PAYMENT,5157.05,1667.92,0.0,0.0,0.0,0
1,PAYMENT,5746.44,0.0,0.0,0.0,0.0,0
1,PAYMENT,5607.36,5202.0,0.0,0.0,0.0,0
1,PAYMENT,6360.79,3731.0,0.0,0.0,0.0,0
1,CASH_IN,67200.07,108912.0,176112.07,0.0,0.0,0
1,PAYMENT,2453.34,35411.0,32957.66,0.0,0.0,0
1,PAYMENT,79.26,4597098.32,4597019.06,0.0,0.0,0
1,PAYMENT,3758.16,4597019.06,4593260.9,0.0,0.0,0
1,PAYMENT,24495.45,4593260.9,4568765.44,0.0,0.0,0
1,PAYMENT,1284.49,42110.0,40825.51,0.0,0.0,0
1,PAYMENT,3283.87,5338019.35,5334735.48,0.0,0.0,0
1,TRANSFER,42136.28,5334735.48,5292599.2,46303.0,57472.15,0
1,TRANSFER,27008.84,5292599.2,5265590.36,37097.33,64106.18,0
1,TRANSFER,331545.25,5265590.36,4934045.11,1543990.84,1412484.09,0
1,TRANSFER,42529.28,4934045.11,4891515.83,87913.35,122750.49,0
1,TRANSFER,252129.73,4891515.83,4639386.1,844104.14,420946.86,0
1,TRANSFER,473469.94,4639386.1,4165916.16,2743237.78,3420103.09,0
1,TRANSFER,2317408.88,4165916.16,1848507.28,14400000.0,16900000.0,0
1,TRANSFER,864389.49,1848507.28,984117.79,1751348.58,1517262.16,0
1,TRANSFER,276094.92,984117.79,708022.87,280157.9,651524.92,0
1,TRANSFER,132355.33,708022.87,575667.54,4408666.39,3997768.55,0
1,TRANSFER,169106.97,575667.54,575667.54,575667.54,22190.99,0
1,TRANSFER,2604219.11,575667.54,0.0,7263554.62,9940339.29,0
1,TRANSFER,249740.75,2748.22,0.0,6072.0,241220.25,0
1,PAYMENT,7977.96,0.0,0.0,0.0,0.0,0
1,PAYMENT,7848.22,402672.0,394823.78,0.0,0.0,0
1,PAYMENT,7625.73,248677.0,241051.27,0.0,0.0,0
1,PAYMENT,3499.43,31242.0,27742.57,0.0,0.0,0
1,DEBIT,642.26,21363.0,20720.74,1772.9,2415.16,0
1,CASH_OUT,41295.56,20720.74,0.0,2614230.5,2719172.89,0
1,CASH_OUT,13576.03,0.0,0.0,367271.74,122027.28,0
1,CASH_OUT,29572.74,0.0,0.0,12500000.0,12500000.0,0
1,CASH_OUT,53569.21,0.0,0.0,683211.62,424250.45,0
1,CASH_OUT,139247.62,0.0,0.0,232039.71,407298.23,0
1,CASH_OUT,60360.45,0.0,0.0,94056.3,69756.86,0
1,CASH_OUT,161795.9,0.0,0.0,9867773.73,9940339.29,0
1,CASH_OUT,607537.17,0.0,0.0,2090116.34,2107778.11,0
1,CASH_OUT,254399.35,0.0,0.0,455863.64,97128.19,0
1,CASH_OUT,427823.47,0.0,0.0,777546.17,1186556.81,0
1,CASH_OUT,16662.21,0.0,0.0,10000000.0,9940339.29,0
1,CASH_OUT,173570.67,0.0,0.0,588441.63,1268668.92,0
1,CASH_OUT,54684.17,0.0,0.0,71672.0,817.21,0
1,CASH_OUT,87963.9,0.0,0.0,427792.72,1363368.51,0
1,CASH_OUT,565349.9,0.0,0.0,5622929.89,5515763.34,0
1,CASH_OUT,94527.39,0.0,0.0,95007.35,189534.74,0
1,CASH_OUT,315552.62,0.0,0.0,10000000.0,9940339.29,0
1,CASH_OUT,48169.69,0.0,0.0,1205369.63,1186556.81,0
1,CASH_OUT,118753.07,0.0,0.0,154416.74,69756.86,0
1,CASH_OUT,106705.8,0.0,0.0,210697.58,15375.37,0
1,CASH_OUT,328967.35,0.0,0.0,1889487.5,2444985.19,0
1,CASH_OUT,55855.58,0.0,0.0,68283.63,43691.09,0
1,CASH_OUT,370751.08,0.0,0.0,1253539.33,1186556.81,0
1,CASH_OUT,49177.38,0.0,0.0,130442.64,122750.49,0
1,CASH_OUT,63557.19,0.0,0.0,361284.25,157982.12,0
1,CASH_OUT,33663.22,0.0,0.0,168225.59,0.0,0
1,CASH_OUT,20986.8,0.0,0.0,25475.43,46462.23,0
1,CASH_OUT,301680.88,0.0,0.0,6188279.79,5515763.34,0
1,CASH_OUT,9320.15,0.0,0.0,126356.17,817.21,0
1,CASH_OUT,241488.05,0.0,0.0,19300000.0,19200000.0,0
1,CASH_OUT,60850.8,0.0,0.0,230396.43,247063.16,0
1,CASH_OUT,476934.35,0.0,0.0,556252.82,651524.92,0
1,CASH_OUT,598674.03,0.0,0.0,1184203.57,971418.91,0
1,CASH_OUT,135357.16,0.0,0.0,11300000.0,10700000.0,0
1,CASH_OUT,422125.99,0.0,0.0,2218454.85,2444985.19,0
1,CASH_OUT,57643.24,0.0,0.0,66948.88,0.0,0
1,PAYMENT,11261.67,7004.0,0.0,0.0,0.0,0
1,TRANSFER,416106.78,12283.0,0.0,291247.23,247063.16,0
1,PAYMENT,4447.55,50268.0,45820.45,0.0,0.0,0
1,PAYMENT,3239.95,120792.0,117552.05,0.0,0.0,0
1,PAYMENT,10286.48,147166.0,136879.52,0.0,0.0,0
1,PAYMENT,2011.81,34672.0,32660.19,0.0,0.0,0
1,PAYMENT,9520.02,21099.0,11578.98,0.0,0.0,0
1,PAYMENT,4273.56,6489960.66,6485687.1,0.0,0.0,0
1,CASH_OUT,26844.84,6485687.1,6458842.26,254506.86,290772.6,0
1,PAYMENT,634.41,18396.16,17761.75,0.0,0.0,0
1,CASH_OUT,58516.68,17761.75,0.0,2655526.06,2719172.89,0
1,PAYMENT,5077.6,21987.0,16909.4,0.0,0.0,0
1,PAYMENT,4471.34,22161.0,17689.66,0.0,0.0,0
1,PAYMENT,6525.58,337514.0,330988.42,0.0,0.0,0
1,PAYMENT,12749.19,27552.0,14802.81,0.0,0.0,0
1,PAYMENT,7652.07,26253.43,18601.35,0.0,0.0,0
1,CASH_OUT,450465.15,18601.35,0.0,500206.13,593737.38,0
1,PAYMENT,17540.66,160564.0,143023.34,0.0,0.0,0
1,CASH_IN,2673.64,768815.91,771489.55,135676.32,817.21,0
1,PAYMENT,4215.08,771489.55,767274.47,0.0,0.0,0
1,PAYMENT,3468.74,13310.0,9841.26,0.0,0.0,0
1,PAYMENT,244.09,195601.0,195356.91,0.0,0.0,0
1,PAYMENT,137.88,59708.34,59570.46,0.0,0.0,0
1,PAYMENT,7155.31,59570.46,52415.15,0.0,0.0,0
1,PAYMENT,2432.88,12946.0,10513.12,0.0,0.0,0
1,PAYMENT,9021.44,1536.0,0.0,0.0,0.0,0
1,PAYMENT,4476.2,0.0,0.0,0.0,0.0,0
1,PAYMENT,14546.65,6120.0,0.0,0.0,0.0,0
1,TRANSFER,272709.33,76067.0,0.0,0.0,158433.78,0
1,PAYMENT,7669.42,29659.0,21989.58,0.0,0.0,0
1,CASH_OUT,14750.26,21989.58,7239.33,1096233.87,420946.86,0
1,CASH_OUT,107421.26,7239.33,0.0,226328.33,95508.95,0
1,CASH_OUT,36448.64,0.0,0.0,148941.17,185389.8,0
1,CASH_OUT,12939.66,0.0,0.0,88439.28,57472.15,0
1,CASH_OUT,198137.4,0.0,0.0,1624385.68,1567434.81,0
1,CASH_OUT,112193.65,0.0,0.0,767274.47,965870.05,0
1,CASH_OUT,40030.78,0.0,0.0,6458842.26,5515763.34,0
1,CASH_OUT,207283.84,0.0,0.0,215955.02,277515.05,0
1,CASH_OUT,141648.13,0.0,0.0,413572.32,130747.56,0
1,CASH_OUT,361980.67,0.0,0.0,6057072.17,6453430.91,0
1,CASH_OUT,614317.64,0.0,0.0,4541021.72,3997768.55,0
1,CASH_OUT,233255.73,0.0,0.0,3214080.61,3554299.27,0
1,PAYMENT,1420.96,21593.0,20172.04,0.0,0.0,0
1,PAYMENT,4881.52,0.0,0.0,0.0,0.0,0
1,PAYMENT,14403.17,0.0,0.0,0.0,0.0,0
1,PAYMENT,4843.76,0.0,0.0,0.0,0.0,0
1,PAYMENT,7143.2,0.0,0.0,0.0,0.0,0
1,PAYMENT,2279.65,0.0,0.0,0.0,0.0,0
1,PAYMENT,2571.49,0.0,0.0,0.0,0.0,0
1,PAYMENT,2873.37,0.0,0.0,0.0,0.0,0
1,PAYMENT,7394.33,0.0,0.0,0.0,0.0,0
1,PAYMENT,21902.51,0.0,0.0,0.0,0.0,0
1,PAYMENT,1730.16,0.0,0.0,0.0,0.0,0
1,PAYMENT,11491.76,0.0,0.0,0.0,0.0,0
1,PAYMENT,14204.94,0.0,0.0,0.0,0.0,0
1,PAYMENT,14432.6,0.0,0.0,0.0,0.0,0
1,PAYMENT,2501.21,0.0,0.0,0.0,0.0,0
1,PAYMENT,27845.63,0.0,0.0,0.0,0.0,0
1,PAYMENT,900.37,0.0,0.0,0.0,0.0,0
1,PAYMENT,28147.47,0.0,0.0,0.0,0.0,0
1,PAYMENT,3782.98,0.0,0.0,0.0,0.0,0
1,PAYMENT,4828.64,0.0,0.0,0.0,0.0,0
1,PAYMENT,6540.9,0.0,0.0,0.0,0.0,0
1,PAYMENT,21840.26,0.0,0.0,0.0,0.0,0
1,PAYMENT,5805.93,2158.0,0.0,0.0,0.0,0
1,PAYMENT,5018.24,29259.83,24241.59,0.0,0.0,0
1,PAYMENT,1066.91,24241.59,23174.68,0.0,0.0,0
1,PAYMENT,1902.02,176112.0,174209.98,0.0,0.0,0
1,PAYMENT,1982.04,534.0,0.0,0.0,0.0,0
1,PAYMENT,7020.05,106102.0,99081.95,0.0,0.0,0
1,PAYMENT,11488.23,20243.0,8754.77,0.0,0.0,0
1,PAYMENT,1253.6,10861.0,9607.4,0.0,0.0,0
1,PAYMENT,10183.1,99731.0,89547.9,0.0,0.0,0
1,CASH_OUT,146534.96,21114.0,0.0,0.0,67762.92,0
1,PAYMENT,5616.1,0.0,0.0,0.0,0.0,0
1,PAYMENT,5272.81,30072.0,24799.19,0.0,0.0,0
1,TRANSFER,236343.99,43010.81,0.0,8061.0,33316.54,0
1,TRANSFER,86401.93,0.0,0.0,879468.12,965870.05,0
1,PAYMENT,3923.32,291.0,0.0,0.0,0.0,0
1,CASH_OUT,289326.88,39689.0,0.0,20919.34,318637.36,0
1,DEBIT,4444.35,10229.0,5784.65,26112.94,2608.64,0
1,PAYMENT,5323.28,22141.0,16817.72,0.0,0.0,0
1,PAYMENT,2141.82,41643.0,39501.18,0.0,0.0,0
1,PAYMENT,328.07,31485.0,31156.93,0.0,0.0,0
1,PAYMENT,1439.72,2102.0,662.28,0.0,0.0,0
1,PAYMENT,4416.74,3215.18,0.0,0.0,0.0,0
1,CASH_OUT,84051.0,0.0,0.0,89583.69,67268.02,0
1,PAYMENT,1246.74,1468.0,221.26,0.0,0.0,0
1,PAYMENT,1527.08,710262.99,708735.91,0.0,0.0,0
1,TRANSFER,38829.9,708735.91,669906.01,1822523.08,1567434.81,0
1,PAYMENT,749.26,724.0,0.0,0.0,0.0,0
1,PAYMENT,2560.3,7257.0,4696.7,0.0,0.0,0
1,TRANSFER,383736.31,11294.0,0.0,21835.74,252055.24,0
1,DEBIT,917.38,200895.0,199977.62,10122.73,18474.7,0
1,PAYMENT,6905.9,10614.5,3708.6,0.0,0.0,0
1,PAYMENT,3611.72,3708.6,96.88,0.0,0.0,0
1,PAYMENT,8949.54,44131.37,35181.82,0.0,0.0,0
1,PAYMENT,2193.94,35181.82,32987.88,0.0,0.0,0
1,PAYMENT,9479.66,32987.88,23508.22,0.0,0.0,0
1,PAYMENT,10757.7,666.0,0.0,0.0,0.0,0
1,PAYMENT,6259.18,156636.0,150376.82,0.0,0.0,0
1,PAYMENT,7003.44,5777.0,0.0,0.0,0.0,0
1,PAYMENT,6872.19,32561.0,25688.81,0.0,0.0,0
1,PAYMENT,911.27,25688.81,24777.54,0.0,0.0,0
1,PAYMENT,7694.63,24777.54,17082.91,0.0,0.0,0
1,PAYMENT,11353.99,55825.0,44471.01,0.0,0.0,0
1,PAYMENT,6683.73,484579.0,477895.27,0.0,0.0,0
1,PAYMENT,4261.17,4558.0,296.83,0.0,0.0,0
1,PAYMENT,6146.81,123877.0,117730.19,0.0,0.0,0
1,DEBIT,4479.63,154215.6,149735.97,7666.22,12145.85,0
1,CASH_OUT,144659.77,149735.97,149735.97,149735.97,0.0,0
1,CASH_OUT,53094.17,149735.97,96641.81,279693.52,265092.36,0
1,CASH_OUT,43721.1,96641.81,52920.71,173634.69,67268.02,0
1,CASH_OUT,119537.32,52920.71,0.0,244404.99,33316.54,0
1,CASH_OUT,33349.84,0.0,0.0,201888.82,0.0,0
1,CASH_OUT,335979.26,0.0,0.0,16800000.0,16900000.0,0
1,CASH_OUT,183842.53,0.0,0.0,600205.85,557537.26,0
1,CASH_OUT,286737.98,0.0,0.0,10400000.0,9940339.29,0
1,CASH_OUT,472609.82,0.0,0.0,515756.62,1363368.51,0
1,CASH_OUT,271982.1,0.0,0.0,310246.22,318637.36,0
1,CASH_OUT,154611.64,0.0,0.0,544383.38,897150.84,0
1,CASH_OUT,125275.0,0.0,0.0,1477426.93,1178808.14,0
1,CASH_OUT,443200.31,0.0,0.0,3447336.33,3554299.27,0
1,CASH_OUT,256481.43,0.0,0.0,698995.02,897150.84,0
1,CASH_OUT,236277.01,0.0,0.0,3324684.82,3461666.05,0
1,PAYMENT,7071.77,159939.0,152867.23,0.0,0.0,0
1,PAYMENT,6511.48,3216707.72,3210196.24,0.0,0.0,0
1,PAYMENT,8592.89,3210196.24,3201603.35,0.0,0.0,0
1,DEBIT,2356.99,34681.0,32324.01,2643188.16,2025098.66,0
1,CASH_OUT,287126.39,1861352.98,1574226.59,29078.22,139915.18,0
1,PAYMENT,7363.65,1574226.59,1566862.94,0.0,0.0,0
1,PAYMENT,4613.1,1566862.94,1562249.83,0.0,0.0,0
1,PAYMENT,3787.43,1562249.83,1558462.41,0.0,0.0,0
1,PAYMENT,10543.05,9211.0,0.0,0.0,0.0,0
1,PAYMENT,10719.85,15175.1,4455.25,0.0,0.0,0
1,PAYMENT,3857.29,4455.25,597.96,0.0,0.0,0
1,PAYMENT,7028.85,597.96,0.0,0.0,0.0,0
1,PAYMENT,2402.16,3071.0,668.84,0.0,0.0,0
1,PAYMENT,3375.94,216077.0,212701.06,0.0,0.0,0
1,PAYMENT,8999.94,579.0,0.0,0.0,0.0,0
1,PAYMENT,2562.66,41800.0,39237.34,0.0,0.0,0
1,PAYMENT,8480.48,19817.0,11336.52,0.0,0.0,0
1,PAYMENT,9471.15,787.0,0.0,0.0,0.0,0
1,PAYMENT,2569.57,90233.0,87663.43,0.0,0.0,0
1,PAYMENT,4470.38,1856.19,0.0,0.0,0.0,0
1,PAYMENT,1068.22,0.0,0.0,0.0,0.0,0
1,DEBIT,1128.69,51011.32,49882.62,2645545.15,2025098.66,0
1,PAYMENT,3488.78,49882.62,46393.85,0.0,0.0,0
1,PAYMENT,6086.87,5904.0,0.0,0.0,0.0,0
1,PAYMENT,688.53,244496.0,243807.47,0.0,0.0,0
1,PAYMENT,2778.17,2964.0,185.83,0.0,0.0,0
1,PAYMENT,5078.54,185.83,0.0,0.0,0.0,0
1,PAYMENT,5610.36,142.0,0.0,0.0,0.0,0
1,PAYMENT,5202.26,13294.25,8091.99,0.0,0.0,0
1,PAYMENT,5785.77,8091.99,2306.23,0.0,0.0,0
1,PAYMENT,7299.46,2306.23,0.0,0.0,0.0,0
1,CASH_IN,47440.86,201780.95,249221.81,0.0,0.0,0
1,PAYMENT,7538.0,249221.81,241683.81,0.0,0.0,0
1,PAYMENT,4372.05,172643.0,168270.95,0.0,0.0,0
1,PAYMENT,748.42,2290.57,1542.14,0.0,0.0,0
1,PAYMENT,1296.58,1542.14,245.56,0.0,0.0,0
1,PAYMENT,2545.15,31914.0,29368.85,0.0,0.0,0
1,PAYMENT,2527.41,107450.0,104922.59,0.0,0.0,0
1,PAYMENT,8361.63,1033187.17,1024825.54,0.0,0.0,0
1,CASH_OUT,216007.53,1024825.54,808818.01,1602701.93,1178808.14,0
1,PAYMENT,2092.06,53336.0,51243.94,0.0,0.0,0
1,PAYMENT,3920.09,21900.0,17979.91,0.0,0.0,0
1,PAYMENT,2224.06,18813.16,16589.1,0.0,0.0,0
1,PAYMENT,5284.22,16589.1,11304.88,0.0,0.0,0
1,PAYMENT,1632.21,11304.88,9672.67,0.0,0.0,0
1,PAYMENT,5965.13,232.0,0.0,0.0,0.0,0
1,TRANSFER,56565.27,208023.0,151457.73,2697653.51,2107778.11,0
1,DEBIT,5130.16,542.0,0.0,2714042.74,2719172.89,0
1,PAYMENT,10364.62,20818.0,10453.38,0.0,0.0,0
1,PAYMENT,577.01,49524.0,48946.99,0.0,0.0,0
1,DEBIT,9420.9,9371.0,0.0,281351.7,290772.6,0
1,PAYMENT,3735.16,672.0,0.0,0.0,0.0,0
1,PAYMENT,982.67,11340.0,10357.33,0.0,0.0,0
1,PAYMENT,9469.26,23845.0,14375.74,0.0,0.0,0
1,CASH_OUT,32282.57,14375.74,0.0,97055.04,60738.03,0
1,PAYMENT,2673.65,23264.0,20590.35,0.0,0.0,0
1,PAYMENT,12911.82,51485.0,38573.18,0.0,0.0,0
1,PAYMENT,9334.02,23013.0,13678.98,0.0,0.0,0
1,PAYMENT,3783.07,20827.0,17043.93,0.0,0.0,0
1,PAYMENT,7102.49,28010.0,20907.51,0.0,0.0,0
1,PAYMENT,4804.74,1110984.13,1106179.39,0.0,0.0,0
1,CASH_OUT,291713.22,1106179.39,814466.17,4568765.44,4619798.56,0
1,PAYMENT,2358.9,5421.0,3062.1,0.0,0.0,0
1,PAYMENT,461.65,60738.0,60276.35,0.0,0.0,0
1,PAYMENT,4457.72,81752.0,77294.28,0.0,0.0,0
1,PAYMENT,633.75,236799.99,236166.23,0.0,0.0,0
1,PAYMENT,7891.16,236166.23,228275.07,0.0,0.0,0
1,PAYMENT,1522.55,1013.0,0.0,0.0,0.0,0
1,PAYMENT,3660.66,51657.0,47996.34,0.0,0.0,0
1,CASH_OUT,44670.27,47996.34,3326.07,133002.68,817.21,0
1,CASH_IN,64945.57,20170.0,85115.57,1818709.46,1178808.14,0
1,PAYMENT,4461.08,9016.0,4554.92,0.0,0.0,0
1,PAYMENT,3223.87,14697.0,11473.13,0.0,0.0,0
1,PAYMENT,3224.21,0.0,0.0,0.0,0.0,0
1,TRANSFER,79386.85,0.0,0.0,424841.44,157982.12,0
1,PAYMENT,7415.77,106582.0,99166.23,0.0,0.0,0
1,PAYMENT,6.42,18462.78,18456.36,0.0,0.0,0
1,PAYMENT,1559.66,18456.36,16896.7,0.0,0.0,0
1,PAYMENT,2548.85,22186.0,19637.15,0.0,0.0,0
1,PAYMENT,271.32,22253.75,21982.42,0.0,0.0,0
1,PAYMENT,1454.92,21982.42,20527.5,0.0,0.0,0
1,PAYMENT,2666.96,20527.5,17860.54,0.0,0.0,0
1,DEBIT,3180.02,144141.0,140960.98,98247.27,54985.05,0
1,PAYMENT,2550.35,2194.0,0.0,0.0,0.0,0
1,PAYMENT,842.33,5382.0,4539.67,0.0,0.0,0
1,PAYMENT,16085.74,13539.0,0.0,0.0,0.0,0
1,PAYMENT,4223.24,9448.0,5224.76,0.0,0.0,0
1,PAYMENT,1993.24,1782877.6,1780884.37,0.0,0.0,0
1,CASH_OUT,457552.45,1780884.37,1323331.91,988366.44,1363368.51,0
1,PAYMENT,4894.96,7621.0,2726.04,0.0,0.0,0
1,PAYMENT,7331.22,710.0,0.0,0.0,0.0,0
1,PAYMENT,7286.11,1049.0,0.0,0.0,0.0,0
1,PAYMENT,6258.29,0.0,0.0,0.0,0.0,0
1,PAYMENT,16859.52,0.0,0.0,0.0,0.0,0
1,PAYMENT,4416.9,0.0,0.0,0.0,0.0,0
1,PAYMENT,4139.95,0.0,0.0,0.0,0.0,0
1,PAYMENT,25642.6,0.0,0.0,0.0,0.0,0
1,PAYMENT,6394.36,0.0,0.0,0.0,0.0,0
1,PAYMENT,53.35,0.0,0.0,0.0,0.0,0
1,PAYMENT,1902.1,0.0,0.0,0.0,0.0,0
1,PAYMENT,5568.56,0.0,0.0,0.0,0.0,0
1,PAYMENT,406.11,0.0,0.0,0.0,0.0,0
1,PAYMENT,15028.75,0.0,0.0,0.0,0.0,0
1,PAYMENT,32101.86,0.0,0.0,0.0,0.0,0
1,PAYMENT,6473.96,0.0,0.0,0.0,0.0,0
1,PAYMENT,7577.43,0.0,0.0,0.0,0.0,0
1,PAYMENT,20135.64,0.0,0.0,0.0,0.0,0
1,PAYMENT,18832.61,0.0,0.0,0.0,0.0,0
1,PAYMENT,11468.9,124592.12,113123.22,0.0,0.0,0
1,TRANSFER,138647.54,113123.22,0.0,2754218.78,2107778.11,0
1,DEBIT,3870.28,317403.38,313533.1,6519.3,10389.58,0
1,PAYMENT,4627.42,313533.1,308905.68,0.0,0.0,0
1,PAYMENT,2517.79,57533.18,55015.39,0.0,0.0,0
1,CASH_OUT,100939.43,55015.39,0.0,217355.79,67268.02,0
1,DEBIT,3455.98,301.0,0.0,332787.69,265092.36,0
1,PAYMENT,1068.45,11411.0,10342.55,0.0,0.0,0
1,DEBIT,454.51,30818.0,30363.49,916.0,1370.51,0
1,TRANSFER,302665.03,40130.0,0.0,0.0,217862.21,0
1,PAYMENT,885.95,588.0,0.0,0.0,0.0,0
1,PAYMENT,4137.89,30966.0,26828.11,0.0,0.0,0
1,PAYMENT,5504.59,1753763.89,1748259.3,0.0,0.0,0
1,PAYMENT,3780.15,1748259.3,1744479.15,0.0,0.0,0
1,PAYMENT,3504.75,207.0,0.0,0.0,0.0,0
1,PAYMENT,2716.67,11831.07,9114.4,0.0,0.0,0
1,PAYMENT,4219.94,9114.4,4894.45,0.0,0.0,0
1,PAYMENT,5831.05,333749.58,327918.53,0.0,0.0,0
1,PAYMENT,9855.36,327918.53,318063.17,0.0,0.0,0
1,PAYMENT,10726.49,318063.17,307336.68,0.0,0.0,0
1,PAYMENT,1833.22,57589.0,55755.78,0.0,0.0,0
1,TRANSFER,34115.82,32043.0,0.0,245.56,34361.39,0
1,PAYMENT,2210.66,32902.0,30691.34,0.0,0.0,0
1,TRANSFER,22190.99,52231.01,30040.03,0.0,22190.99,0
1,CASH_IN,168451.53,30040.03,198491.56,707354.01,247063.16,0
1,CASH_IN,123545.77,198491.56,322037.33,1739653.99,1114787.21,0
1,CASH_IN,28463.91,322037.33,350501.24,380057.08,353532.56,0
1,CASH_IN,42012.45,350501.24,350501.24,350501.24,9291619.62,0
1,CASH_IN,170686.08,350501.24,521187.32,273169.81,69756.86,0
1,CASH_IN,283561.25,521187.32,804748.56,504228.28,157982.12,0
1,CASH_IN,215742.75,804748.56,1020491.31,1616108.22,1114787.21,0
1,CASH_IN,56869.53,1020491.31,1077360.84,179620.02,122750.49,0
1,CASH_IN,13553.79,1077360.84,1090914.63,722161.86,708608.07,0
1,CASH_IN,192461.6,1090914.63,1283376.23,380847.76,122027.28,0
1,CASH_IN,357220.77,1283376.23,1640596.99,950671.27,593737.38,0
1,CASH_IN,32726.88,1640596.99,1673323.87,102483.74,69756.86,0
1,CASH_IN,28212.4,1673323.87,1701536.27,61220.85,33008.44,0
1,CASH_IN,360997.83,1701536.27,2062534.09,1323331.91,971418.91,0
1,CASH_IN,141632.37,2062534.09,2204166.47,233940.02,92307.65,0
1,CASH_IN,332359.2,2204166.47,2536525.67,1411244.12,1254956.07,0
1,CASH_IN,78423.86,2536525.67,2614949.53,962334.09,971418.91,0
1,CASH_IN,131011.3,2614949.53,2745960.83,228275.07,97263.78,0
1,CASH_IN,215798.0,2745960.83,2961758.83,17100000.0,16900000.0,0
1,CASH_IN,65236.81,2961758.83,3026995.64,423238.86,277515.05,0
1,CASH_IN,65934.11,3026995.64,3092929.75,784048.39,557537.26,0
1,CASH_IN,336237.38,3092929.75,3429167.12,3890536.65,3554299.27,0
1,CASH_IN,293530.31,3429167.12,3722697.43,308905.68,15375.37,0
1,CASH_IN,551607.7,3722697.43,4274305.14,2646673.85,2025098.66,0
1,CASH_IN,80448.13,4274305.14,4354753.26,124139.21,43691.09,0
1,CASH_IN,58447.8,4354753.26,4413201.07,141036.89,16997.22,0
1,CASH_IN,36860.96,4413201.07,4450062.03,241683.81,204822.85,0
1,CASH_IN,99295.78,4450062.03,4549357.8,3560961.83,3461666.05,0
1,CASH_IN,49031.62,4549357.8,4598389.42,378578.48,387263.02,0
1,CASH_IN,134469.08,4598389.42,4732858.5,669906.01,97128.19,0
1,CASH_IN,265098.67,4732858.5,4997957.17,303300.81,502480.02,0
1,CASH_IN,65591.87,4997957.17,5063549.04,82589.09,16997.22,0
1,CASH_IN,266803.57,5063549.04,5330352.61,535436.92,97128.19,0
1,CASH_IN,616461.19,5330352.61,5946813.8,10600000.0,9940339.29,0
1,CASH_IN,80487.01,5946813.8,6027300.81,358002.06,277515.05,0
1,CASH_IN,46442.24,6027300.81,6073743.04,101427.29,54985.05,0
1,CASH_IN,50137.65,6073743.04,6123880.69,318295.22,67268.02,0
1,CASH_IN,474447.95,6123880.69,6598328.65,1744479.15,1178808.14,0
1,CASH_IN,70139.43,6598328.65,6668468.08,19500000.0,19200000.0,0
1,CASH_IN,201342.13,6668468.08,6869810.21,268157.57,67268.02,0
1,CASH_IN,28625.92,6869810.21,6898436.13,302665.03,217862.21,0
1,CASH_IN,125492.59,6898436.13,7023928.71,1562180.78,1015132.48,0
1,CASH_IN,82550.39,7023928.71,7106479.1,1445918.89,1363368.51,0
1,CASH_IN,114275.55,7106479.1,7220754.65,272709.33,158433.78,0
1,CASH_IN,43906.79,7220754.65,7264661.44,101378.93,57472.15,0
1,CASH_IN,131250.53,7264661.44,7395911.97,272361.15,141110.62,0
1,CASH_IN,4865.48,7395911.97,7400777.45,274039.11,217862.21,0
1,CASH_IN,283711.39,7400777.45,7684488.84,5155339.36,3997768.55,0
1,CASH_IN,8921.26,7684488.84,7693410.1,14149.13,5227.86,0
1,CASH_IN,91721.95,7693410.1,7785132.05,10000000.0,9940339.29,0
1,CASH_IN,94096.34,7785132.05,7879228.39,1624290.41,1186556.81,0
1,CASH_IN,157964.89,7879228.39,8037193.29,405572.05,252055.24,0
1,CASH_IN,51311.41,8037193.29,8088504.7,269173.62,217862.21,0
1,CASH_IN,46757.44,8088504.7,8135262.14,814466.17,420946.86,0
1,CASH_IN,15069.79,8135262.14,8150331.93,17082.91,1229.81,0
1,CASH_IN,783.31,8150331.93,8151115.24,2013.12,1229.81,0
1,CASH_IN,25927.54,8151115.24,8177042.78,129337.61,60738.03,0
1,CASH_IN,42672.03,8177042.78,8219714.81,103410.07,60738.03,0
1,CASH_IN,49236.53,8219714.81,8268951.34,307336.68,95508.95,0
1,CASH_IN,16236.25,8268951.34,8285187.59,316204.61,139915.18,0
1,CASH_IN,276772.02,8285187.59,8561959.61,19400000.0,19200000.0,0
1,CASH_IN,95956.43,8561959.61,8657916.04,883910.23,971418.91,0
1,CASH_IN,632840.5,8657916.04,9290756.54,6498873.04,5515763.34,0
1,CASH_IN,863.08,9290756.54,9291619.62,5577.88,4714.8,0
1,PAYMENT,4058.66,287.0,0.0,0.0,0.0,0
1,PAYMENT,12040.95,5076.0,0.0,0.0,0.0,0
1,PAYMENT,4685.16,363942.31,359257.15,0.0,0.0,0
1,CASH_OUT,218499.73,359257.15,140757.42,3201603.35,3420103.09,0
1,CASH_OUT,107440.87,140757.42,33316.54,266398.11,373838.99,0
1,PAYMENT,5055.39,50818.0,45762.61,0.0,0.0,0
1,PAYMENT,7846.95,66203.63,58356.68,0.0,0.0,0
1,PAYMENT,4412.45,58356.68,53944.23,0.0,0.0,0
1,PAYMENT,14736.92,53944.23,39207.31,0.0,0.0,0
1,TRANSFER,17488.56,14180.0,0.0,182385.22,199873.79,0
1,PAYMENT,264.93,0.0,0.0,0.0,0.0,0
1,CASH_OUT,222321.36,0.0,0.0,4871627.98,3997768.55,0
1,DEBIT,8972.41,331601.0,322628.59,1558462.41,1567434.81,0
1,PAYMENT,4079.37,34458.0,30378.63,0.0,0.0,0
1,PAYMENT,6226.79,50.0,0.0,0.0,0.0,0
1,PAYMENT,6490.69,14703.0,8212.31,0.0,0.0,0
1,PAYMENT,7837.56,41373.0,33535.44,0.0,0.0,0
1,PAYMENT,4348.75,33535.44,29186.69,0.0,0.0,0
1,TRANSFER,46961.7,124672.0,77710.3,11342.0,42900.67,0
1,TRANSFER,373610.77,17159.94,0.0,38202.14,502480.02,0
1,TRANSFER,90667.11,0.0,0.0,411812.91,502480.02,0
1,TRANSFER,114580.22,0.0,0.0,2095066.14,2025098.66,0
1,DEBIT,4448.09,8739.69,4291.6,247607.16,252055.24,0
1,CASH_OUT,549884.88,4291.6,0.0,9576311.43,10600000.0,0
1,PAYMENT,3697.53,19766.0,16068.47,0.0,0.0,0
1,PAYMENT,6350.75,20071.0,13720.25,0.0,0.0,0
1,PAYMENT,3154.47,13720.25,10565.78,0.0,0.0,0
1,PAYMENT,23430.56,10565.78,0.0,0.0,0.0,0
1,PAYMENT,5875.05,121527.0,115651.95,0.0,0.0,0
1,PAYMENT,2261.94,11348.0,9086.06,0.0,0.0,0
1,CASH_OUT,219630.79,19779.08,0.0,29186.69,248817.48,0
1,PAYMENT,10021.49,0.0,0.0,0.0,0.0,0
1,PAYMENT,2349.71,61.0,0.0,0.0,0.0,0
1,CASH_OUT,512866.85,0.0,0.0,762012.3,1268668.92,0
1,PAYMENT,4280.41,253537.0,249256.59,0.0,0.0,0
1,PAYMENT,471.01,36616.0,36144.99,0.0,0.0,0
1,DEBIT,1939.39,1029.0,0.0,351593.17,353532.56,0
1,PAYMENT,2399.75,19907.0,17507.25,0.0,0.0,0
1,TRANSFER,156232.74,155456.0,0.0,6419052.84,6453430.91,0
1,DEBIT,930.99,18354.65,17423.66,17230.8,18161.79,0
1,PAYMENT,331.4,17423.66,17092.25,0.0,0.0,0
1,PAYMENT,11607.88,17092.25,5484.37,0.0,0.0,0
1,PAYMENT,3603.99,418.0,0.0,0.0,0.0,0
1,CASH_OUT,159657.1,0.0,0.0,2640580.83,2444985.19,0
1,CASH_OUT,68051.17,0.0,0.0,1078884.91,1254956.07,0
1,DEBIT,2607.6,8510.0,5902.4,58303.7,42900.67,0
1,TRANSFER,345858.07,21523.0,0.0,0.0,45881.29,0
1,PAYMENT,6990.18,60911.31,53921.13,0.0,0.0,0
1,PAYMENT,11020.46,53921.13,42900.67,0.0,0.0,0
1,TRANSFER,194415.49,740.0,0.0,362.44,6706.68,0
1,DEBIT,7434.58,763.0,0.0,11040.12,18474.7,0
1,PAYMENT,6111.1,31574.0,25462.9,0.0,0.0,0
1,PAYMENT,7991.07,64676.15,56685.08,0.0,0.0,0
1,CASH_IN,299976.78,56685.08,356661.87,345858.07,45881.29,0
1,CASH_IN,78772.04,356661.87,435433.91,146534.96,67762.92,0
1,CASH_IN,85584.66,435433.91,521018.57,736780.84,424250.45,0
1,CASH_IN,187256.62,521018.57,521018.57,521018.57,4891090.56,0
1,CASH_IN,629989.76,521018.57,1151008.33,11400000.0,10700000.0,0
1,CASH_IN,29025.9,1151008.33,1180034.22,87345.62,58319.72,0
1,CASH_IN,27948.65,1180034.22,1207982.87,30557.29,2608.64,0
1,CASH_IN,91223.06,1207982.87,1299205.93,1270031.2,1178808.14,0
1,CASH_IN,62684.91,1299205.93,1361890.84,220667.03,157982.12,0
1,CASH_IN,355252.74,1361890.84,1717143.58,2800237.93,2444985.19,0
1,CASH_IN,374419.58,1717143.58,2091563.17,5093949.34,3997768.55,0
1,CASH_IN,71151.31,2091563.17,2162714.48,336243.67,265092.36,0
1,CASH_IN,66358.89,2162714.48,2229073.36,188386.17,122027.28,0
1,CASH_IN,346761.87,2229073.36,2575835.23,767708.73,420946.86,0
1,CASH_IN,291839.31,2575835.23,2867674.55,538902.48,247063.16,0
1,CASH_IN,285578.26,2867674.55,3153252.8,1400365.47,1114787.21,0
1,CASH_IN,398354.37,3153252.8,3551607.17,4719529.75,3997768.55,0
1,CASH_IN,112637.63,3551607.17,3664244.8,808818.01,651524.92,0
1,CASH_IN,162591.2,3664244.8,3826836.0,258100.15,95508.95,0
1,CASH_IN,193448.55,3826836.0,4020284.55,1875536.09,1412484.09,0
1,CASH_IN,334092.55,4020284.55,4354377.1,555220.45,130747.56,0
1,CASH_IN,90380.34,4354377.1,4444757.44,221127.9,130747.56,0
1,CASH_IN,160053.19,4444757.44,4604810.63,299968.36,139915.18,0
1,CASH_IN,286279.93,4604810.63,4891090.56,1530194.07,1186556.81,0
1,PAYMENT,3879.16,11310.1,7430.94,0.0,0.0,0
1,CASH_IN,158483.1,7430.94,165914.04,1274879.15,1268668.92,0
1,CASH_IN,240680.1,165914.04,406594.14,4860478.66,4619798.56,0
1,CASH_IN,42198.41,406594.14,448792.55,49029.24,6830.83,0
1,CASH_IN,280403.82,448792.55,729196.37,5866032.54,5515763.34,0
1,CASH_IN,421555.71,729196.37,1150752.08,1436688.2,1015132.48,0
1,CASH_IN,150550.59,1150752.08,1301302.67,328670.75,178120.16,0
1,CASH_IN,83153.23,1301302.67,1384455.91,88634.05,0.0,0
1,CASH_IN,269603.45,1384455.91,1654059.36,1682087.54,1412484.09,0
1,CASH_IN,188071.25,1654059.36,1842130.61,194777.92,6706.68,0
1,CASH_IN,263590.95,1842130.61,2105721.56,582228.32,318637.36,0
1,CASH_IN,373152.4,2105721.56,2478873.97,2892866.31,2107778.11,0
1,CASH_IN,121854.66,2478873.97,2600728.62,6575285.57,6453430.91,0
1,CASH_IN,31657.28,2600728.62,2632385.91,39207.31,7550.03,0
1,CASH_IN,428248.35,2632385.91,3060634.26,928880.06,500631.71,0
1,CASH_IN,323406.83,3060634.26,3384041.09,4321175.39,3997768.55,0
1,CASH_IN,258938.11,3384041.09,3642979.2,955476.46,897150.84,0
1,CASH_IN,226945.73,3642979.2,3869924.93,651196.18,424250.45,0
1,CASH_IN,171505.17,3869924.93,4041430.1,268633.35,97128.19,0
1,CASH_IN,184547.7,4041430.1,4225977.8,2209646.36,2025098.66,0
1,CASH_IN,155608.53,4225977.8,4381586.33,371459.81,215851.28,0
1,CASH_IN,69865.39,4381586.33,4451451.72,5585628.72,5515763.34,0
1,CASH_IN,44655.46,4451451.72,4496107.18,696180.38,651524.92,0
1,CASH_IN,411935.8,4496107.18,4908042.98,2519713.91,2107778.11,0
1,CASH_IN,552812.46,4908042.98,5460855.44,2615738.07,1517262.16,0
1,CASH_IN,84022.18,5460855.44,5544877.62,10800000.0,10700000.0,0
1,CASH_IN,57357.33,5544877.62,5602234.95,1243914.14,1186556.81,0
1,DEBIT,286.87,3014.0,2727.13,593450.51,593737.38,0
1,PAYMENT,11068.42,255812.75,244744.34,0.0,0.0,0
1,PAYMENT,3524.08,244744.34,241220.25,0.0,0.0,0
1,PAYMENT,11430.86,10972.0,0.0,0.0,0.0,0
1,PAYMENT,6769.91,132597.0,125827.09,0.0,0.0,0
1,PAYMENT,8271.42,42030.0,33758.58,0.0,0.0,0
1,DEBIT,452.57,62396.0,61943.43,66815.45,67268.02,0
1,PAYMENT,2707.76,62975.0,60267.24,0.0,0.0,0
1,TRANSFER,200612.49,26019.0,0.0,696538.35,897150.84,0
1,PAYMENT,4253.87,177672.95,173419.08,0.0,0.0,0
1,PAYMENT,3619.35,173419.08,169799.73,0.0,0.0,0
1,PAYMENT,22940.17,169799.73,146859.56,0.0,0.0,0
1,PAYMENT,5376.67,146859.56,141482.89,0.0,0.0,0
1,PAYMENT,6822.41,141482.89,134660.49,0.0,0.0,0
1,PAYMENT,9855.76,134660.49,124804.72,0.0,0.0,0
1,PAYMENT,186.22,124804.72,124618.5,0.0,0.0,0
1,PAYMENT,4189.31,124618.5,120429.2,0.0,0.0,0
1,PAYMENT,26784.93,120429.2,93644.26,0.0,0.0,0
1,PAYMENT,4623.81,93644.26,89020.46,0.0,0.0,0
1,PAYMENT,2765.61,89020.46,86254.85,0.0,0.0,0
1,PAYMENT,1637.53,86254.85,84617.31,0.0,0.0,0
1,PAYMENT,2893.12,84617.31,81724.2,0.0,0.0,0
1,PAYMENT,8246.79,81724.2,73477.41,0.0,0.0,0
1,PAYMENT,24174.02,73477.41,49303.38,0.0,0.0,0
1,PAYMENT,5340.28,49303.38,43963.1,0.0,0.0,0
1,PAYMENT,2369.48,43963.1,41593.62,0.0,0.0,0
1,PAYMENT,3009.63,41593.62,38583.99,0.0,0.0,0
1,PAYMENT,32535.91,38583.99,6048.08,0.0,0.0,0
1,PAYMENT,5230.88,6048.08,817.21,0.0,0.0,0
1,PAYMENT,163.72,121823.0,121659.28,0.0,0.0,0
1,PAYMENT,2388.85,39937.0,37548.15,0.0,0.0,0
1,PAYMENT,6980.56,718114.28,711133.71,0.0,0.0,0
1,CASH_OUT,153596.45,711133.71,557537.26,1954368.93,2107965.39,0
1,PAYMENT,436.15,10120.0,9683.85,0.0,0.0,0
1,PAYMENT,1928.87,414.0,0.0,0.0,0.0,0
1,PAYMENT,884.42,47960.0,47075.58,0.0,0.0,0
1,DEBIT,2655.04,21214.0,18558.96,1116396.05,1268668.92,0
1,PAYMENT,4528.17,10637.0,6108.83,0.0,0.0,0
1,TRANSFER,36010.9,5480.82,0.0,371287.33,407298.23,0
1,TRANSFER,183465.11,0.0,0.0,787953.8,971418.91,0
1,TRANSFER,57716.15,0.0,0.0,329546.87,387263.02,0
1,PAYMENT,4074.2,719182.0,715107.8,0.0,0.0,0
1,TRANSFER,601898.44,32239.0,0.0,0.0,601898.44,0
1,PAYMENT,4601.56,49671.0,45069.44,0.0,0.0,0
1,PAYMENT,2286.28,115792.0,113505.72,0.0,0.0,0
1,PAYMENT,10855.04,61733.0,50877.96,0.0,0.0,0
1,PAYMENT,7590.6,21212.0,13621.4,0.0,0.0,0
1,PAYMENT,4887.09,172.0,0.0,0.0,0.0,0
1,PAYMENT,637.26,54260.91,53623.65,0.0,0.0,0
1,TRANSFER,149617.83,53623.65,0.0,1119051.09,1268668.92,0
1,TRANSFER,108019.99,0.0,0.0,1146936.08,1254956.07,0
1,PAYMENT,5509.5,67789.0,62279.5,0.0,0.0,0
1,TRANSFER,83845.22,10538.0,0.0,0.0,83845.22,0
1,PAYMENT,7059.05,2062925.61,2055866.56,0.0,0.0,0
1,CASH_OUT,462688.96,2055866.56,1593177.6,10100000.0,10600000.0,0
1,CASH_OUT,75915.44,1593177.6,1517262.16,117103.5,193018.94,0
1,TRANSFER,383533.35,10339.0,0.0,0.0,383533.35,0
1,PAYMENT,2270.53,41220.0,38949.47,0.0,0.0,0
1,PAYMENT,952.08,170.0,0.0,0.0,0.0,0
1,PAYMENT,7855.62,1679.0,0.0,0.0,0.0,0
1,TRANSFER,347391.16,45584.0,0.0,13993.0,637928.74,0
1,PAYMENT,10255.93,20414.0,10158.07,0.0,0.0,0
1,PAYMENT,10729.47,379832.0,369102.53,0.0,0.0,0
1,PAYMENT,2288.61,45811.0,43522.39,0.0,0.0,0
1,PAYMENT,5674.62,1186556.81,1180882.19,0.0,0.0,0
1,PAYMENT,4546.83,1180882.19,1176335.36,0.0,0.0,0
1,PAYMENT,23235.78,1176335.36,1153099.58,0.0,0.0,0
1,PAYMENT,3697.26,1153099.58,1149402.32,0.0,0.0,0
1,PAYMENT,1215.86,1149402.32,1148186.46,0.0,0.0,0
1,PAYMENT,4377.04,1148186.46,1143809.42,0.0,0.0,0
1,PAYMENT,5899.63,1143809.42,1137909.8,0.0,0.0,0
1,PAYMENT,12128.78,1137909.8,1125781.02,0.0,0.0,0
1,PAYMENT,10972.97,1125781.02,1114808.04,0.0,0.0,0
1,PAYMENT,14157.15,1114808.04,1100650.9,0.0,0.0,0
1,PAYMENT,22941.92,1100650.9,1077708.98,0.0,0.0,0
1,PAYMENT,14223.81,1077708.98,1063485.17,0.0,0.0,0
1,PAYMENT,62820.46,1063485.17,1000664.71,0.0,0.0,0
1,PAYMENT,6001.21,1000664.71,994663.5,0.0,0.0,0
1,PAYMENT,12273.24,994663.5,982390.26,0.0,0.0,0
1,PAYMENT,594.09,82494.0,81899.91,0.0,0.0,0
1,TRANSFER,145515.24,121.0,0.0,265092.36,45982.28,0
1,PAYMENT,6598.82,104777.0,98178.18,0.0,0.0,0
1,TRANSFER,15326.3,105867.0,90540.7,0.0,15326.3,0
1,PAYMENT,6705.75,35765.0,29059.25,0.0,0.0,0
1,PAYMENT,11608.18,290.0,0.0,0.0,0.0,0
1,PAYMENT,6848.97,21964.0,15115.03,0.0,0.0,0
1,PAYMENT,1130.44,155055.0,153924.56,0.0,0.0,0
1,PAYMENT,2279.92,207672.0,205392.08,0.0,0.0,0
1,PAYMENT,6913.46,82436.0,75522.54,0.0,0.0,0
1,DEBIT,3837.3,25591.0,21753.7,50670.0,47923.33,0
1,DEBIT,2589.19,277515.05,274925.86,57472.15,0.0,0
1,PAYMENT,2388.2,274925.86,272537.66,0.0,0.0,0
1,PAYMENT,2232.83,215507.0,213274.17,0.0,0.0,0
1,CASH_IN,93413.63,9071.0,102484.63,3284.0,0.0,0
1,PAYMENT,2221.22,60061.33,57840.12,0.0,0.0,0
1,CASH_OUT,214202.66,57840.12,0.0,965870.05,744264.96,0
1,PAYMENT,2387.09,1164.0,0.0,0.0,0.0,0
1,PAYMENT,10493.4,19198.0,8704.6,0.0,0.0,0
1,PAYMENT,6433.58,122027.28,115593.7,0.0,0.0,0
1,CASH_OUT,136564.27,115593.7,0.0,5515763.34,6609667.12,0
1,PAYMENT,9800.44,119147.0,109346.56,0.0,0.0,0
1,DEBIT,6983.76,11163.0,4179.24,9114.0,20285.79,0
1,PAYMENT,1994.48,59063.0,57068.52,0.0,0.0,0
1,PAYMENT,2064.34,23466.0,21401.66,0.0,0.0,0
1,PAYMENT,10808.31,181833.0,171024.69,0.0,0.0,0
1,PAYMENT,10019.06,5203.54,0.0,0.0,0.0,0
1,PAYMENT,6650.0,0.0,0.0,0.0,0.0,0
1,PAYMENT,9591.5,222813.0,213221.5,0.0,0.0,0
1,DEBIT,9769.9,19098.0,9328.1,67268.02,52845.35,0
1,PAYMENT,727.25,82019.0,81291.75,0.0,0.0,0
1,PAYMENT,6221.43,19735.0,13513.57,0.0,0.0,0
1,TRANSFER,1361.29,16479.0,15117.71,5058.0,0.0,0
1,PAYMENT,4594.28,35243.0,30648.72,0.0,0.0,0
1,PAYMENT,12122.55,10963.66,0.0,0.0,0.0,0
1,CASH_OUT,93459.27,0.0,0.0,410607.6,45982.28,0
1,PAYMENT,1937.5,2220.0,282.5,0.0,0.0,0
1,PAYMENT,2421.15,12358.0,9936.85,0.0,0.0,0
1,DEBIT,2840.25,254.0,0.0,1268668.92,1187114.17,0
1,TRANSFER,279422.78,3561.0,0.0,3461666.05,3726770.23,0
1,PAYMENT,3215.74,500631.71,497415.98,0.0,0.0,0
1,PAYMENT,13890.24,497415.98,483525.74,0.0,0.0,0
1,DEBIT,8371.5,68673.0,60301.5,1517262.16,138395.49,0
1,PAYMENT,5954.9,5014.0,0.0,0.0,0.0,0
1,PAYMENT,9370.51,0.0,0.0,0.0,0.0,0
1,PAYMENT,9496.55,0.0,0.0,0.0,0.0,0
1,PAYMENT,3004.57,0.0,0.0,0.0,0.0,0
1,PAYMENT,4351.58,0.0,0.0,0.0,0.0,0
1,PAYMENT,4674.0,0.0,0.0,0.0,0.0,0
1,PAYMENT,2518.13,0.0,0.0,0.0,0.0,0
1,PAYMENT,6365.0,0.0,0.0,0.0,0.0,0
1,PAYMENT,26035.82,0.0,0.0,0.0,0.0,0
1,PAYMENT,12000.58,0.0,0.0,0.0,0.0,0
1,PAYMENT,5717.58,0.0,0.0,0.0,0.0,0
1,PAYMENT,15646.06,0.0,0.0,0.0,0.0,0
1,PAYMENT,4905.54,294.0,0.0,0.0,0.0,0
1,PAYMENT,7029.12,0.0,0.0,0.0,0.0,0
1,PAYMENT,2374.49,1382.0,0.0,0.0,0.0,0
1,PAYMENT,6579.9,11432.0,4852.1,0.0,0.0,0
1,PAYMENT,2481.59,4852.1,2370.51,0.0,0.0,0
1,PAYMENT,6720.15,2370.51,0.0,0.0,0.0,0
1,PAYMENT,6426.8,6096.0,0.0,0.0,0.0,0
1,PAYMENT,5274.17,129826.0,124551.83,0.0,0.0,0
1,PAYMENT,2475.77,102792.0,100316.23,0.0,0.0,0
1,PAYMENT,4149.27,34867.0,30717.73,0.0,0.0,0
1,PAYMENT,11380.13,77037.91,65657.79,0.0,0.0,0
1,CASH_OUT,119542.86,65657.79,0.0,9940339.29,9367714.52,0
1,PAYMENT,25424.36,69756.86,44332.5,0.0,0.0,0
1,CASH_OUT,289715.28,44332.5,0.0,10600000.0,10200000.0,0
1,PAYMENT,3149.19,0.0,0.0,0.0,0.0,0
1,PAYMENT,18952.73,0.0,0.0,0.0,0.0,0
1,DEBIT,2983.5,19727.26,16743.76,97128.19,100111.69,0
1,PAYMENT,13.54,16743.76,16730.22,0.0,0.0,0
1,PAYMENT,6159.35,92732.0,86572.65,0.0,0.0,0
1,PAYMENT,4209.57,998.0,0.0,0.0,0.0,0
1,PAYMENT,6.93,68267.0,68260.07,0.0,0.0,0
1,PAYMENT,7055.84,48915.0,41859.16,0.0,0.0,0
1,PAYMENT,1058.63,6032.0,4973.37,0.0,0.0,0
1,CASH_IN,95983.62,46465.0,142448.62,0.0,0.0,0
1,PAYMENT,5973.9,58319.72,52345.82,0.0,0.0,0
1,PAYMENT,6397.18,52345.82,45948.64,0.0,0.0,0
1,PAYMENT,3076.45,897150.84,894074.39,0.0,0.0,0
1,CASH_OUT,197761.38,894074.39,696313.01,504066.87,45982.28,0
1,CASH_OUT,100740.53,696313.01,595572.48,6453430.91,6534746.07,0
1,CASH_OUT,14166.38,595572.48,581406.1,34155.22,47409.85,0
1,CASH_OUT,134543.6,581406.1,446862.5,420946.86,877201.48,0
1,CASH_OUT,48206.82,446862.5,398655.68,132842.64,97990.29,0
1,CASH_OUT,282944.06,398655.68,115711.62,427095.0,11100000.0,0
1,CASH_OUT,19270.14,115711.62,96441.48,42450.71,103167.33,0
1,CASH_OUT,5493.19,96441.48,90948.3,502480.02,84916.82,0
1,PAYMENT,5983.51,48974.0,42990.49,0.0,0.0,0
1,PAYMENT,2388.24,12264.0,9875.76,0.0,0.0,0
1,PAYMENT,6381.32,33008.44,26627.12,0.0,0.0,0
1,PAYMENT,9899.52,26627.12,16727.6,0.0,0.0,0
1,PAYMENT,2368.4,50244.0,47875.6,0.0,0.0,0
1,PAYMENT,5764.6,13825.0,8060.4,0.0,0.0,0
1,PAYMENT,3236.86,21393.0,18156.14,0.0,0.0,0
1,PAYMENT,4209.87,40973.0,36763.13,0.0,0.0,0
1,DEBIT,11388.1,55386.0,43997.9,92307.65,47457.17,0
1,TRANSFER,124041.53,33260.0,0.0,65.0,34856.89,0
1,PAYMENT,12061.28,11993.0,0.0,0.0,0.0,0
1,DEBIT,1072.36,1388.0,315.64,456986.0,147251.58,0
1,CASH_OUT,189476.67,315.64,0.0,252055.24,109421.19,0
1,PAYMENT,8054.62,290772.6,282717.99,0.0,0.0,0
1,CASH_OUT,457194.09,282717.99,0.0,651524.92,483173.63,0
1,TRANSFER,219583.95,39387.0,0.0,383533.35,393957.76,0
1,PAYMENT,6015.17,34493.0,28477.83,0.0,0.0,0
1,PAYMENT,6748.38,17008.0,10259.62,0.0,0.0,0
1,CASH_IN,271566.78,10259.62,281826.4,3940085.21,3419944.48,0
1,CASH_IN,190398.63,281826.4,472225.03,674707.0,176131.8,0
1,CASH_IN,149651.68,472225.03,621876.71,484308.37,176131.8,0
1,CASH_IN,84527.66,621876.71,706404.36,12500000.0,11900000.0,0
1,CASH_IN,1030100.15,706404.36,1736504.51,1567434.81,90450.54,0
1,CASH_IN,55091.05,1736504.51,1791595.57,247063.16,224705.73,0
1,CASH_IN,318209.62,1791595.57,2109805.18,2107965.39,1155321.27,0
1,CASH_IN,294676.6,2109805.18,2404481.78,9291619.62,10700000.0,0
1,CASH_IN,294304.91,2404481.78,2698786.7,4619798.56,3964356.31,0
1,CASH_IN,168276.37,2698786.7,2867063.07,982390.26,814113.89,0
1,CASH_IN,38583.71,2867063.07,2905646.78,241220.25,76120.27,0
1,PAYMENT,2338.05,81955.0,79616.95,0.0,0.0,0
1,CASH_IN,276273.67,922.0,277195.67,6830.83,0.0,0
1,PAYMENT,10928.31,277195.67,266267.36,0.0,0.0,0
1,PAYMENT,11335.23,10537.0,0.0,0.0,0.0,0
1,DEBIT,924.07,21898.0,20973.93,20955.0,0.0,0
1,PAYMENT,7677.95,45881.29,38203.34,0.0,0.0,0
1,CASH_IN,132540.87,38203.34,170744.21,507973.21,84916.82,0
1,CASH_IN,170914.25,170744.21,341658.45,196149.0,25234.75,0
1,CASH_IN,17487.62,341658.45,359146.07,1108719.01,483173.63,0
1,CASH_IN,230892.79,359146.07,590038.87,5602234.95,5729799.14,0
1,CASH_IN,734657.1,590038.87,1324695.96,1525633.67,138395.49,0
1,CASH_IN,452932.69,1324695.96,1777628.65,3741088.83,3726770.23,0
1,CASH_IN,70299.66,1777628.65,1847928.31,701828.25,45982.28,0
1,CASH_IN,245679.75,1847928.31,2093608.06,555490.45,877201.48,0
1,CASH_IN,300768.79,2093608.06,2394376.85,458058.36,147251.58,0
1,CASH_IN,90697.75,2394376.85,2485074.59,4891090.56,4629353.77,0
1,CASH_IN,130280.74,2485074.59,2615355.34,10900000.0,10200000.0,0
1,CASH_IN,72984.81,2615355.34,2688340.14,1254956.07,1070702.75,0
1,CASH_IN,336230.03,2688340.14,3024570.17,537334.66,90450.54,0
1,CASH_IN,75162.99,3024570.17,3099733.16,353532.56,53743.06,0
1,CASH_IN,147987.48,3099733.16,3247720.64,235238.66,87251.18,0
1,CASH_IN,76305.39,3247720.64,3324026.03,601898.44,792325.38,0
1,CASH_IN,18194.34,3324026.03,3342220.38,278369.57,53743.06,0
1,CASH_IN,68931.2,3342220.38,3411151.57,79933.0,0.0,0
1,CASH_IN,231460.09,3411151.57,3642611.66,10700000.0,10200000.0,0
1,CASH_IN,156316.71,3642611.66,3798928.38,269880.0,0.0,0
1,CASH_IN,232720.95,3798928.38,4031649.33,1789755.77,1155321.27,0
1,CASH_IN,18536.86,4031649.33,4050186.19,303464.0,0.0,0
1,CASH_IN,89380.43,4050186.19,4139566.62,221328.0,58638.78,0
1,CASH_IN,568912.68,4139566.62,4708479.3,1015132.48,1097218.45,0
1,PAYMENT,3351.14,1370.51,0.0,0.0,0.0,0
1,PAYMENT,4564.51,0.0,0.0,0.0,0.0,0
1,PAYMENT,3050.39,0.0,0.0,0.0,0.0,0
1,PAYMENT,942.95,0.0,0.0,0.0,0.0,0
1,PAYMENT,121.27,0.0,0.0,0.0,0.0,0
1,PAYMENT,3798.36,0.0,0.0,0.0,0.0,0
1,PAYMENT,2246.11,0.0,0.0,0.0,0.0,0
1,PAYMENT,1217.83,0.0,0.0,0.0,0.0,0
1,PAYMENT,1285.77,0.0,0.0,0.0,0.0,0
1,PAYMENT,25767.46,0.0,0.0,0.0,0.0,0
1,PAYMENT,6054.6,0.0,0.0,0.0,0.0,0
1,PAYMENT,1816.52,0.0,0.0,0.0,0.0,0
1,PAYMENT,5171.22,0.0,0.0,0.0,0.0,0
1,PAYMENT,1566.11,0.0,0.0,0.0,0.0,0
1,PAYMENT,7014.89,0.0,0.0,0.0,0.0,0
1,PAYMENT,3858.3,0.0,0.0,0.0,0.0,0
1,PAYMENT,27018.5,0.0,0.0,0.0,0.0,0
1,PAYMENT,2879.51,0.0,0.0,0.0,0.0,0
1,PAYMENT,18975.26,0.0,0.0,0.0,0.0,0
1,PAYMENT,3056.61,0.0,0.0,0.0,0.0,0
1,PAYMENT,798.26,26149.0,25350.74,0.0,0.0,0
1,PAYMENT,2807.18,463883.0,461075.82,0.0,0.0,0
1,PAYMENT,2746.12,51443.0,48696.88,0.0,0.0,0
1,PAYMENT,5256.18,10136.0,4879.82,0.0,0.0,0
1,PAYMENT,2153.73,15409.0,13255.27,0.0,0.0,0
1,PAYMENT,4378.75,10951.0,6572.25,0.0,0.0,0
1,PAYMENT,16910.42,45142.0,28231.58,0.0,0.0,0
1,PAYMENT,4195.41,15204.0,11008.59,0.0,0.0,0
1,CASH_OUT,247199.96,144742.0,0.0,40348.79,82846.67,0
1,PAYMENT,2505.99,1476.0,0.0,0.0,0.0,0
1,PAYMENT,5986.18,470.0,0.0,0.0,0.0,0
1,PAYMENT,6794.37,0.0,0.0,0.0,0.0,0
1,PAYMENT,5029.67,0.0,0.0,0.0,0.0,0
1,PAYMENT,4489.66,601273.0,596783.34,0.0,0.0,0
1,PAYMENT,5193.39,32456.0,27262.61,0.0,0.0,0
1,DEBIT,4188.03,8765.0,4576.97,16097.76,20285.79,0
1,PAYMENT,4975.75,2415.16,0.0,0.0,0.0,0
1,TRANSFER,91424.21,0.0,0.0,154845.0,0.0,0
1,PAYMENT,1780.48,26010.0,24229.52,0.0,0.0,0
1,PAYMENT,2211.92,105680.0,103468.08,0.0,0.0,0
1,PAYMENT,9245.27,41512.0,32266.73,0.0,0.0,0
1,CASH_IN,9467.87,6071.0,15538.87,0.0,0.0,0
1,CASH_OUT,519973.96,121.0,0.0,0.0,135715.81,0
1,PAYMENT,7071.42,37203.61,30132.19,0.0,0.0,0
1,CASH_OUT,166808.69,30132.19,0.0,318637.36,267912.2,0
1,PAYMENT,7852.4,21367.0,13514.6,0.0,0.0,0
1,PAYMENT,4453.49,36992.0,32538.51,0.0,0.0,0
1,PAYMENT,1880.05,20028.0,18147.95,0.0,0.0,0
1,DEBIT,8607.73,69674.0,61066.27,334656.69,176131.8,0
1,PAYMENT,5111.72,57643.02,52531.3,0.0,0.0,0
1,PAYMENT,232.74,52531.3,52298.57,0.0,0.0,0
1,DEBIT,8326.13,25675.0,17348.87,16727.6,25053.73,0
1,PAYMENT,10169.55,8181.0,0.0,0.0,0.0,0
1,PAYMENT,4655.03,165086.0,160430.97,0.0,0.0,0
1,PAYMENT,2732.73,4676.0,1943.27,0.0,0.0,0
1,PAYMENT,6948.21,66575.5,59627.3,0.0,0.0,0
1,TRANSFER,92236.11,59627.3,0.0,272537.66,86070.17,0
1,TRANSFER,104267.94,0.0,0.0,189534.74,352750.76,0
1,TRANSFER,176127.45,0.0,0.0,407298.23,61151.23,0
1,TRANSFER,94087.34,0.0,0.0,2905646.78,2906551.06,0
1,TRANSFER,172867.65,0.0,0.0,698572.0,330085.6,0
1,TRANSFER,277611.59,0.0,0.0,309810.71,877201.48,0
1,TRANSFER,1755646.72,0.0,0.0,2719172.89,4410975.57,0
1,TRANSFER,2441078.3,0.0,0.0,8996943.02,10700000.0,0
1,TRANSFER,1147953.82,0.0,0.0,4708479.3,5579568.65,0
1,TRANSFER,395709.23,0.0,0.0,446219.81,1097218.45,0
1,TRANSFER,168001.93,0.0,0.0,266267.36,469207.53,0
1,TRANSFER,2032275.62,0.0,0.0,3420103.09,5056707.37,0
1,TRANSFER,44944.32,0.0,0.0,55414.0,100358.32,0
1,TRANSFER,957339.52,0.0,0.0,5652327.61,6609667.12,0
1,TRANSFER,459709.79,0.0,0.0,710039.06,11100000.0,0
1,TRANSFER,637758.38,0.0,0.0,1181971.26,1070702.75,0
1,DEBIT,525.22,10229.0,9703.78,1003.0,1528.22,0
1,PAYMENT,3847.27,36757.68,32910.4,0.0,0.0,0
1,PAYMENT,14126.82,32910.4,18783.58,0.0,0.0,0
1,PAYMENT,5478.51,4228.0,0.0,0.0,0.0,0
1,TRANSFER,194351.55,59.0,0.0,10389.58,51574.35,0
1,PAYMENT,1039.62,441531.91,440492.28,0.0,0.0,0
1,CASH_OUT,230943.69,440492.28,209548.6,3288156.14,3726770.23,0
1,PAYMENT,6904.63,1819729.64,1812825.01,0.0,0.0,0
1,PAYMENT,3065.84,1812825.01,1809759.18,0.0,0.0,0
1,PAYMENT,5641.56,1809759.18,1804117.61,0.0,0.0,0
1,PAYMENT,3422.04,1804117.61,1800695.57,0.0,0.0,0
1,PAYMENT,1380.16,1800695.57,1799315.42,0.0,0.0,0
1,PAYMENT,681.05,1799315.42,1798634.37,0.0,0.0,0
1,PAYMENT,2064.02,1798634.37,1796570.34,0.0,0.0,0
1,PAYMENT,12605.06,1796570.34,1783965.28,0.0,0.0,0
1,PAYMENT,8923.42,1783965.28,1775041.86,0.0,0.0,0
1,PAYMENT,7761.72,1775041.86,1767280.15,0.0,0.0,0
1,PAYMENT,2274.37,134958.0,132683.63,0.0,0.0,0
1,PAYMENT,10273.19,159642.0,149368.81,0.0,0.0,0
1,PAYMENT,2673.52,51875.0,49201.48,0.0,0.0,0
1,PAYMENT,6022.64,50952.0,44929.36,0.0,0.0,0
1,DEBIT,891.93,51467.0,50575.07,55432.0,8813776.61,0
1,PAYMENT,5055.22,1054.0,0.0,0.0,0.0,0
1,PAYMENT,5726.49,49461.0,43734.51,0.0,0.0,0
1,PAYMENT,3738.25,25078.0,21339.75,0.0,0.0,0
1,PAYMENT,3608.34,84932.0,81323.66,0.0,0.0,0
1,PAYMENT,4050.19,28451.0,24400.81,0.0,0.0,0
1,PAYMENT,8146.24,52330.0,44183.76,0.0,0.0,0
1,PAYMENT,830.96,10974.0,10143.04,0.0,0.0,0
1,PAYMENT,6292.23,6109.0,0.0,0.0,0.0,0
1,PAYMENT,969.76,0.0,0.0,0.0,0.0,0
1,PAYMENT,9492.53,285.0,0.0,0.0,0.0,0
1,PAYMENT,2565.39,30710.0,28144.61,0.0,0.0,0
1,DEBIT,2050.83,23247.0,21196.17,485446.05,267912.2,0
1,PAYMENT,7199.26,123307.0,116107.74,0.0,0.0,0
1,PAYMENT,5843.74,0.0,0.0,0.0,0.0,0
1,CASH_OUT,127143.23,0.0,0.0,587422.29,877201.48,0
1,CASH_OUT,276138.13,177971.0,0.0,10599.0,0.0,0
1,PAYMENT,265.8,3767.0,3501.2,0.0,0.0,0
1,PAYMENT,2211.53,20478.0,18266.47,0.0,0.0,0
1,PAYMENT,5298.21,487063.0,481764.79,0.0,0.0,0
1,PAYMENT,3904.44,1595.0,0.0,0.0,0.0,0
1,PAYMENT,3679.37,64106.18,60426.81,0.0,0.0,0
1,CASH_OUT,432168.02,60426.81,0.0,2107778.11,1923836.34,0
1,PAYMENT,8001.69,51106.0,43104.31,0.0,0.0,0
1,PAYMENT,1361.26,22691.0,21329.74,0.0,0.0,0
1,PAYMENT,3638.87,46462.23,42823.36,0.0,0.0,0
1,CASH_IN,54152.03,42823.36,96975.39,11400000.0,10700000.0,0
1,CASH_IN,22765.47,96975.39,119740.86,117682.0,81993.37,0
1,CASH_IN,133621.41,119740.86,253362.28,158433.78,24812.36,0
1,CASH_IN,215511.92,253362.28,468874.2,1271509.17,1187114.17,0
1,CASH_IN,205612.49,468874.2,674486.68,557537.26,74144.04,0
1,CASH_IN,113486.72,674486.68,787973.4,185389.8,71903.08,0
1,CASH_IN,38883.63,787973.4,826857.03,122750.49,83866.86,0
1,CASH_IN,242679.64,826857.03,1069536.68,5452378.71,5056707.37,0
1,CASH_IN,17791.71,1069536.68,1087328.38,20904.0,3112.29,0
1,CASH_IN,248307.1,1087328.38,1335635.48,11400000.0,10700000.0,0
1,CASH_IN,911.76,1335635.48,1336547.24,48321.6,47409.85,0
1,CASH_IN,203301.58,1336547.24,1539848.82,2025098.66,1791710.89,0
1,CASH_IN,457363.51,1539848.82,1997212.32,6554171.44,6534746.07,0
1,CASH_IN,126950.91,1997212.32,2124163.23,1091231.39,483173.63,0
1,CASH_IN,34638.53,2124163.23,2158801.76,287548.75,82846.67,0
1,CASH_IN,152873.19,2158801.76,2311674.95,342485.0,75329.4,0
1,CASH_IN,27363.26,2311674.95,2339038.21,19200000.0,18100000.0,0
1,CASH_IN,184263.87,2339038.21,2523302.08,10700000.0,10100000.0,0
1,CASH_IN,178912.5,2523302.08,2702214.59,302417.0,17504.47,0
1,CASH_IN,37590.03,2702214.59,2739804.62,375432.34,84916.82,0
1,CASH_IN,172844.87,2739804.62,2912649.49,5856433.12,5579568.65,0
1,CASH_IN,131027.05,2912649.49,3043676.54,178120.16,10317.66,0
1,CASH_IN,44873.56,3043676.54,3088550.1,1363368.51,0.0,0
1,CASH_IN,405429.47,3088550.1,3493979.56,2444985.19,2107162.1,0
1,CASH_IN,44809.72,3493979.56,3538789.28,5683588.25,5579568.65,0
1,CASH_IN,1076.27,3538789.28,3539865.55,22774.25,23539.55,0
1,CASH_IN,61546.97,3539865.55,3601412.53,217862.21,8722.97,0
1,CASH_IN,135665.1,3601412.53,3737077.62,248817.48,379539.92,0
1,CASH_IN,36040.39,3737077.62,3773118.02,51291.0,0.0,0
1,CASH_IN,33692.43,3773118.02,3806810.45,1114787.21,1259045.81,0
1,CASH_IN,312061.25,3806810.45,4118871.69,1178808.14,0.0,0
1,CASH_IN,160565.0,4118871.69,4279436.69,841929.03,1097218.45,0
1,CASH_IN,226580.84,4279436.69,4506017.53,286737.13,0.0,0
1,CASH_IN,71176.26,4506017.53,4577193.8,2539946.14,1923836.34,0
1,CASH_IN,223565.38,4577193.8,4800759.18,343264.42,176131.8,0
1,CASH_IN,208664.25,4800759.18,4800759.18,4800759.18,7416184.79,0
1,CASH_IN,425986.84,4800759.18,5226746.02,19100000.0,18100000.0,0
1,CASH_IN,100127.4,5226746.02,5326873.42,209548.6,109421.19,0
1,CASH_IN,95564.34,5326873.42,5422437.76,97263.78,1699.44,0
1,CASH_IN,484.57,5422437.76,5422922.33,5638778.53,5579568.65,0
1,CASH_IN,113287.66,5422922.33,5536209.99,113563.29,0.0,0
1,CASH_IN,92398.49,5536209.99,5628608.48,1318494.95,0.0,0
1,CASH_IN,198303.64,5628608.48,5826912.11,10100000.0,9367714.52,0
1,CASH_IN,126873.28,5826912.11,5953785.39,9861578.52,9367714.52,0
1,CASH_IN,12229.75,5953785.39,5966015.15,15375.37,3145.61,0
1,CASH_IN,20490.81,5966015.15,5986505.96,21695.0,1204.19,0
1,CASH_IN,86419.78,5986505.96,6072925.74,714565.52,877201.48,0
1,CASH_IN,122464.68,6072925.74,6195390.42,293802.68,352750.76,0
1,CASH_IN,18598.96,6195390.42,6213989.38,361384.16,637928.74,0
1,CASH_IN,287126.8,6213989.38,6501116.17,790976.57,138395.49,0
1,CASH_IN,8261.33,6501116.17,6509377.51,90948.3,138627.65,0
1,CASH_IN,301755.98,6509377.51,6509377.51,6509377.51,7416184.79,0
1,CASH_IN,121723.0,6509377.51,6631100.51,519973.96,135715.81,0
1,CASH_IN,110654.09,6631100.51,6741754.6,201104.63,90450.54,0
1,CASH_IN,23795.08,6741754.6,6765549.68,39894.0,0.0,0
1,CASH_IN,130638.93,6765549.68,6896188.61,351924.78,74144.04,0
1,CASH_IN,314025.37,6896188.61,7210213.98,1767280.15,1070702.75,0
1,CASH_IN,90540.93,7210213.98,7300754.91,181049.46,97990.29,0
1,CASH_IN,109718.72,7300754.91,7410473.63,123504.5,17504.47,0
1,CASH_IN,61515.99,7410473.63,7471989.62,18700000.0,18100000.0,0
1,CASH_IN,43478.09,7471989.62,7515467.71,124103.0,173135.98,0
1,PAYMENT,4541.85,198.0,0.0,0.0,0.0,0
1,PAYMENT,525.89,8496.61,7970.72,0.0,0.0,0
1,PAYMENT,353.62,7970.72,7617.1,0.0,0.0,0
1,PAYMENT,6257.76,22163.0,15905.24,0.0,0.0,0
2,PAYMENT,1826.81,24622.0,22795.19,0.0,0.0,0
2,PAYMENT,7709.2,52152.0,44442.8,0.0,0.0,0
2,PAYMENT,3023.16,178.0,0.0,0.0,0.0,0
2,PAYMENT,3708.43,0.0,0.0,0.0,0.0,0
2,PAYMENT,8702.16,20929.0,12226.84,0.0,0.0,0
2,PAYMENT,1552.48,485.0,0.0,0.0,0.0,0
2,PAYMENT,5427.59,6307.0,879.41,0.0,0.0,0
2,PAYMENT,5179.7,105425.0,100245.3,0.0,0.0,0
2,PAYMENT,292.45,157212.0,156919.55,0.0,0.0,0
2,PAYMENT,4424.09,10691.0,6266.91,0.0,0.0,0
2,PAYMENT,13400.4,297576.0,284175.6,0.0,0.0,0
2,PAYMENT,10967.1,284175.6,273208.5,0.0,0.0,0
2,PAYMENT,16171.2,679.0,0.0,0.0,0.0,0
2,CASH_IN,171039.04,19276.0,190315.04,4800392.81,4629353.77,0
2,PAYMENT,1876.99,38629.0,36752.01,0.0,0.0,0
2,PAYMENT,8053.59,80291.0,72237.41,0.0,0.0,0
2,PAYMENT,458.45,108051.0,107592.55,0.0,0.0,0
2,DEBIT,3167.07,131947.57,128780.5,628145.74,877201.48,0
2,PAYMENT,6550.89,128780.5,122229.61,0.0,0.0,0
2,PAYMENT,191.73,1077.0,885.27,0.0,0.0,0
2,PAYMENT,14287.64,885.27,0.0,0.0,0.0,0
2,PAYMENT,3849.14,20303.0,16453.86,0.0,0.0,0
2,PAYMENT,9006.17,30911.0,21904.83,0.0,0.0,0
2,PAYMENT,2876.88,109.0,0.0,0.0,0.0,0
2,PAYMENT,1128.88,89406.0,88277.12,0.0,0.0,0
2,PAYMENT,4089.67,124579.0,120489.33,0.0,0.0,0
2,PAYMENT,3021.67,10215.0,7193.33,0.0,0.0,0
2,PAYMENT,5061.75,21090.0,16028.25,0.0,0.0,0
2,PAYMENT,7807.42,29982.0,22174.58,0.0,0.0,0
2,PAYMENT,10684.01,22174.58,11490.57,0.0,0.0,0
2,PAYMENT,6328.21,9009.0,2680.79,0.0,0.0,0
2,PAYMENT,6125.72,20994.0,14868.28,0.0,0.0,0
2,CASH_IN,186660.82,56323.93,242984.75,0.0,0.0,0
2,CASH_IN,168258.14,242984.75,411242.89,7515467.71,7416184.79,0
2,CASH_IN,142236.29,411242.89,553479.18,424250.45,282014.16,0
2,CASH_IN,29488.46,553479.18,582967.64,3554299.27,3541578.38,0
2,CASH_IN,452478.54,582967.64,1035446.18,3997768.55,2798692.37,0
2,CASH_IN,206432.17,1035446.18,1241878.36,260175.23,53743.06,0
2,CASH_IN,88447.92,1241878.36,1330326.28,11100000.0,10700000.0,0
2,CASH_IN,68513.25,1330326.28,1398839.54,156315.24,8722.97,0
2,CASH_IN,147141.81,1398839.54,1545981.34,221285.85,74144.04,0
2,CASH_IN,208973.73,1545981.34,1754955.07,2999734.12,2906551.06,0
2,CASH_IN,202758.62,1754955.07,1957713.69,631528.6,45982.28,0
2,CASH_IN,305762.25,1957713.69,1957713.69,1957713.69,8813776.61,0
2,CASH_IN,238861.93,1957713.69,2196575.62,12400000.0,11900000.0,0
2,CASH_IN,156534.89,2196575.62,2353110.51,483525.74,11142.89,0
2,CASH_IN,255232.66,2353110.51,2608343.17,337842.3,84916.82,0
2,CASH_IN,564827.72,2608343.17,3173170.89,3545290.01,2798692.37,0
2,CASH_IN,297037.63,3173170.89,3470208.52,593737.38,1528227.01,0
2,CASH_IN,129909.22,3470208.52,3600117.74,1226096.46,0.0,0
2,CASH_IN,209929.52,3600117.74,3810047.26,708608.07,449166.44,0
2,CASH_IN,9023.2,3810047.26,3819070.46,1055997.26,1187114.17,0
2,CASH_IN,20000.32,3819070.46,3839070.78,62933.0,13002.91,0
2,CASH_IN,172485.68,3839070.78,4011556.46,434269.29,469207.53,0
2,CASH_IN,260880.32,4011556.46,4272436.78,2468769.87,1923836.34,0
2,CASH_IN,398355.98,4272436.78,4670792.76,9734705.24,9367714.52,0
2,CASH_IN,131637.92,4670792.76,4802430.68,199873.79,68235.87,0
2,CASH_IN,52309.48,4802430.68,4854740.16,67762.92,15453.44,0
2,CASH_IN,46615.49,4854740.16,4901355.64,189611.81,75329.4,0
2,CASH_IN,174213.34,4901355.64,5075568.98,1557034.82,1155321.27,0
2,CASH_IN,98104.83,5075568.98,5173673.81,487496.88,267912.2,0
2,CASH_IN,67666.92,5173673.81,5241340.73,142996.32,75329.4,0
2,CASH_IN,177577.58,5241340.73,5418918.31,428769.98,45982.28,0
2,CASH_IN,308322.0,5418918.31,5727240.3,12200000.0,11900000.0,0
2,CASH_IN,121479.85,5727240.3,5848720.16,389392.05,267912.2,0
2,CASH_IN,320217.01,5848720.16,6168937.16,326990.85,11142.89,0
2,CASH_IN,28247.25,6168937.16,6197184.41,204741.13,51574.35,0
2,CASH_IN,83247.74,6197184.41,6280432.15,631312.81,877201.48,0
2,CASH_IN,64978.38,6280432.15,6345410.53,284927.14,0.0,0
2,CASH_IN,278703.6,6345410.53,6624114.13,364773.76,86070.17,0
2,CASH_IN,158226.9,6624114.13,6782341.03,9336349.25,9367714.52,0
2,CASH_IN,284839.92,6782341.03,7067180.95,2207889.56,1923836.34,0
2,CASH_IN,137964.43,7067180.95,7205145.37,6096807.93,6534746.07,0
2,CASH_IN,160690.6,7205145.37,7365835.98,10500000.0,10100000.0,0
2,CASH_IN,72644.99,7365835.98,7438480.97,3524810.81,3541578.38,0
2,CASH_IN,151228.18,7438480.97,7589709.15,503849.77,138395.49,0
2,CASH_IN,29929.77,7589709.15,7619638.92,42932.68,13002.91,0
2,CASH_IN,30070.91,7619638.92,7649709.82,53275.0,241346.84,0
2,CASH_IN,209159.54,7649709.82,7858869.37,603117.3,393957.76,0
2,CASH_IN,109768.65,7858869.37,7968638.01,3668518.43,3419944.48,0
2,CASH_IN,216556.93,7968638.01,8185194.94,1453254.77,1070702.75,0
2,CASH_IN,85917.73,8185194.94,8271112.67,387263.02,360326.58,0
2,CASH_IN,208366.03,8271112.67,8479478.7,2980462.29,2798692.37,0
2,CASH_IN,36251.27,8479478.7,8515729.97,87060.0,206.12,0
2,CASH_IN,149683.03,8515729.97,8665413.0,4325493.65,3964356.31,0
2,CASH_IN,56238.58,8665413.0,8721651.58,103695.75,47457.17,0
2,CASH_IN,105173.53,8721651.58,8826825.11,139915.18,64836.97,0
2,CASH_IN,32852.19,8826825.11,8859677.3,5638293.96,5579568.65,0
2,CASH_IN,22096.38,8859677.3,8881773.68,871439.65,330085.6,0
2,PAYMENT,3840.87,17057.0,13216.13,0.0,0.0,0
2,TRANSFER,53763.65,539.0,0.0,3883.96,86242.27,0
2,PAYMENT,3604.2,112703.0,109098.8,0.0,0.0,0
2,TRANSFER,106141.92,109098.8,2956.89,849343.27,330085.6,0
2,TRANSFER,82616.3,2956.89,0.0,106637.0,283047.18,0
2,TRANSFER,149935.68,0.0,0.0,204822.85,354758.53,0
2,TRANSFER,13126.23,0.0,0.0,15349.0,0.0,0
2,PAYMENT,2507.52,5242.0,2734.48,0.0,0.0,0
2,DEBIT,3718.7,20793.0,17074.3,13785.78,17504.47,0
2,PAYMENT,4343.55,30732.0,26388.45,0.0,0.0,0
2,PAYMENT,157.91,172.0,14.09,0.0,0.0,0
2,CASH_OUT,55898.94,14.09,0.0,525593.05,792325.38,0
2,PAYMENT,3838.0,1995.0,0.0,0.0,0.0,0
2,PAYMENT,2038.61,30034.0,27995.39,0.0,0.0,0
2,CASH_OUT,52054.69,27995.39,0.0,11900000.0,11900000.0,0
2,PAYMENT,61.68,6461.0,6399.32,0.0,0.0,0
2,PAYMENT,10553.58,130239.0,119685.42,0.0,0.0,0
2,PAYMENT,9034.36,19862.0,10827.64,0.0,0.0,0
2,DEBIT,1332.91,5582.0,4249.09,31184.0,0.0,0
2,PAYMENT,13832.09,4249.09,0.0,0.0,0.0,0
2,PAYMENT,29.26,10460.0,10430.74,0.0,0.0,0
2,CASH_OUT,26596.11,10430.74,0.0,2772096.26,2798692.37,0
2,PAYMENT,5179.74,24506.0,19326.26,0.0,0.0,0
2,PAYMENT,1470.16,39703.0,38232.84,0.0,0.0,0
2,PAYMENT,11760.28,74741.0,62980.72,0.0,0.0,0
2,PAYMENT,4733.94,731863.0,727129.06,0.0,0.0,0
2,PAYMENT,6466.5,14990.0,8523.5,0.0,0.0,0
2,DEBIT,7677.73,92385.0,84707.27,1236697.84,1070702.75,0
2,TRANSFER,147176.03,31755.0,0.0,80624.91,173135.98,0
2,DEBIT,309.33,70255.0,69945.67,583425.68,61151.23,0
2,PAYMENT,819.45,356658.0,355838.55,0.0,0.0,0
2,PAYMENT,8892.44,30607.0,21714.56,0.0,0.0,0
2,PAYMENT,311.38,1461.0,1149.62,0.0,0.0,0
2,CASH_OUT,222108.22,1149.62,0.0,5958843.51,6534746.07,0
2,PAYMENT,4485.32,250393.0,245907.68,0.0,0.0,0
2,DEBIT,4241.78,57664.0,53422.22,16900000.0,16700000.0,0
2,PAYMENT,9723.57,20027.0,10303.43,0.0,0.0,0
2,TRANSFER,38473.99,203.0,0.0,0.0,38473.99,0
2,PAYMENT,24445.19,0.0,0.0,0.0,0.0,0
2,PAYMENT,2976.86,771.0,0.0,0.0,0.0,0
2,PAYMENT,15774.38,0.0,0.0,0.0,0.0,0
2,PAYMENT,4723.65,239578.0,234854.35,0.0,0.0,0
2,PAYMENT,3452.17,345.0,0.0,0.0,0.0,0
2,PAYMENT,21501.47,215933.0,194431.53,0.0,0.0,0
2,PAYMENT,3562.21,2170.0,0.0,0.0,0.0,0
2,PAYMENT,311.28,19221.0,18909.72,0.0,0.0,0
2,PAYMENT,6190.73,4022.0,0.0,0.0,0.0,0
2,PAYMENT,380.02,196.0,0.0,0.0,0.0,0
2,CASH_OUT,65971.82,0.0,0.0,84212.94,10659.79,0
2,PAYMENT,9971.14,40653.0,30681.86,0.0,0.0,0
2,PAYMENT,4700.07,4115.0,0.0,0.0,0.0,0
2,PAYMENT,349.63,9037.0,8687.37,0.0,0.0,0
2,PAYMENT,5581.28,106305.0,100723.72,0.0,0.0,0
2,DEBIT,2290.11,54507.3,52217.19,157289.57,147251.58,0
2,PAYMENT,12165.21,52217.19,40051.99,0.0,0.0,0
2,PAYMENT,1383.91,40051.99,38668.08,0.0,0.0,0
2,TRANSFER,106622.7,30870.0,0.0,73012.0,141949.63,0
2,DEBIT,634.95,30365.0,29730.05,83845.22,6768.24,0
2,PAYMENT,6013.05,43830.0,37816.95,0.0,0.0,0
2,PAYMENT,15186.43,20145.0,4958.57,0.0,0.0,0
2,DEBIT,2307.17,15629.0,13321.83,82609.64,84916.82,0
2,PAYMENT,9541.85,5356.0,0.0,0.0,0.0,0
2,PAYMENT,5206.23,243.0,0.0,0.0,0.0,0
2,PAYMENT,5260.41,454.0,0.0,0.0,0.0,0
2,PAYMENT,9105.32,10229.0,1123.68,0.0,0.0,0
2,PAYMENT,4918.9,2391.0,0.0,0.0,0.0,0
2,PAYMENT,14349.18,0.0,0.0,0.0,0.0,0
2,PAYMENT,16947.34,28890.0,11942.66,0.0,0.0,0
2,PAYMENT,10211.96,31064.0,20852.04,0.0,0.0,0
2,PAYMENT,3073.34,11216.0,8142.66,0.0,0.0,0
2,PAYMENT,17453.51,21804.0,4350.49,0.0,0.0,0
2,PAYMENT,514.74,7594.0,7079.26,0.0,0.0,0
2,PAYMENT,12039.23,243.0,0.0,0.0,0.0,0
2,PAYMENT,6019.63,61841.0,55821.37,0.0,0.0,0
2,PAYMENT,4478.67,10604.0,6125.33,0.0,0.0,0
2,PAYMENT,6614.92,10418.0,3803.08,0.0,0.0,0
2,PAYMENT,8181.09,114752.0,106570.91,0.0,0.0,0
2,CASH_OUT,140396.66,108841.0,0.0,0.0,52845.35,0
2,PAYMENT,425.31,20748.0,20322.69,0.0,0.0,0
2,PAYMENT,2830.73,263.0,0.0,0.0,0.0,0
2,PAYMENT,7449.2,50487.0,43037.8,0.0,0.0,0
2,PAYMENT,11528.22,32530.0,21001.78,0.0,0.0,0
2,PAYMENT,162.17,168.0,5.83,0.0,0.0,0
2,DEBIT,1019.87,27035.0,26015.13,26990.0,0.0,0
2,PAYMENT,7832.2,26015.13,18182.93,0.0,0.0,0
2,PAYMENT,4151.85,21077.0,16925.15,0.0,0.0,0
2,PAYMENT,18763.84,183.0,0.0,0.0,0.0,0
2,PAYMENT,4691.54,20682.0,15990.46,0.0,0.0,0
2,PAYMENT,18062.09,10788.0,0.0,0.0,0.0,0
2,CASH_OUT,48899.07,0.0,0.0,171337.99,352750.76,0
2,PAYMENT,9371.85,7312.0,0.0,0.0,0.0,0
2,CASH_OUT,56432.77,0.0,0.0,119699.03,176131.8,0
2,PAYMENT,7303.17,255811.0,248507.83,0.0,0.0,0
2,DEBIT,677.53,37067.0,36389.47,9376.0,10053.53,0
2,PAYMENT,5560.25,1169748.85,1164188.6,0.0,0.0,0
2,CASH_IN,216179.58,1164188.6,1380368.18,425381.0,209201.42,0
2,CASH_IN,62802.61,1380368.18,1443170.79,193018.94,0.0,0
2,CASH_IN,351633.67,1443170.79,1794804.46,11000000.0,10700000.0,0
2,CASH_IN,696979.11,1794804.46,2491783.57,955485.19,330085.6,0
2,CASH_IN,44137.21,2491783.57,2535920.78,971418.91,1166470.9,0
2,CASH_IN,31898.13,2535920.78,2567818.91,61695.0,0.0,0
2,CASH_IN,139524.98,2567818.91,2707343.89,150184.77,10659.79,0
2,CASH_IN,23895.37,2707343.89,2731239.25,45948.64,22053.28,0
2,CASH_IN,107547.52,2731239.25,2838786.77,1081094.78,1259045.81,0
2,CASH_IN,24889.66,2838786.77,2863676.43,261783.61,469207.53,0
2,CASH_IN,262535.15,2863676.43,3126211.59,398250.96,135715.81,0
2,CASH_IN,286710.32,3126211.59,3412921.91,1821797.08,1791710.89,0
2,CASH_IN,241906.13,3412921.91,3654828.04,246269.21,0.0,0
2,CASH_IN,227500.21,3654828.04,3882328.25,1382821.48,1155321.27,0
2,CASH_IN,353902.72,3882328.25,4236230.97,583735.01,61151.23,0
2,CASH_IN,138805.3,4236230.97,4375036.28,3558749.78,3419944.48,0
2,CASH_IN,126516.27,4375036.28,4501552.55,202636.54,76120.27,0
2,CASH_IN,121752.39,4501552.55,4623304.93,4474819.61,4410975.57,0
2,CASH_IN,214226.11,4623304.93,4837531.04,352621.6,138395.49,0
2,CASH_IN,140691.04,4837531.04,4978222.08,2790760.39,2906551.06,0
2,CASH_IN,42646.67,4978222.08,5020868.75,82649.0,40002.33,0
2,CASH_IN,218881.33,5020868.75,5239750.08,1923049.64,1923836.34,0
2,CASH_IN,200373.08,5239750.08,5440123.16,10300000.0,10100000.0,0
2,CASH_IN,79079.01,5440123.16,5519202.17,87801.99,8722.97,0
2,CASH_IN,36775.45,5519202.17,5555977.62,47093.11,10317.66,0
2,CASH_IN,49512.11,5555977.62,5605489.74,498678.55,449166.44,0
2,CASH_IN,170063.55,5605489.74,5775553.29,252910.22,82846.67,0
2,CASH_IN,88510.71,5775553.29,5864064.0,1180072.71,744264.96,0
2,CASH_IN,116197.94,5864064.0,5980261.95,1091562.0,744264.96,0
2,CASH_IN,193954.94,5980261.95,6174216.89,16900000.0,16700000.0,0
2,CASH_IN,94841.38,6174216.89,6269058.27,5605441.77,5579568.65,0
2,CASH_IN,275712.54,6269058.27,6269058.27,6269058.27,11100000.0,0
2,CASH_IN,38978.32,6269058.27,6308036.58,975364.06,744264.96,0
2,CASH_IN,63116.69,6308036.58,6371153.27,124106.53,34856.89,0
2,CASH_IN,28652.4,6371153.27,6399805.66,215851.28,281857.03,0
2,CASH_IN,391970.1,6399805.66,6791775.76,18700000.0,18100000.0,0
2,CASH_IN,157570.4,6791775.76,6949346.16,1244375.57,1070702.75,0
2,CASH_IN,152991.7,6949346.16,7102337.86,5209699.06,5056707.37,0
2,CASH_IN,252555.37,7102337.86,7354893.23,10500000.0,10200000.0,0
2,CASH_IN,143669.66,7354893.23,7498562.89,681364.03,1097218.45,0
2,CASH_IN,77711.94,7498562.89,7576274.83,84480.17,6768.24,0
2,CASH_IN,81687.69,7576274.83,7657962.52,130747.56,49059.87,0
2,CASH_IN,211454.31,7657962.52,7869416.83,4175810.62,3964356.31,0
2,CASH_IN,70396.7,7869416.83,7939813.54,141110.62,70713.92,0
2,CASH_IN,87551.31,7939813.54,8027364.84,140396.66,52845.35,0
2,CASH_IN,70060.61,8027364.84,8097425.46,936385.74,744264.96,0
2,CASH_IN,119084.3,8097425.46,8216509.75,130216.32,0.0,0
2,CASH_IN,63590.82,8216509.75,8280100.58,122229.61,58638.78,0
2,CASH_IN,124919.54,8280100.58,8405020.12,176493.89,51574.35,0
2,CASH_IN,481106.85,8405020.12,8886126.96,964280.48,483173.63,0
2,CASH_IN,54664.96,8886126.96,8940791.92,227800.94,173135.98,0
2,CASH_IN,56316.65,8940791.92,8997108.57,57647.6,86242.27,0
2,CASH_IN,9638.88,8997108.57,9006747.44,15448.0,0.0,0
2,CASH_IN,79346.19,9006747.44,9086093.64,2039555.72,2107162.1,0
2,CASH_IN,54168.83,9086093.64,9140262.47,927281.7,1166470.9,0
2,CASH_IN,93187.96,9140262.47,9233450.43,1704168.3,1923836.34,0
2,CASH_IN,139740.04,9233450.43,9373190.47,18300000.0,18100000.0,0
2,CASH_IN,132890.64,9373190.47,9506081.11,1960209.53,2107162.1,0
2,CASH_IN,31876.77,9506081.11,9506081.11,9506081.11,11100000.0,0
2,CASH_IN,212291.34,9506081.11,9718372.45,251192.4,45982.28,0
2,CASH_IN,103835.15,9718372.45,9822207.6,1086805.17,1070702.75,0
2,CASH_IN,67997.07,9822207.6,9890204.67,8881773.68,8813776.61,0
2,CASH_IN,123950.2,9890204.67,10000000.0,866325.13,744264.96,0
2,CASH_IN,313452.48,10000000.0,10300000.0,537694.37,1097218.45,0
2,CASH_IN,168681.06,10300000.0,10500000.0,229832.29,61151.23,0
2,CASH_IN,160370.33,10500000.0,10700000.0,10300000.0,10200000.0,0
2,PAYMENT,10324.3,5809.12,0.0,0.0,0.0,0
2,PAYMENT,24953.83,0.0,0.0,0.0,0.0,0
2,DEBIT,7257.37,32516.91,25259.53,22233.65,29491.02,0
2,CASH_OUT,101226.51,25259.53,0.0,236893.95,469207.53,0
2,PAYMENT,3382.36,148.0,0.0,0.0,0.0,0
2,DEBIT,6459.82,244813.0,238353.18,9807.8,17320.91,0
2,PAYMENT,2678.1,84754.0,82075.9,0.0,0.0,0
2,TRANSFER,365254.36,24354.0,0.0,296699.75,1528227.01,0
2,PAYMENT,10625.49,35805.0,25179.51,0.0,0.0,0
2,DEBIT,5230.89,12380.0,7149.11,973547.26,1259045.81,0
2,PAYMENT,31958.09,7149.11,0.0,0.0,0.0,0
2,PAYMENT,2449.65,337.0,0.0,0.0,0.0,0
2,PAYMENT,6723.8,5306.0,0.0,0.0,0.0,0
2,PAYMENT,1327.37,159579.68,158252.31,0.0,0.0,0
2,PAYMENT,11000.73,158252.31,147251.58,0.0,0.0,0
2,PAYMENT,1576.82,186381.0,184804.18,0.0,0.0,0
2,PAYMENT,14229.35,184804.18,170574.82,0.0,0.0,0
2,PAYMENT,2280.09,170574.82,168294.74,0.0,0.0,0
2,TRANSFER,108157.51,11891.0,0.0,18474.7,126632.21,0
2,PAYMENT,10909.31,11466.0,556.69,0.0,0.0,0
2,PAYMENT,3236.42,2042.0,0.0,0.0,0.0,0
2,PAYMENT,2153.63,21879.07,19725.43,0.0,0.0,0
2,PAYMENT,15803.6,19725.43,3921.83,0.0,0.0,0
2,PAYMENT,2040.71,3921.83,1881.12,0.0,0.0,0
2,PAYMENT,10693.28,1881.12,0.0,0.0,0.0,0
2,PAYMENT,13651.49,0.0,0.0,0.0,0.0,0
2,PAYMENT,5954.41,0.0,0.0,0.0,0.0,0
2,PAYMENT,3493.65,0.0,0.0,0.0,0.0,0
2,PAYMENT,7699.52,0.0,0.0,0.0,0.0,0
2,PAYMENT,1612.26,13262.0,11649.74,0.0,0.0,0
2,PAYMENT,3000.33,11649.74,8649.41,0.0,0.0,0
2,PAYMENT,5898.58,84672.0,78773.42,0.0,0.0,0
2,PAYMENT,6490.35,78773.42,72283.07,0.0,0.0,0
2,PAYMENT,2388.04,50922.0,48533.96,0.0,0.0,0
2,PAYMENT,5398.19,1488.0,0.0,0.0,0.0,0
2,PAYMENT,7201.74,104385.0,97183.26,0.0,0.0,0
2,PAYMENT,12882.91,20640.0,7757.09,0.0,0.0,0
2,CASH_IN,71045.05,5724.0,76769.05,0.0,0.0,0
2,PAYMENT,5769.55,60891.0,55121.45,0.0,0.0,0
2,PAYMENT,9633.82,6847.0,0.0,0.0,0.0,0
2,PAYMENT,7094.53,0.0,0.0,0.0,0.0,0
2,PAYMENT,12710.27,325690.0,312979.73,0.0,0.0,0
2,PAYMENT,15630.0,55762.0,40132.0,0.0,0.0,0
2,PAYMENT,906.96,429667.0,428760.04,0.0,0.0,0
2,PAYMENT,626.6,82471.0,81844.4,0.0,0.0,0
2,PAYMENT,150.35,3684.0,3533.65,0.0,0.0,0
2,PAYMENT,16811.1,71872.0,55060.9,0.0,0.0,0
2,PAYMENT,9707.6,1139.0,0.0,0.0,0.0,0
2,DEBIT,3882.8,15135.0,11252.2,9980.32,13863.12,0
2,PAYMENT,8545.5,53188.0,44642.5,0.0,0.0,0
2,PAYMENT,6373.61,41765.0,35391.39,0.0,0.0,0
2,CASH_OUT,9255.25,35391.39,26136.14,38668.08,47923.33,0
2,CASH_OUT,36361.34,26136.14,0.0,1046974.06,1187114.17,0
2,CASH_OUT,68968.25,0.0,0.0,5510600.39,5579568.65,0
2,CASH_OUT,8760.71,0.0,0.0,7347209.57,7416184.79,0
2,CASH_OUT,18672.02,0.0,0.0,72283.07,90955.09,0
2,CASH_OUT,93793.88,0.0,0.0,189253.3,283047.18,0
2,CASH_OUT,51630.01,0.0,0.0,10100000.0,10200000.0,0
2,CASH_OUT,30095.32,0.0,0.0,34741.65,64836.97,0
2,CASH_OUT,214983.83,0.0,0.0,10700000.0,11100000.0,0
2,CASH_OUT,295143.53,0.0,0.0,342785.21,637928.74,0
2,CASH_OUT,454775.22,0.0,0.0,661954.11,1528227.01,0
2,CASH_OUT,341122.21,10066.0,0.0,0.0,592289.45,0
2,PAYMENT,5352.59,11307.0,5954.41,0.0,0.0,0
2,PAYMENT,3847.78,28475.23,24627.45,0.0,0.0,0
2,PAYMENT,925.63,24627.45,23701.82,0.0,0.0,0
2,PAYMENT,8024.95,90957.0,82932.05,0.0,0.0,0
2,PAYMENT,11378.85,207181.0,195802.15,0.0,0.0,0
2,PAYMENT,10994.82,963.0,0.0,0.0,0.0,0
2,PAYMENT,3414.39,9293.0,5878.61,0.0,0.0,0
2,PAYMENT,1958.03,60156.29,58198.26,0.0,0.0,0
2,CASH_OUT,312856.0,58198.26,0.0,1610980.34,1923836.34,0
2,PAYMENT,1563.69,104828.0,103264.31,0.0,0.0,0
2,PAYMENT,580.51,81948.0,81367.49,0.0,0.0,0
2,PAYMENT,1156.11,9044.0,7887.89,0.0,0.0,0
2,DEBIT,3462.64,66331.0,62868.36,64259.52,67722.17,0
2,PAYMENT,1666.17,29796.87,28130.7,0.0,0.0,0
2,CASH_OUT,94658.15,28130.7,0.0,187198.88,281857.03,0
2,CASH_OUT,68588.88,0.0,0.0,548065.07,877201.48,0
2,CASH_OUT,132382.57,2408.0,0.0,0.0,1095914.71,0
2,TRANSFER,148688.71,18702.0,0.0,0.0,217318.86,0
2,PAYMENT,1860.2,56541.0,54680.8,0.0,0.0,0
2,PAYMENT,10819.89,14639.0,3819.11,0.0,0.0,0
2,PAYMENT,3535.73,7020.0,3484.27,0.0,0.0,0
2,PAYMENT,2739.8,11383.0,8643.2,0.0,0.0,0
2,PAYMENT,7611.48,11519.0,3907.52,0.0,0.0,0
2,PAYMENT,5567.54,3907.52,0.0,0.0,0.0,0
2,PAYMENT,1946.14,0.0,0.0,0.0,0.0,0
2,PAYMENT,1413.15,0.0,0.0,0.0,0.0,0
2,PAYMENT,36622.73,0.0,0.0,0.0,0.0,0
2,PAYMENT,5222.53,0.0,0.0,0.0,0.0,0
2,PAYMENT,4153.3,0.0,0.0,0.0,0.0,0
2,PAYMENT,16473.03,0.0,0.0,0.0,0.0,0
2,PAYMENT,1863.03,0.0,0.0,0.0,0.0,0
2,PAYMENT,20461.89,0.0,0.0,0.0,0.0,0
2,PAYMENT,7676.41,0.0,0.0,0.0,0.0,0
2,PAYMENT,2531.09,0.0,0.0,0.0,0.0,0
2,PAYMENT,6183.46,0.0,0.0,0.0,0.0,0
2,PAYMENT,20442.39,0.0,0.0,0.0,0.0,0
2,PAYMENT,8596.25,0.0,0.0,0.0,0.0,0
2,PAYMENT,9657.66,0.0,0.0,0.0,0.0,0
2,PAYMENT,9914.5,113885.0,103970.5,0.0,0.0,0
2,PAYMENT,7182.0,4534.0,0.0,0.0,0.0,0
2,PAYMENT,22228.5,0.0,0.0,0.0,0.0,0
2,PAYMENT,117.32,12760.0,12642.68,0.0,0.0,0
2,DEBIT,1225.92,205205.0,203979.08,36938.0,36054.62,0
2,PAYMENT,2986.97,25831.0,22844.03,0.0,0.0,0
2,DEBIT,1890.03,39670.0,37779.97,742374.93,744264.96,0
2,CASH_OUT,108659.34,3674.0,0.0,16896.7,125556.04,0
2,PAYMENT,5966.29,19912.0,13945.71,0.0,0.0,0
2,PAYMENT,7810.47,13945.71,6135.24,0.0,0.0,0
2,DEBIT,2307.78,219948.76,217640.98,22876.0,25183.78,0
2,CASH_OUT,97601.12,217640.98,120039.86,99684.0,197285.12,0
2,CASH_OUT,48183.1,120039.86,71856.76,1412484.09,1791001.63,0
2,CASH_OUT,96785.24,71856.76,0.0,866746.9,0.0,0
2,CASH_OUT,256481.7,0.0,0.0,2650069.35,2906551.06,0
2,CASH_OUT,37493.87,0.0,0.0,10900000.0,11100000.0,0
2,CASH_OUT,58981.28,0.0,0.0,301345.29,360326.58,0
2,CASH_OUT,293358.03,0.0,0.0,873112.87,1166470.9,0
2,CASH_OUT,108702.86,0.0,0.0,6180951.73,6534746.07,0
2,CASH_OUT,210833.38,0.0,0.0,581492.0,792325.38,0
2,CASH_OUT,106336.36,0.0,0.0,224241.89,1097218.45,0
2,CASH_OUT,163717.43,0.0,0.0,10900000.0,11100000.0,0
2,CASH_OUT,280267.65,0.0,0.0,978778.15,1259045.81,0
2,CASH_OUT,381479.99,0.0,0.0,1116729.33,1528227.01,0
2,CASH_OUT,194008.39,0.0,0.0,330578.26,1097218.45,0
2,CASH_OUT,178805.23,0.0,0.0,524586.65,1097218.45,0
2,PAYMENT,385.23,54733.0,54347.77,0.0,0.0,0
2,PAYMENT,14925.71,434.0,0.0,0.0,0.0,0
2,PAYMENT,5919.22,399566.0,393646.78,0.0,0.0,0
2,PAYMENT,11689.02,41058.0,29368.98,0.0,0.0,0
2,PAYMENT,6330.85,12041.0,5710.15,0.0,0.0,0
2,PAYMENT,6604.34,290498.0,283893.66,0.0,0.0,0
2,PAYMENT,10625.75,63965.0,53339.25,0.0,0.0,0
2,CASH_OUT,74935.58,53339.25,0.0,616653.95,877201.48,0
2,DEBIT,3817.82,30406.0,26588.18,11132.03,0.0,0
2,CASH_OUT,69734.12,26588.18,0.0,233370.36,303104.48,0
2,PAYMENT,10534.49,25317.0,14782.51,0.0,0.0,0
2,PAYMENT,4486.69,13146.0,8659.31,0.0,0.0,0
2,PAYMENT,8757.09,419290.0,410532.91,0.0,0.0,0
2,DEBIT,1654.94,146980.0,145325.06,11147.0,12801.94,0
2,PAYMENT,1330.7,38163.92,36833.22,0.0,0.0,0
2,PAYMENT,778.6,36833.22,36054.62,0.0,0.0,0
2,PAYMENT,278.57,26197.0,25918.43,0.0,0.0,0
2,PAYMENT,3239.79,31074.0,27834.21,0.0,0.0,0
2,PAYMENT,2065.59,51284.0,49218.41,0.0,0.0,0
2,PAYMENT,1885.53,15250.61,13365.07,0.0,0.0,0
2,CASH_OUT,235419.91,13365.07,0.0,703391.88,1097218.45,0
2,CASH_IN,141982.52,49269.0,191251.52,11219.0,0.0,0
2,PAYMENT,3427.04,776.0,0.0,0.0,0.0,0
2,PAYMENT,9687.92,0.0,0.0,0.0,0.0,0
2,PAYMENT,772.01,0.0,0.0,0.0,0.0,0
2,PAYMENT,898.0,0.0,0.0,0.0,0.0,0
2,PAYMENT,4090.83,0.0,0.0,0.0,0.0,0
2,PAYMENT,3319.89,0.0,0.0,0.0,0.0,0
2,PAYMENT,16734.5,0.0,0.0,0.0,0.0,0
2,PAYMENT,10720.07,4051.0,0.0,0.0,0.0,0
2,PAYMENT,12786.76,155.0,0.0,0.0,0.0,0
2,CASH_OUT,71579.52,0.0,0.0,258506.08,330085.6,0
2,TRANSFER,203330.05,162442.0,0.0,113152.38,379539.92,0
2,PAYMENT,486.97,28329.0,27842.03,0.0,0.0,0
2,CASH_OUT,101485.5,27842.03,0.0,1083335.4,1187114.17,0
2,CASH_OUT,57908.35,0.0,0.0,4353067.22,4410975.57,0
2,CASH_OUT,87732.74,0.0,0.0,982970.02,1070702.75,0
2,CASH_OUT,185611.95,0.0,0.0,691589.53,877201.48,0
2,CASH_OUT,89412.56,0.0,0.0,3452165.82,3541578.38,0
2,CASH_OUT,158406.66,0.0,0.0,938811.79,1097218.45,0
2,CASH_OUT,358456.99,0.0,0.0,5371342.16,5729799.14,0
2,CASH_OUT,245091.49,0.0,0.0,6289654.59,6534746.07,0
2,CASH_OUT,115800.39,0.0,0.0,201197.0,316997.39,0
2,CASH_OUT,128357.05,0.0,0.0,341122.21,592289.45,0
2,CASH_OUT,256624.13,0.0,0.0,1535086.76,1791710.89,0
2,CASH_OUT,63057.49,0.0,0.0,316482.43,379539.92,0
2,CASH_OUT,330334.44,0.0,0.0,1460667.19,1791001.63,0
2,CASH_OUT,279843.2,0.0,0.0,1827318.89,2107162.1,0
2,PAYMENT,6473.31,15078.0,8604.69,0.0,0.0,0
2,PAYMENT,10399.14,43978.0,33578.86,0.0,0.0,0
2,PAYMENT,3580.23,25725.0,22144.77,0.0,0.0,0
2,PAYMENT,6531.24,22673.0,16141.76,0.0,0.0,0
2,PAYMENT,14462.98,100591.0,86128.02,0.0,0.0,0
2,PAYMENT,3489.41,333.0,0.0,0.0,0.0,0
2,PAYMENT,5822.2,70.0,0.0,0.0,0.0,0
2,PAYMENT,2768.58,19148.0,16379.42,0.0,0.0,0
2,PAYMENT,11559.81,16379.42,4819.61,0.0,0.0,0
2,PAYMENT,4706.29,94916.53,90210.24,0.0,0.0,0
2,PAYMENT,8216.87,90210.24,81993.37,0.0,0.0,0
2,PAYMENT,5122.98,20348.0,15225.02,0.0,0.0,0
2,DEBIT,2744.65,198.0,0.0,5417.23,8161.87,0
2,TRANSFER,336413.4,10162.0,0.0,254.0,187096.37,0
2,DEBIT,1053.29,11687.0,10633.71,16267.62,17320.91,0
2,PAYMENT,8886.96,23410.0,14523.04,0.0,0.0,0
2,PAYMENT,8543.51,14942.0,6398.49,0.0,0.0,0
2,DEBIT,7481.76,41487.0,34005.24,90508.53,97990.29,0
2,DEBIT,4198.49,169807.0,165608.51,3519099.83,3726770.23,0
2,PAYMENT,473.51,20452.0,19978.49,0.0,0.0,0
2,PAYMENT,4481.54,126.0,0.0,0.0,0.0,0
2,TRANSFER,132513.7,11636.0,0.0,220237.06,352750.76,0
2,DEBIT,6408.6,25457.0,19048.4,42900.67,49309.27,0
2,PAYMENT,5398.15,101749.0,96350.85,0.0,0.0,0
2,PAYMENT,722.75,37790.0,37067.25,0.0,0.0,0
2,PAYMENT,11101.89,51530.0,40428.11,0.0,0.0,0
2,PAYMENT,964.93,14731.0,13766.07,0.0,0.0,0
2,PAYMENT,2358.86,12086.0,9727.14,0.0,0.0,0
2,PAYMENT,9714.23,30912.0,21197.77,0.0,0.0,0
2,PAYMENT,5184.26,16098.92,10914.66,0.0,0.0,0
2,CASH_OUT,60214.51,10914.66,0.0,7355970.28,7416184.79,0
2,DEBIT,633.34,24065.0,23431.66,17860.54,18493.88,0
2,PAYMENT,499.09,23431.66,22932.57,0.0,0.0,0
2,PAYMENT,1150.36,41699.0,40548.64,0.0,0.0,0
2,PAYMENT,581.37,1632.0,1050.63,0.0,0.0,0
2,DEBIT,1131.72,193327.0,192195.28,45738.0,46869.72,0
2,PAYMENT,6069.06,11001.8,4932.75,0.0,0.0,0
2,TRANSFER,7081.22,4932.75,0.0,38901.06,45982.28,0
2,PAYMENT,4373.69,11248.0,6874.31,0.0,0.0,0
2,DEBIT,4369.05,9027.0,4657.95,6773.84,11142.89,0
2,PAYMENT,2767.59,208.0,0.0,0.0,0.0,0
2,PAYMENT,4821.26,249452.0,244630.74,0.0,0.0,0
2,PAYMENT,2471.19,19609.0,17137.81,0.0,0.0,0
2,TRANSFER,41446.48,727.0,0.0,61720.85,103167.33,0
2,PAYMENT,10006.72,2051.0,0.0,0.0,0.0,0
2,PAYMENT,6108.27,21703.0,15594.73,0.0,0.0,0
2,CASH_OUT,122810.19,15594.73,0.0,469479.26,592289.45,0
2,PAYMENT,10738.05,51790.0,41051.95,0.0,0.0,0
2,DEBIT,4674.03,11556.0,6881.97,18641.45,23315.48,0
2,PAYMENT,4570.29,6881.97,2311.67,0.0,0.0,0
2,DEBIT,3995.57,106919.0,102923.43,12145.85,16141.42,0
2,DEBIT,702.32,31423.0,30720.68,11100000.0,11100000.0,0
2,PAYMENT,7312.49,16521.0,9208.51,0.0,0.0,0
2,PAYMENT,3567.5,9208.51,5641.01,0.0,0.0,0
2,PAYMENT,1994.71,5641.01,3646.3,0.0,0.0,0
2,PAYMENT,1657.09,28009.87,26352.78,0.0,0.0,0
2,TRANSFER,68630.15,26352.78,0.0,148688.71,217318.86,0
2,PAYMENT,3095.41,480.0,0.0,0.0,0.0,0
2,PAYMENT,1971.81,5363.0,3391.19,0.0,0.0,0
2,PAYMENT,3121.81,16733.0,13611.19,0.0,0.0,0
2,PAYMENT,4987.75,21420.0,16432.25,0.0,0.0,0
2,PAYMENT,5143.81,50808.73,45664.93,0.0,0.0,0
2,CASH_OUT,45458.81,45664.93,206.12,63112.23,108571.04,0
2,PAYMENT,8723.42,39742.0,31018.58,0.0,0.0,0
2,PAYMENT,10805.83,311117.0,300311.17,0.0,0.0,0
2,PAYMENT,9446.02,395.0,0.0,0.0,0.0,0
2,PAYMENT,9145.05,6419.29,0.0,0.0,0.0,0
2,CASH_OUT,55940.69,0.0,0.0,82686.96,138627.65,0
2,PAYMENT,5745.53,21032.0,15286.47,0.0,0.0,0
2,PAYMENT,4249.18,39989.0,35739.82,0.0,0.0,0
2,PAYMENT,7667.38,179634.7,171967.32,0.0,0.0,0
2,CASH_OUT,30017.69,171967.32,141949.63,1498209.32,1528227.01,0
2,PAYMENT,5812.29,194245.0,188432.71,0.0,0.0,0
2,PAYMENT,2292.68,20932.0,18639.32,0.0,0.0,0
2,PAYMENT,2959.21,11764.0,8804.79,0.0,0.0,0
2,PAYMENT,881.53,8804.79,7923.27,0.0,0.0,0
2,PAYMENT,15245.32,29982.0,14736.68,0.0,0.0,0
2,PAYMENT,4468.28,26275.0,21806.72,0.0,0.0,0
2,PAYMENT,7803.48,322.0,0.0,0.0,0.0,0
2,PAYMENT,3293.28,681.0,0.0,0.0,0.0,0
2,PAYMENT,18483.96,336667.4,318183.44,0.0,0.0,0
2,CASH_OUT,131087.07,318183.44,187096.37,338120.46,469207.53,0
2,DEBIT,1160.21,22882.0,21721.79,3277.0,0.0,0
2,PAYMENT,21394.15,11161.0,0.0,0.0,0.0,0
2,TRANSFER,84911.32,275.63,0.0,1330.96,86242.27,0
2,CASH_OUT,32733.62,0.0,0.0,191972.11,224705.73,0
2,PAYMENT,2740.48,4437.21,1696.74,0.0,0.0,0
2,PAYMENT,5556.1,1696.74,0.0,0.0,0.0,0
2,PAYMENT,826.36,0.0,0.0,0.0,0.0,0
2,PAYMENT,3308.25,0.0,0.0,0.0,0.0,0
2,PAYMENT,28714.16,0.0,0.0,0.0,0.0,0
2,PAYMENT,12691.84,0.0,0.0,0.0,0.0,0
2,PAYMENT,14841.59,0.0,0.0,0.0,0.0,0
2,PAYMENT,25162.93,0.0,0.0,0.0,0.0,0
2,PAYMENT,2713.13,0.0,0.0,0.0,0.0,0
2,PAYMENT,12129.31,0.0,0.0,0.0,0.0,0
2,PAYMENT,28118.46,0.0,0.0,0.0,0.0,0
2,PAYMENT,9157.3,10772.0,1614.7,0.0,0.0,0
2,PAYMENT,22012.11,1614.7,0.0,0.0,0.0,0
2,DEBIT,981.57,191.0,0.0,31223.0,32204.57,0
2,DEBIT,2293.28,8120.0,5826.72,1184820.89,1187114.17,0
2,PAYMENT,21069.51,6346.0,0.0,0.0,0.0,0
2,PAYMENT,4865.12,5939.0,1073.88,0.0,0.0,0
2,PAYMENT,2409.12,1073.88,0.0,0.0,0.0,0
2,PAYMENT,6605.53,22422.0,15816.47,0.0,0.0,0
2,TRANSFER,203471.91,59971.0,0.0,3523298.32,3726770.23,0
2,CASH_IN,254199.52,23204.09,277403.62,23701.82,0.0,0
2,PAYMENT,8834.5,277403.62,268569.12,0.0,0.0,0
2,PAYMENT,2290.0,268569.12,266279.12,0.0,0.0,0
2,PAYMENT,6002.42,266279.12,260276.69,0.0,0.0,0
2,PAYMENT,1102.38,260276.69,259174.31,0.0,0.0,0
2,PAYMENT,17827.48,259174.31,241346.84,0.0,0.0,0
2,PAYMENT,1702.16,21548.0,19845.84,0.0,0.0,0
2,TRANSFER,183763.58,31.0,0.0,0.0,183763.58,0
2,TRANSFER,308871.37,31486.0,0.0,0.0,308871.37,0
2,PAYMENT,11357.4,60989.84,49632.45,0.0,0.0,0
2,PAYMENT,14775.56,49632.45,34856.89,0.0,0.0,0
2,PAYMENT,2234.3,35736.0,33501.7,0.0,0.0,0
2,DEBIT,3017.34,55619.0,52601.66,14566.06,17583.4,0
2,DEBIT,3627.48,436.0,0.0,28422.37,32049.85,0
2,PAYMENT,2997.75,0.0,0.0,0.0,0.0,0
2,TRANSFER,448593.63,4580.0,0.0,0.0,448593.63,0
2,PAYMENT,265.2,4363.08,4097.88,0.0,0.0,0
2,PAYMENT,7766.84,4097.88,0.0,0.0,0.0,0
2,PAYMENT,149.66,0.0,0.0,0.0,0.0,0
2,PAYMENT,7853.17,0.0,0.0,0.0,0.0,0
2,PAYMENT,15498.52,0.0,0.0,0.0,0.0,0
2,PAYMENT,2619.18,0.0,0.0,0.0,0.0,0
2,PAYMENT,2272.46,0.0,0.0,0.0,0.0,0
2,PAYMENT,1395.69,0.0,0.0,0.0,0.0,0
2,PAYMENT,18658.63,0.0,0.0,0.0,0.0,0
2,PAYMENT,20051.7,0.0,0.0,0.0,0.0,0
2,PAYMENT,1644.19,0.0,0.0,0.0,0.0,0
2,PAYMENT,1445.37,0.0,0.0,0.0,0.0,0
2,PAYMENT,5647.66,242264.0,236616.34,0.0,0.0,0
2,PAYMENT,5183.53,39867.0,34683.47,0.0,0.0,0
2,CASH_OUT,189592.17,34683.47,0.0,9178122.36,9367714.52,0
2,DEBIT,1841.58,25257.0,23415.42,21697.97,23539.55,0
2,TRANSFER,23377.76,404976.0,381598.24,206.12,23583.88,0
2,PAYMENT,10788.66,80777.0,69988.34,0.0,0.0,0
2,PAYMENT,2636.86,316997.39,314360.53,0.0,0.0,0
2,PAYMENT,12787.03,314360.53,301573.51,0.0,0.0,0
2,PAYMENT,13285.98,17504.47,4218.49,0.0,0.0,0
2,CASH_OUT,69038.41,4218.49,0.0,814113.89,2051802.27,0
2,PAYMENT,5750.69,21201.0,15450.31,0.0,0.0,0
2,DEBIT,1726.62,5533.0,3806.38,53743.06,56847.02,0
2,PAYMENT,5908.57,23921.0,18012.43,0.0,0.0,0
2,PAYMENT,9611.47,18012.43,8400.96,0.0,0.0,0
2,PAYMENT,11816.56,55201.0,43384.44,0.0,0.0,0
2,PAYMENT,439.66,20529.0,20089.34,0.0,0.0,0
2,PAYMENT,3470.6,1528.22,0.0,0.0,0.0,0
2,PAYMENT,13802.16,0.0,0.0,0.0,0.0,0
2,PAYMENT,2391.38,38902.0,36510.62,0.0,0.0,0
2,PAYMENT,4738.43,6258.0,1519.57,0.0,0.0,0
2,PAYMENT,12099.05,118245.0,106145.95,0.0,0.0,0
2,PAYMENT,13550.62,38798.0,25247.38,0.0,0.0,0
2,PAYMENT,4539.49,2084.0,0.0,0.0,0.0,0
2,CASH_IN,233432.28,56098.0,289530.28,1891.79,0.0,0
2,PAYMENT,17549.8,38725.0,21175.2,0.0,0.0,0
2,PAYMENT,6416.72,25234.75,18818.03,0.0,0.0,0
2,CASH_OUT,232486.18,18818.03,0.0,1070702.75,921817.65,0
2,CASH_OUT,53083.59,0.0,0.0,197285.12,73147.6,0
2,CASH_OUT,110520.75,0.0,0.0,330085.6,617488.4,0
2,CASH_OUT,104222.89,0.0,0.0,4629353.77,4517761.53,0
2,CASH_OUT,107963.88,0.0,0.0,469207.53,270110.78,0
2,CASH_OUT,332574.96,0.0,0.0,6609667.12,6818933.6,0
2,CASH_OUT,234198.21,0.0,0.0,1791710.89,1840076.94,0
2,CASH_OUT,188890.52,0.0,0.0,577171.41,270110.78,0
2,CASH_OUT,299336.05,0.0,0.0,744264.96,1748436.14,0
2,CASH_OUT,6016.03,0.0,0.0,27316.83,33332.86,0
2,CASH_OUT,259448.64,0.0,0.0,440606.35,617488.4,0
2,CASH_OUT,22948.44,0.0,0.0,55249.0,36407.19,0
2,CASH_OUT,142442.16,0.0,0.0,637928.74,547215.12,0
2,CASH_OUT,49267.14,0.0,0.0,90955.09,2167.32,0
2,CASH_OUT,692460.02,0.0,0.0,883152.29,2051802.27,0
2,CASH_OUT,211131.43,0.0,0.0,11100000.0,13100000.0,0
2,CASH_OUT,150366.56,0.0,0.0,766061.93,270110.78,0
2,CASH_OUT,10511.06,0.0,0.0,43471.0,53982.06,0
2,CASH_OUT,44145.7,0.0,0.0,247417.0,96636.56,0
2,PAYMENT,733.57,181.0,0.0,0.0,0.0,0
2,DEBIT,3035.96,890.0,0.0,329055.0,7074754.63,0
2,PAYMENT,1330.82,30803.0,29472.18,0.0,0.0,0
2,PAYMENT,478.1,1062.0,583.9,0.0,0.0,0
2,PAYMENT,1500.44,29053.0,27552.56,0.0,0.0,0
2,PAYMENT,4794.98,36205.0,31410.02,0.0,0.0,0
2,DEBIT,1777.63,7261.0,5483.37,373838.99,66548.75,0
2,PAYMENT,12475.89,5483.37,0.0,0.0,0.0,0
2,TRANSFER,129484.36,220676.0,91191.64,11514.0,120074.73,0
2,PAYMENT,3887.42,59948.0,56060.58,0.0,0.0,0
2,PAYMENT,8416.21,56060.58,47644.38,0.0,0.0,0
2,PAYMENT,2801.67,20044.0,17242.33,0.0,0.0,0
2,PAYMENT,3065.51,47381.0,44315.49,0.0,0.0,0
2,PAYMENT,3814.9,51545.0,47730.1,0.0,0.0,0
2,TRANSFER,235882.32,137806.0,0.0,281857.03,68880.79,0
2,CASH_IN,79037.41,497284.0,576321.41,17609.0,0.0,0
2,PAYMENT,4189.91,12885.0,8695.09,0.0,0.0,0
2,PAYMENT,6621.75,75329.4,68707.65,0.0,0.0,0
2,TRANSFER,49367.62,68707.65,19340.02,877201.48,3208966.39,0
2,TRANSFER,162724.99,19340.02,0.0,6534746.07,7760414.85,0
2,TRANSFER,217743.76,0.0,0.0,1096187.24,1313931.0,0
2,TRANSFER,189352.83,0.0,0.0,301573.51,167163.39,0
2,TRANSFER,191616.27,0.0,0.0,283047.18,458875.87,0
2,TRANSFER,1773020.91,0.0,0.0,11300000.0,13100000.0,0
2,TRANSFER,1869161.56,0.0,0.0,2906551.06,6235766.54,0
2,TRANSFER,170610.11,0.0,0.0,1095914.71,1066634.1,0
2,TRANSFER,939018.7,0.0,0.0,1791001.63,2485918.01,0
2,TRANSFER,721458.64,0.0,0.0,1043601.01,1748436.14,0
2,TRANSFER,1487557.25,0.0,0.0,10200000.0,11200000.0,0
2,TRANSFER,418492.9,0.0,0.0,592289.45,486798.02,0
2,TRANSFER,490747.67,0.0,0.0,7416184.79,7103899.5,0
2,TRANSFER,257641.56,0.0,0.0,3541578.38,7173523.49,0
2,TRANSFER,984994.76,0.0,0.0,5729799.14,7473141.22,0
2,TRANSFER,884591.4,0.0,0.0,926569.1,3208966.39,0
2,TRANSFER,376507.72,0.0,0.0,6714793.9,7473141.22,0
2,TRANSFER,507138.3,0.0,0.0,5579568.65,5792135.89,0
2,TRANSFER,603258.56,0.0,0.0,6697471.07,7760414.85,0
2,TRANSFER,129735.3,0.0,0.0,138395.49,268130.78,0
2,TRANSFER,152649.37,0.0,0.0,1166470.9,1116289.38,0
2,PAYMENT,3714.42,176131.8,172417.38,0.0,0.0,0
2,TRANSFER,135348.62,172417.38,37068.76,490926.34,167163.39,0
2,PAYMENT,8068.5,19934.0,11865.5,0.0,0.0,0
2,PAYMENT,4890.32,52693.0,47802.68,0.0,0.0,0
2,PAYMENT,27037.66,47802.68,20765.02,0.0,0.0,0
2,PAYMENT,7360.48,289120.0,281759.52,0.0,0.0,0
2,PAYMENT,850.65,281759.52,280908.87,0.0,0.0,0
2,PAYMENT,2276.89,10053.53,7776.65,0.0,0.0,0
2,PAYMENT,30858.63,7776.65,0.0,0.0,0.0,0
2,PAYMENT,8386.17,30871.0,22484.83,0.0,0.0,0
2,PAYMENT,12029.55,22484.83,10455.28,0.0,0.0,0
2,PAYMENT,10597.26,44464.0,33866.74,0.0,0.0,0
2,PAYMENT,9213.89,11392.0,2178.11,0.0,0.0,0
2,PAYMENT,526.83,79028.0,78501.17,0.0,0.0,0
2,PAYMENT,2837.62,78501.17,75663.55,0.0,0.0,0
2,PAYMENT,12894.97,20527.0,7632.03,0.0,0.0,0
2,TRANSFER,256227.34,83198.0,0.0,52415.15,140163.41,0
2,PAYMENT,8348.86,44989.0,36640.14,0.0,0.0,0
2,PAYMENT,5825.97,784.0,0.0,0.0,0.0,0
2,PAYMENT,202.28,555920.0,555717.72,0.0,0.0,0
2,DEBIT,4924.01,46869.72,41945.71,43691.09,81584.44,0
2,CASH_OUT,170099.02,41945.71,0.0,608063.0,778162.02,0
2,PAYMENT,2346.51,20285.79,17939.28,0.0,0.0,0
2,PAYMENT,3252.29,17939.28,14687.0,0.0,0.0,0
2,PAYMENT,4147.62,14687.0,10539.37,0.0,0.0,0
2,PAYMENT,3597.85,45405.0,41807.15,0.0,0.0,0
2,PAYMENT,6574.63,91019.0,84444.37,0.0,0.0,0
2,PAYMENT,1895.47,214570.0,212674.53,0.0,0.0,0
2,PAYMENT,5832.27,51437.0,45604.73,0.0,0.0,0
2,PAYMENT,8417.96,9067.0,649.04,0.0,0.0,0
2,PAYMENT,5127.21,15743.0,10615.79,0.0,0.0,0
2,DEBIT,3476.19,0.0,0.0,5056707.37,4450740.26,0
2,PAYMENT,11493.01,0.0,0.0,0.0,0.0,0
2,PAYMENT,15470.9,66146.0,50675.1,0.0,0.0,0
2,DEBIT,394.34,75374.0,74979.66,107168.0,0.0,0
2,CASH_IN,60223.17,26667.0,86890.17,0.0,0.0,0
2,CASH_OUT,32969.34,164131.0,131161.66,48615.1,81584.44,0
2,PAYMENT,1266.42,20897.0,19630.58,0.0,0.0,0
2,PAYMENT,694.12,19809.0,19114.88,0.0,0.0,0
2,PAYMENT,1605.63,30499.0,28893.37,0.0,0.0,0
2,PAYMENT,14079.08,3112.29,0.0,0.0,0.0,0
2,PAYMENT,10967.47,0.0,0.0,0.0,0.0,0
2,DEBIT,4143.87,100358.32,96214.45,100111.69,22736.93,0
2,PAYMENT,7738.69,96214.45,88475.76,0.0,0.0,0
2,PAYMENT,3783.72,173135.98,169352.26,0.0,0.0,0
2,PAYMENT,23147.49,169352.26,146204.77,0.0,0.0,0
2,PAYMENT,141.03,146204.77,146063.74,0.0,0.0,0
2,TRANSFER,303473.14,798.0,0.0,0.0,303473.14,0
2,PAYMENT,1196.61,104851.0,103654.39,0.0,0.0,0
2,PAYMENT,19288.9,12777.0,0.0,0.0,0.0,0
2,PAYMENT,2217.41,0.0,0.0,0.0,0.0,0
2,PAYMENT,11391.64,0.0,0.0,0.0,0.0,0
2,PAYMENT,2897.59,13002.91,10105.32,0.0,0.0,0
2,PAYMENT,4886.95,10105.32,5218.37,0.0,0.0,0
2,PAYMENT,2556.31,5218.37,2662.06,0.0,0.0,0
2,PAYMENT,1212.07,2662.06,1449.99,0.0,0.0,0
2,PAYMENT,4072.66,1449.99,0.0,0.0,0.0,0
2,PAYMENT,2441.09,0.0,0.0,0.0,0.0,0
2,PAYMENT,7074.35,0.0,0.0,0.0,0.0,0
2,PAYMENT,5045.77,0.0,0.0,0.0,0.0,0
2,PAYMENT,12542.66,0.0,0.0,0.0,0.0,0
2,PAYMENT,34.22,0.0,0.0,0.0,0.0,0
2,PAYMENT,8087.5,0.0,0.0,0.0,0.0,0
2,PAYMENT,18714.87,0.0,0.0,0.0,0.0,0
2,PAYMENT,10965.89,0.0,0.0,0.0,0.0,0
2,PAYMENT,7707.04,0.0,0.0,0.0,0.0,0
2,PAYMENT,2980.24,0.0,0.0,0.0,0.0,0
2,PAYMENT,20603.4,0.0,0.0,0.0,0.0,0
2,PAYMENT,14514.14,0.0,0.0,0.0,0.0,0
2,PAYMENT,18782.2,0.0,0.0,0.0,0.0,0
2,PAYMENT,19332.44,0.0,0.0,0.0,0.0,0
2,PAYMENT,3286.78,0.0,0.0,0.0,0.0,0
2,PAYMENT,21987.06,0.0,0.0,0.0,0.0,0
2,PAYMENT,13839.11,0.0,0.0,0.0,0.0,0
2,PAYMENT,3879.64,0.0,0.0,0.0,0.0,0
2,PAYMENT,38.88,0.0,0.0,0.0,0.0,0
2,PAYMENT,2942.66,0.0,0.0,0.0,0.0,0
2,PAYMENT,10024.14,31756.0,21731.86,0.0,0.0,0
2,DEBIT,3949.99,5533.0,1583.01,209201.42,195932.4,0
2,DEBIT,7888.3,325.0,0.0,57107.0,4770.58,0
2,PAYMENT,4994.3,32204.57,27210.28,0.0,0.0,0
2,PAYMENT,14213.84,27210.28,12996.44,0.0,0.0,0
2,DEBIT,3868.15,30695.0,26826.85,11142.89,15011.03,0
2,DEBIT,8723.05,12580.0,3856.95,1266524.82,1066634.1,0
2,PAYMENT,7204.66,15425.0,8220.34,0.0,0.0,0
2,PAYMENT,764.8,50823.0,50058.2,0.0,0.0,0
2,PAYMENT,5910.1,474663.45,468753.35,0.0,0.0,0
2,PAYMENT,9877.48,468753.35,458875.87,0.0,0.0,0
2,PAYMENT,8194.49,10046.0,1851.51,0.0,0.0,0
2,PAYMENT,1477.91,608724.0,607246.09,0.0,0.0,0
2,PAYMENT,4004.23,1203.0,0.0,0.0,0.0,0
2,PAYMENT,423.81,306613.0,306189.19,0.0,0.0,0
2,DEBIT,6012.68,250368.71,244356.03,141949.63,147962.31,0
2,PAYMENT,2478.71,244356.03,241877.32,0.0,0.0,0
2,PAYMENT,10592.75,64995.3,54402.54,0.0,0.0,0
2,PAYMENT,6382.51,54402.54,48020.03,0.0,0.0,0
2,PAYMENT,5840.15,31275.0,25434.85,0.0,0.0,0
2,PAYMENT,7767.92,39692.0,31924.08,0.0,0.0,0
2,PAYMENT,740.95,782.0,41.05,0.0,0.0,0
2,TRANSFER,67234.96,66203.0,0.0,0.0,67234.96,0
2,PAYMENT,3088.09,280442.0,277353.91,0.0,0.0,0
2,PAYMENT,14198.34,12801.94,0.0,0.0,0.0,0
2,PAYMENT,29414.89,0.0,0.0,0.0,0.0,0
2,PAYMENT,402.22,0.0,0.0,0.0,0.0,0
2,PAYMENT,6934.8,501.0,0.0,0.0,0.0,0
2,PAYMENT,9614.45,0.0,0.0,0.0,0.0,0
2,PAYMENT,7856.39,122.0,0.0,0.0,0.0,0
2,PAYMENT,1125.82,180.0,0.0,0.0,0.0,0
2,PAYMENT,208.35,49776.0,49567.65,0.0,0.0,0
2,PAYMENT,3719.89,31284.0,27564.11,0.0,0.0,0
2,PAYMENT,10967.31,280248.0,269280.69,0.0,0.0,0
2,DEBIT,923.14,35512.0,34588.86,200546.0,19293.26,0
2,PAYMENT,5975.88,1168.0,0.0,0.0,0.0,0
2,PAYMENT,3703.76,313.0,0.0,0.0,0.0,0
2,PAYMENT,4356.91,69486.0,65129.09,0.0,0.0,0
2,PAYMENT,2396.83,20393.0,17996.17,0.0,0.0,0
2,CASH_OUT,205054.97,17996.17,0.0,3419944.48,2560556.45,0
2,PAYMENT,647.06,40822.0,40174.94,0.0,0.0,0
2,PAYMENT,5514.73,80518.0,75003.27,0.0,0.0,0
2,PAYMENT,7734.86,75003.27,67268.41,0.0,0.0,0
2,PAYMENT,2676.46,67268.41,64591.95,0.0,0.0,0
2,PAYMENT,1602.18,64591.95,62989.77,0.0,0.0,0
2,PAYMENT,23938.64,62989.77,39051.13,0.0,0.0,0
2,PAYMENT,9418.88,39051.13,29632.24,0.0,0.0,0
2,PAYMENT,11265.41,29632.24,18366.83,0.0,0.0,0
2,PAYMENT,1044.89,18366.83,17321.94,0.0,0.0,0
2,PAYMENT,4944.69,17321.94,12377.25,0.0,0.0,0
2,PAYMENT,2185.46,12377.25,10191.79,0.0,0.0,0
2,PAYMENT,9222.29,10191.79,969.51,0.0,0.0,0
2,PAYMENT,46256.91,969.51,0.0,0.0,0.0,0
2,PAYMENT,3220.95,0.0,0.0,0.0,0.0,0
2,PAYMENT,15730.19,0.0,0.0,0.0,0.0,0
2,PAYMENT,9877.72,0.0,0.0,0.0,0.0,0
2,PAYMENT,979.03,0.0,0.0,0.0,0.0,0
2,PAYMENT,4497.18,0.0,0.0,0.0,0.0,0
2,PAYMENT,7891.04,0.0,0.0,0.0,0.0,0
2,PAYMENT,2707.95,0.0,0.0,0.0,0.0,0
2,PAYMENT,11762.79,0.0,0.0,0.0,0.0,0
2,PAYMENT,11163.43,0.0,0.0,0.0,0.0,0
2,PAYMENT,4538.3,0.0,0.0,0.0,0.0,0
2,PAYMENT,1130.94,0.0,0.0,0.0,0.0,0
2,PAYMENT,4235.51,700054.99,695819.48,0.0,0.0,0
2,PAYMENT,5374.49,695819.48,690444.99,0.0,0.0,0
2,PAYMENT,3186.6,690444.99,687258.39,0.0,0.0,0
2,PAYMENT,2390.56,687258.39,684867.83,0.0,0.0,0
2,PAYMENT,20144.74,684867.83,664723.1,0.0,0.0,0
2,PAYMENT,16165.8,664723.1,648557.3,0.0,0.0,0
2,PAYMENT,9191.09,648557.3,639366.21,0.0,0.0,0
2,PAYMENT,1338.19,639366.21,638028.02,0.0,0.0,0
2,PAYMENT,5203.95,638028.02,632824.07,0.0,0.0,0
2,PAYMENT,1360.43,226486.0,225125.57,0.0,0.0,0
2,PAYMENT,3042.92,46785.0,43742.08,0.0,0.0,0
2,PAYMENT,7890.99,30986.0,23095.01,0.0,0.0,0
2,TRANSFER,150142.45,20896.0,0.0,42858.0,549946.93,0
2,PAYMENT,4957.02,27101.0,22143.98,0.0,0.0,0
2,PAYMENT,20603.53,22143.98,1540.44,0.0,0.0,0
2,PAYMENT,7402.3,101237.0,93834.7,0.0,0.0,0
2,PAYMENT,1216.72,11256.0,10039.28,0.0,0.0,0
2,CASH_OUT,13939.21,24719.0,10779.79,20765.02,13707.11,0
2,TRANSFER,156474.87,168005.0,11530.13,3624999.45,2560556.45,0
2,DEBIT,5871.06,10492.0,4620.94,23508.22,29379.28,0
2,DEBIT,2351.74,1204.19,0.0,18910.85,21262.59,0
2,PAYMENT,4681.64,0.0,0.0,0.0,0.0,0
2,PAYMENT,10819.72,5097.0,0.0,0.0,0.0,0
2,DEBIT,1046.5,216.0,0.0,352750.76,280487.56,0
2,PAYMENT,5904.7,21692.0,15787.3,0.0,0.0,0
2,PAYMENT,7118.18,23192.0,16073.82,0.0,0.0,0
2,PAYMENT,6022.26,16073.82,10051.56,0.0,0.0,0
2,DEBIT,5360.4,586.0,0.0,42198.0,36078.93,0
2,PAYMENT,11667.76,459092.0,447424.24,0.0,0.0,0
2,PAYMENT,2316.7,48238.0,45921.3,0.0,0.0,0
2,PAYMENT,7049.83,69986.0,62936.17,0.0,0.0,0
2,PAYMENT,2110.53,855.0,0.0,0.0,0.0,0
2,PAYMENT,5758.46,5407.0,0.0,0.0,0.0,0
2,CASH_OUT,89518.58,0.0,0.0,273208.5,62111.53,0
2,CASH_OUT,28369.42,0.0,0.0,31836.0,60205.42,0
2,PAYMENT,2900.55,498882.0,495981.45,0.0,0.0,0
2,DEBIT,4390.62,69336.0,64945.38,4820.0,0.0,0
2,PAYMENT,12343.16,25198.0,12854.84,0.0,0.0,0
2,PAYMENT,873.3,123.0,0.0,0.0,0.0,0
2,PAYMENT,545.55,4087.0,3541.45,0.0,0.0,0
2,PAYMENT,11987.41,31295.0,19307.59,0.0,0.0,0
2,PAYMENT,2692.22,24521.0,21828.78,0.0,0.0,0
2,DEBIT,7594.57,508.0,0.0,16730.22,24324.79,0
2,PAYMENT,8048.16,40002.33,31954.17,0.0,0.0,0
2,CASH_OUT,169734.47,31954.17,0.0,7300729.62,7760414.85,0
2,CASH_OUT,113758.88,0.0,0.0,201469.14,19293.26,0
2,DEBIT,5301.22,30441.0,25139.78,187096.37,93380.65,0
2,DEBIT,1377.34,16930.0,15552.66,55469.68,56847.02,0
2,PAYMENT,9583.89,1590.0,0.0,0.0,0.0,0
2,PAYMENT,18864.22,0.0,0.0,0.0,0.0,0
2,TRANSFER,50333.01,49566.0,0.0,0.0,27708.6,0
2,PAYMENT,4592.82,383449.0,378856.18,0.0,0.0,0
2,PAYMENT,2362.45,119.0,0.0,0.0,0.0,0
2,PAYMENT,6808.86,9210.62,2401.76,0.0,0.0,0
2,TRANSFER,119451.25,2401.76,0.0,193000.45,549946.93,0
2,TRANSFER,60949.25,0.0,0.0,632824.07,617488.4,0
2,TRANSFER,227236.78,0.0,0.0,312451.7,549946.93,0
2,TRANSFER,351219.8,0.0,0.0,517739.35,68880.79,0
2,TRANSFER,64185.86,0.0,0.0,75663.55,8629.02,0
2,TRANSFER,1231953.95,0.0,0.0,4775712.62,6235766.54,0
2,TRANSFER,2474181.78,0.0,0.0,3799219.95,7173523.49,0
2,TRANSFER,367966.09,0.0,0.0,6007666.57,6235766.54,0
2,TRANSFER,602938.9,0.0,0.0,7091301.63,7473141.22,0
2,TRANSFER,1232150.93,0.0,0.0,1811160.5,3208966.39,0
2,TRANSFER,521278.47,0.0,0.0,6273401.72,7173523.49,0
2,TRANSFER,844849.66,0.0,0.0,916428.49,270110.78,0
2,TRANSFER,378843.29,0.0,0.0,6794680.19,7173523.49,0
2,TRANSFER,285251.82,0.0,0.0,1319120.27,1116289.38,0
2,TRANSFER,232336.31,0.0,0.0,1575612.32,2051802.27,0
2,TRANSFER,896122.8,0.0,0.0,1765059.65,1748436.14,0
2,TRANSFER,414959.03,0.0,0.0,6375632.67,6235766.54,0
2,TRANSFER,317831.06,0.0,0.0,3964356.31,2943614.6,0
2,TRANSFER,548202.26,0.0,0.0,3726770.23,3809570.13,0
2,TRANSFER,180173.39,0.0,0.0,280908.87,182906.2,0
2,TRANSFER,243853.63,0.0,0.0,1807948.63,2051802.27,0
2,TRANSFER,1339661.93,0.0,0.0,3043311.43,3208966.39,0
2,TRANSFER,744654.21,0.0,0.0,6942242.08,6818933.6,0
2,PAYMENT,10039.29,1595.0,0.0,0.0,0.0,0
2,PAYMENT,537.8,110016.0,109478.2,0.0,0.0,0
2,DEBIT,3925.8,22062.0,18136.2,539688.48,549946.93,0
2,CASH_OUT,158934.62,18136.2,0.0,168294.74,327229.36,0
2,DEBIT,482.58,439.0,0.0,4894.45,5377.03,0
2,TRANSFER,107159.07,6476.0,0.0,0.0,107159.07,0
2,PAYMENT,5536.65,20258.0,14721.35,0.0,0.0,0
2,PAYMENT,4640.64,1023.0,0.0,0.0,0.0,0
2,PAYMENT,205.26,21335.0,21129.74,0.0,0.0,0
2,PAYMENT,10375.5,73405.0,63029.5,0.0,0.0,0
2,PAYMENT,1760.56,20132.0,18371.44,0.0,0.0,0
2,PAYMENT,7656.3,20116.0,12459.7,0.0,0.0,0
2,CASH_OUT,74226.4,11558.0,0.0,0.0,74226.4,0
2,PAYMENT,2181.96,30483.0,28301.04,0.0,0.0,0
2,DEBIT,1739.48,147362.0,145622.52,332090.96,7074754.63,0
2,DEBIT,2731.05,175409.0,172677.95,69810.0,72541.05,0
2,DEBIT,391.84,20661.0,20269.16,543614.29,549946.93,0
2,DEBIT,621.68,5956.0,5334.32,10659.79,11281.46,0
2,PAYMENT,6531.31,11321.0,4789.69,0.0,0.0,0
2,PAYMENT,2101.83,416268.0,414166.17,0.0,0.0,0
2,PAYMENT,92.37,14462.0,14369.63,0.0,0.0,0
2,PAYMENT,9627.9,24536.0,14908.1,0.0,0.0,0
2,PAYMENT,13330.81,32586.0,19255.19,0.0,0.0,0
2,PAYMENT,9677.36,355127.0,345449.64,0.0,0.0,0
2,CASH_IN,9047.91,880.0,9927.91,0.0,0.0,0
2,PAYMENT,12368.9,9927.91,0.0,0.0,0.0,0
2,PAYMENT,10554.67,52743.0,42188.33,0.0,0.0,0
2,PAYMENT,2929.78,26009.0,23079.22,0.0,0.0,0
2,DEBIT,3106.9,100.0,0.0,461082.25,182906.2,0
2,PAYMENT,30709.74,0.0,0.0,0.0,0.0,0
2,PAYMENT,12230.25,113718.0,101487.75,0.0,0.0,0
2,CASH_IN,161238.92,101487.75,262726.67,16700000.0,15900000.0,0
2,CASH_IN,27505.56,262726.67,290232.23,107562.34,0.0,0
2,CASH_IN,392853.36,290232.23,683085.59,483173.63,90320.27,0
2,CASH_IN,201398.6,683085.59,884484.19,616919.0,7616.73,0
2,CASH_IN,155944.68,884484.19,1040428.87,2798692.37,1982491.06,0
2,CASH_IN,152980.34,1040428.87,1193409.21,415520.4,7616.73,0
2,CASH_IN,258194.98,1193409.21,1451604.19,626274.96,167163.39,0
2,CASH_IN,102737.96,1451604.19,1554342.15,165598.0,70407.1,0
2,CASH_IN,451450.27,1554342.15,2005792.43,5060183.55,4450740.26,0
2,CASH_IN,54843.76,2005792.43,2060636.18,9367714.52,9126860.4,0
2,CASH_IN,382001.01,2060636.18,2442637.2,416304.0,0.0,0
2,CASH_IN,119675.03,2442637.2,2562312.23,1923836.34,1378570.36,0
2,CASH_IN,283675.61,2562312.23,2845987.84,10700000.0,9989133.64,0
2,CASH_IN,222925.42,2845987.84,3068913.26,448593.63,99603.15,0
2,CASH_IN,70325.16,3068913.26,3139238.42,110481.0,40155.84,0
2,CASH_IN,378605.9,3139238.42,3517844.32,868959.15,68880.79,0
2,CASH_IN,186350.94,3517844.32,3704195.26,2107162.1,1572841.87,0
2,CASH_IN,81518.63,3704195.26,3785713.89,104255.56,22736.93,0
2,CASH_IN,73309.71,3785713.89,3859023.6,353797.26,280487.56,0
2,CASH_IN,142596.78,3859023.6,4001620.38,1604372.08,1116289.38,0
2,CASH_IN,57817.21,4001620.38,4059437.59,241346.84,6433.54,0
2,CASH_IN,295815.29,4059437.59,4355252.87,303104.48,7289.2,0
2,CASH_IN,696235.62,4355252.87,5051488.49,4382973.37,3208966.39,0
2,CASH_IN,10391.99,5051488.49,5061880.48,51574.35,41182.36,0
2,CASH_IN,51613.5,5061880.48,5113493.98,2661182.46,1748436.14,0
2,CASH_IN,19748.91,5113493.98,5133242.89,84916.82,65167.91,0
2,CASH_IN,22391.5,5133242.89,5155634.39,37068.76,14677.26,0
2,CASH_IN,15427.16,5155634.39,5171061.55,24044.18,8617.02,0
2,CASH_IN,130148.62,5171061.55,5301210.16,4274972.49,3809570.13,0
2,CASH_IN,224321.58,5301210.16,5525531.75,1528227.01,930271.58,0
2,CASH_IN,356617.79,5525531.75,5882149.54,1097218.45,482981.46,0
2,CASH_IN,167104.98,5882149.54,6049254.52,2609568.96,1748436.14,0
2,CASH_IN,178961.93,6049254.52,6228216.45,1461775.3,1116289.38,0
2,CASH_IN,156690.67,6228216.45,6384907.12,1155321.27,1099502.6,0
2,CASH_IN,215815.13,6384907.12,6600722.25,4733576.66,4517761.53,0
2,CASH_IN,295618.46,6600722.25,6896340.72,333830.44,7074754.63,0
2,CASH_IN,332188.93,6896340.72,7228529.64,1282813.37,1116289.38,0
2,CASH_IN,101576.37,7228529.64,7330106.02,354823.0,215080.02,0
2,CASH_IN,133213.71,7330106.02,7463319.72,393957.76,84261.95,0
2,CASH_IN,168729.73,7463319.72,7632049.45,241877.32,73147.6,0
2,CASH_IN,10321.88,7632049.45,7642371.33,11617.0,0.0,0
2,CASH_IN,287474.24,7642371.33,7929845.57,1010782.35,486798.02,0
2,CASH_IN,84299.07,7929845.57,8014144.64,3781474.32,2560556.45,0
2,CASH_IN,111692.26,8014144.64,8125836.9,122624.0,0.0,0
2,CASH_IN,73061.34,8125836.9,8198898.24,145368.0,72306.66,0
2,CASH_IN,221099.31,8198898.24,8419997.55,7694240.53,7473141.22,0
2,CASH_IN,208690.04,8419997.55,8628687.59,303303.0,155166.96,0
2,CASH_IN,130711.51,8628687.59,8759399.1,2730020.33,2485918.01,0
2,CASH_IN,98893.95,8759399.1,8858293.05,11600000.0,11200000.0,0
2,CASH_IN,73242.08,8858293.05,8931535.13,8813776.61,7928126.25,0
2,CASH_IN,105879.16,8931535.13,9037414.29,7906932.46,7103899.5,0
2,CASH_IN,42829.9,9037414.29,9080244.19,10100000.0,9670814.67,0
2,CASH_IN,257619.2,9080244.19,9337863.38,740600.66,482981.46,0
2,CASH_IN,119973.24,9337863.38,9457836.62,4144823.87,3809570.13,0
2,CASH_IN,177096.09,9457836.62,9634932.72,183529.63,6433.54,0
2,CASH_IN,48513.85,9634932.72,9683446.56,464189.15,182906.2,0
2,CASH_IN,66892.29,9683446.56,9750338.86,362727.08,62111.53,0
2,CASH_IN,12615.19,9750338.86,9762954.05,83866.86,74584.25,0
2,CASH_IN,43249.45,9762954.05,9806203.5,48020.03,4770.58,0
2,CASH_IN,438969.05,9806203.5,10200000.0,1187114.17,331525.89,0
2,CASH_IN,10443.68,10200000.0,10300000.0,68235.87,57792.19,0
2,CASH_IN,61344.23,10300000.0,10300000.0,4410975.57,3512606.05,0
2,CASH_IN,208929.58,10300000.0,10500000.0,4282187.37,2943614.6,0
2,CASH_IN,16624.23,10500000.0,10500000.0,17411.72,787.49,0
2,CASH_IN,333871.74,10500000.0,10900000.0,1761278.15,270110.78,0
2,CASH_IN,250326.22,10900000.0,11100000.0,4073257.79,2943614.6,0
2,CASH_IN,188118.26,11100000.0,11100000.0,11100000.0,12500000.0,0
2,CASH_IN,126065.07,11100000.0,11300000.0,225668.22,99603.15,0
2,CASH_IN,121400.87,11300000.0,11400000.0,2442463.98,1748436.14,0
2,CASH_IN,348792.33,11400000.0,11700000.0,11900000.0,11600000.0,0
2,CASH_IN,502911.34,11700000.0,12200000.0,7801053.3,7103899.5,0
2,CASH_IN,232769.1,12200000.0,12500000.0,415675.3,182906.2,0
2,PAYMENT,799.18,55261.0,54461.82,0.0,0.0,0
2,DEBIT,5619.13,6685.0,1065.87,23539.55,29158.68,0
2,CASH_OUT,165664.94,1065.87,0.0,950624.44,1116289.38,0
2,PAYMENT,4696.36,2108.0,0.0,0.0,0.0,0
2,PAYMENT,3738.26,32426.0,28687.74,0.0,0.0,0
2,DEBIT,4122.31,20666.0,16543.69,6086706.95,5792135.89,0
2,CASH_OUT,82399.46,10895.0,0.0,0.0,82399.46,0
2,PAYMENT,3779.27,125959.0,122179.73,0.0,0.0,0
2,DEBIT,4215.24,17183.0,12967.76,6790591.7,6235766.54,0
2,PAYMENT,4296.12,12967.76,8671.64,0.0,0.0,0
2,PAYMENT,9059.91,29303.0,20243.09,0.0,0.0,0
2,PAYMENT,4878.63,52904.0,48025.37,0.0,0.0,0
2,PAYMENT,9264.89,45184.0,35919.11,0.0,0.0,0
2,DEBIT,8499.58,10074.0,1574.42,449166.44,411058.34,0
2,PAYMENT,3208.39,20130.0,16921.61,0.0,0.0,0
2,PAYMENT,1939.74,25183.78,23244.03,0.0,0.0,0
2,PAYMENT,12956.39,23244.03,10287.64,0.0,0.0,0
2,PAYMENT,4054.4,10287.64,6233.24,0.0,0.0,0
2,PAYMENT,2688.02,11953.0,9264.98,0.0,0.0,0
2,PAYMENT,183.35,72857.0,72673.65,0.0,0.0,0
2,PAYMENT,2577.79,11610.0,9032.21,0.0,0.0,0
2,PAYMENT,6142.72,51302.0,45159.28,0.0,0.0,0
2,PAYMENT,15025.01,41674.0,26648.99,0.0,0.0,0
2,PAYMENT,14037.48,213151.4,199113.92,0.0,0.0,0
2,PAYMENT,3181.52,199113.92,195932.4,0.0,0.0,0
2,DEBIT,6174.06,10397.0,4222.94,47923.33,54097.39,0
2,PAYMENT,688.58,51384.0,50695.42,0.0,0.0,0
2,PAYMENT,6557.5,21395.0,14837.5,0.0,0.0,0
2,PAYMENT,5096.21,337.0,0.0,0.0,0.0,0
2,PAYMENT,6517.62,0.0,0.0,0.0,0.0,0
2,PAYMENT,6601.34,100140.0,93538.66,0.0,0.0,0
2,CASH_OUT,22251.46,93538.66,71287.2,114680.0,136931.46,0
2,PAYMENT,2530.52,780370.9,777840.38,0.0,0.0,0
2,PAYMENT,17925.91,777840.38,759914.47,0.0,0.0,0
2,PAYMENT,956.17,759914.47,758958.3,0.0,0.0,0
2,PAYMENT,7663.4,758958.3,751294.9,0.0,0.0,0
2,PAYMENT,25704.52,751294.9,725590.38,0.0,0.0,0
2,PAYMENT,3453.72,725590.38,722136.67,0.0,0.0,0
2,PAYMENT,562.14,722136.67,721574.53,0.0,0.0,0
2,PAYMENT,33459.4,721574.53,688115.13,0.0,0.0,0
2,PAYMENT,735.15,688115.13,687379.98,0.0,0.0,0
2,PAYMENT,3503.31,12158.0,8654.69,0.0,0.0,0
3,PAYMENT,20971.0,19462.0,0.0,0.0,0.0,0
3,PAYMENT,27659.67,37057.0,9397.33,0.0,0.0,0
3,DEBIT,2673.5,11608.0,8934.5,140222.23,2167.32,0
3,PAYMENT,501.11,8934.5,8433.39,0.0,0.0,0
3,PAYMENT,11866.89,10565.0,0.0,0.0,0.0,0
3,PAYMENT,2108.36,0.0,0.0,0.0,0.0,0
3,PAYMENT,6967.64,16736.0,9768.36,0.0,0.0,0
3,PAYMENT,4136.97,13759.0,9622.03,0.0,0.0,0
3,PAYMENT,1094.13,142.0,0.0,0.0,0.0,0
3,CASH_IN,36563.86,100035.0,136598.86,0.0,0.0,0
3,PAYMENT,24826.85,593.0,0.0,0.0,0.0,0
3,CASH_IN,23669.02,0.0,23669.02,49059.87,25390.85,0
3,CASH_IN,143254.72,23669.02,166923.73,360326.58,84207.15,0
3,CASH_IN,439543.98,166923.73,606467.71,4349631.34,3512606.05,0
3,CASH_IN,140728.41,606467.71,747196.12,142895.73,2167.32,0
3,CASH_IN,159116.29,747196.12,906312.41,4024850.63,3809570.13,0
3,CASH_IN,140313.48,906312.41,1046625.89,457666.01,411058.34,0
3,CASH_IN,98313.86,1046625.89,1144939.75,139849.41,8629.02,0
3,CASH_IN,302642.08,1144939.75,1447581.84,6794806.94,6235766.54,0
3,CASH_IN,194242.46,1447581.84,1641824.3,7298141.96,7103899.5,0
3,CASH_IN,236510.08,1641824.3,1878334.38,723308.11,486798.02,0
3,CASH_IN,76284.92,1878334.38,1954619.3,693773.32,617488.4,0
3,CASH_IN,34936.53,1954619.3,1989555.83,217318.86,31249.82,0
3,CASH_IN,148620.65,1989555.83,1989555.83,1989555.83,6540346.28,0
3,CASH_IN,46013.11,1989555.83,2035568.94,354758.53,308745.42,0
3,CASH_IN,155624.0,2035568.94,2191192.95,7470464.09,7760414.85,0
3,CASH_IN,151132.51,2191192.95,2342325.45,182382.33,31249.82,0
3,CASH_IN,22624.41,2342325.45,2364949.86,50333.01,27708.6,0
3,CASH_IN,168846.2,2364949.86,2533796.06,11500000.0,11200000.0,0
3,CASH_IN,1332.59,2533796.06,2535128.65,8693.0,7360.41,0
3,CASH_IN,263407.81,2535128.65,2798536.46,1804161.31,1378570.36,0
3,CASH_IN,196198.94,2798536.46,2994735.4,2321063.11,1748436.14,0
3,CASH_IN,437567.49,2994735.4,3432302.88,3697175.25,2560556.45,0
3,CASH_IN,20997.64,3432302.88,3453300.52,7686896.3,6818933.6,0
3,CASH_IN,56164.21,3453300.52,3509464.73,3865734.34,3809570.13,0
3,CASH_IN,38923.13,3509464.73,3548387.86,295834.79,62111.53,0
3,CASH_IN,101640.69,3548387.86,3650028.55,192397.59,93380.65,0
3,CASH_IN,7314.79,3650028.55,3657343.34,23174.68,17666.19,0
3,CASH_IN,95659.6,3657343.34,3753002.94,6090829.26,5792135.89,0
3,CASH_IN,108216.36,3753002.94,3861219.3,3910087.36,3512606.05,0
3,CASH_IN,289025.75,3861219.3,4150245.06,10100000.0,9670814.67,0
3,CASH_IN,289264.94,4150245.06,4439510.0,3801870.99,3512606.05,0
3,CASH_IN,129977.85,4439510.0,4569487.85,2642747.68,1982491.06,0
3,CASH_IN,285360.2,4569487.85,4854848.05,9312870.77,9126860.4,0
3,CASH_IN,351903.76,4854848.05,5206751.81,2512769.83,1982491.06,0
3,CASH_IN,132864.71,5206751.81,5339616.51,217071.86,84207.15,0
3,CASH_IN,94578.73,5339616.51,5434195.24,104397.0,10937.76,0
3,CASH_IN,223593.6,5434195.24,5657788.84,1275247.87,1066634.1,0
3,CASH_IN,228724.76,5657788.84,5886513.6,3686737.74,3208966.39,0
3,CASH_IN,176732.94,5886513.6,6063246.54,490353.25,68880.79,0
3,CASH_IN,93078.04,6063246.54,6156324.58,368079.98,167163.39,0
3,CASH_IN,194800.13,6156324.58,6351124.72,256911.66,62111.53,0
3,CASH_IN,227590.61,6351124.72,6578715.32,3259607.77,2560556.45,0
3,CASH_IN,56556.28,6578715.32,6635271.6,71287.2,14730.93,0
3,CASH_IN,11055.14,6635271.6,6646326.74,16141.42,5086.28,0
3,PAYMENT,13012.92,30803.0,17790.08,0.0,0.0,0
3,CASH_OUT,13326.35,507.0,0.0,90450.54,103776.89,0
3,PAYMENT,2791.64,125848.0,123056.36,0.0,0.0,0
3,PAYMENT,380.76,155131.0,154750.24,0.0,0.0,0
3,PAYMENT,12885.43,5069.0,0.0,0.0,0.0,0
3,TRANSFER,149995.94,31729.0,0.0,197.0,150192.94,0
3,PAYMENT,2789.37,96.0,0.0,0.0,0.0,0
3,DEBIT,3332.58,14905.0,11572.42,71251.67,74584.25,0
3,DEBIT,4364.24,67233.0,62868.76,71903.08,76267.32,0
3,PAYMENT,22475.23,10555.0,0.0,0.0,0.0,0
3,PAYMENT,25389.14,11352.0,0.0,0.0,0.0,0
3,PAYMENT,2455.51,193398.0,190942.49,0.0,0.0,0
3,PAYMENT,4402.18,190942.49,186540.3,0.0,0.0,0
3,PAYMENT,21568.37,26407.0,4838.63,0.0,0.0,0
3,PAYMENT,10531.72,30569.0,20037.28,0.0,0.0,0
3,PAYMENT,18491.91,206358.0,187866.09,0.0,0.0,0
3,PAYMENT,10580.12,589.0,0.0,0.0,0.0,0
3,PAYMENT,195.73,0.0,0.0,0.0,0.0,0
3,PAYMENT,19637.34,71005.0,51367.66,0.0,0.0,0
3,PAYMENT,1442.11,49828.0,48385.89,0.0,0.0,0
3,PAYMENT,429.8,48385.89,47956.09,0.0,0.0,0
3,DEBIT,1119.49,113022.0,111902.51,9818.27,10937.76,0
3,PAYMENT,12827.97,20886.0,8058.03,0.0,0.0,0
3,PAYMENT,3599.45,141076.0,137476.55,0.0,0.0,0
3,PAYMENT,9289.47,30609.0,21319.53,0.0,0.0,0
3,CASH_OUT,7108.61,21319.53,14210.92,34704.23,13707.11,0
3,PAYMENT,14503.9,508.0,0.0,0.0,0.0,0
3,CASH_OUT,13881.42,0.0,0.0,138627.65,152509.08,0
3,TRANSFER,66548.43,80178.0,13629.57,0.0,66548.43,0
3,CASH_OUT,8442.16,13629.57,5187.4,16518.36,24960.53,0
3,CASH_OUT,68934.46,5187.4,0.0,313620.32,68880.79,0
3,CASH_OUT,99349.84,0.0,0.0,9027510.57,9126860.4,0
3,CASH_OUT,443092.83,0.0,0.0,7314840.09,7760414.85,0
3,PAYMENT,14878.76,315228.01,300349.25,0.0,0.0,0
3,CASH_OUT,76289.1,300349.25,224060.15,5995169.66,5792135.89,0
3,PAYMENT,14546.82,1198.0,0.0,0.0,0.0,0
3,PAYMENT,16795.7,61880.0,45084.3,0.0,0.0,0
3,PAYMENT,17788.49,105641.0,87852.51,0.0,0.0,0
3,CASH_OUT,7547.06,87852.51,80305.45,62860.04,70407.1,0
3,PAYMENT,11621.56,18551.0,6929.44,0.0,0.0,0
3,CASH_OUT,25026.76,203643.0,178616.24,11654.0,26579.75,0
3,PAYMENT,7517.69,10966.0,3448.31,0.0,0.0,0
3,PAYMENT,17694.76,453.0,0.0,0.0,0.0,0
3,PAYMENT,30161.79,104414.0,74252.21,0.0,0.0,0
3,PAYMENT,10485.37,140998.36,130513.0,0.0,0.0,0
3,CASH_OUT,10438.26,130513.0,120074.73,998630.6,1099502.6,0
3,PAYMENT,1651.39,400.0,0.0,0.0,0.0,0
3,PAYMENT,27475.78,1084.0,0.0,0.0,0.0,0
3,DEBIT,2623.75,50241.0,47617.25,90756.9,93380.65,0
3,PAYMENT,4475.02,47617.25,43142.23,0.0,0.0,0
3,PAYMENT,10565.64,168998.0,158432.36,0.0,0.0,0
3,PAYMENT,12769.01,40873.0,28103.99,0.0,0.0,0
3,PAYMENT,35.2,5266.0,5230.8,0.0,0.0,0
3,PAYMENT,2339.27,5230.8,2891.53,0.0,0.0,0
3,PAYMENT,620.13,26082.0,25461.87,0.0,0.0,0
3,DEBIT,5204.2,94612.96,89408.76,5227.86,10432.07,0
3,PAYMENT,3361.21,89408.76,86047.54,0.0,0.0,0
3,PAYMENT,22178.82,40962.0,18783.18,0.0,0.0,0
3,PAYMENT,2011.37,18783.18,16771.81,0.0,0.0,0
3,CASH_IN,26279.17,106458.0,132737.17,47409.85,21130.68,0
3,PAYMENT,8501.84,11206.0,2704.16,0.0,0.0,0
3,PAYMENT,9103.87,36680.76,27576.89,0.0,0.0,0
3,PAYMENT,997.13,27576.89,26579.75,0.0,0.0,0
3,DEBIT,4538.75,10819.0,6280.25,80056.78,0.0,0
3,PAYMENT,18934.49,50377.0,31442.51,0.0,0.0,0
3,PAYMENT,2419.01,31442.51,29023.5,0.0,0.0,0
3,PAYMENT,392.99,29023.5,28630.51,0.0,0.0,0
3,TRANSFER,11500.28,21220.0,9719.72,8671.64,20171.92,0
3,PAYMENT,16061.03,11260.0,0.0,0.0,0.0,0
3,PAYMENT,2909.12,47558.4,44649.28,0.0,0.0,0
3,PAYMENT,6188.23,44649.28,38461.05,0.0,0.0,0
3,PAYMENT,2382.11,38461.05,36078.93,0.0,0.0,0
3,PAYMENT,5882.36,721.0,0.0,0.0,0.0,0
3,PAYMENT,8137.28,29899.0,21761.72,0.0,0.0,0
3,PAYMENT,21414.91,20800.0,0.0,0.0,0.0,0
3,PAYMENT,20995.68,3000.0,0.0,0.0,0.0,0
3,PAYMENT,963.64,0.0,0.0,0.0,0.0,0
3,PAYMENT,1725.53,0.0,0.0,0.0,0.0,0
3,PAYMENT,5876.12,0.0,0.0,0.0,0.0,0
3,PAYMENT,669.13,0.0,0.0,0.0,0.0,0
3,PAYMENT,2465.65,0.0,0.0,0.0,0.0,0
3,DEBIT,3619.41,7578.0,3958.59,11421.0,17031.43,0
3,PAYMENT,19420.39,82802.0,63381.61,0.0,0.0,0
3,PAYMENT,3204.22,259443.0,256238.78,0.0,0.0,0
3,PAYMENT,7312.09,240694.0,233381.91,0.0,0.0,0
3,PAYMENT,20781.99,197549.0,176767.01,0.0,0.0,0
3,PAYMENT,2210.24,176767.01,174556.77,0.0,0.0,0
3,PAYMENT,10696.23,11100.0,403.77,0.0,0.0,0
3,PAYMENT,18799.1,257010.0,238210.9,0.0,0.0,0
3,PAYMENT,11165.58,1295.12,0.0,0.0,0.0,0
3,PAYMENT,2816.13,0.0,0.0,0.0,0.0,0
3,DEBIT,3117.69,70363.0,67245.31,13100000.0,13100000.0,0
3,PAYMENT,11706.28,8526.0,0.0,0.0,0.0,0
3,PAYMENT,20024.59,74815.0,54790.41,0.0,0.0,0
3,PAYMENT,3891.04,40512.0,36620.96,0.0,0.0,0
3,PAYMENT,372.28,36620.96,36248.68,0.0,0.0,0
3,CASH_OUT,136416.82,15719.0,0.0,52298.57,188715.38,0
3,PAYMENT,11128.08,502326.0,491197.92,0.0,0.0,0
3,PAYMENT,18118.2,30075.0,11956.8,0.0,0.0,0
3,PAYMENT,732.85,11956.8,11223.95,0.0,0.0,0
3,CASH_IN,19320.18,34302.99,53623.17,78197.44,36407.19,0
3,CASH_OUT,31678.91,53623.17,21944.26,32049.85,111995.96,0
3,CASH_OUT,90433.73,21944.26,0.0,1009068.86,1099502.6,0
3,PAYMENT,4798.43,9166.0,4367.57,0.0,0.0,0
3,PAYMENT,3027.72,60.0,0.0,0.0,0.0,0
3,PAYMENT,14586.28,3190.0,0.0,0.0,0.0,0
3,PAYMENT,19715.54,63401.0,43685.46,0.0,0.0,0
3,PAYMENT,9624.49,41287.0,31662.51,0.0,0.0,0
3,PAYMENT,14144.71,10776.0,0.0,0.0,0.0,0
3,PAYMENT,3204.02,12566.0,9361.98,0.0,0.0,0
3,PAYMENT,14685.31,51043.0,36357.69,0.0,0.0,0
3,PAYMENT,348.29,36357.69,36009.4,0.0,0.0,0
3,PAYMENT,7210.86,36009.4,28798.53,0.0,0.0,0
3,PAYMENT,9778.62,95292.0,85513.38,0.0,0.0,0
3,PAYMENT,32907.19,12517.0,0.0,0.0,0.0,0
3,CASH_OUT,93705.81,0.0,0.0,317352.53,411058.34,0
3,CASH_OUT,91705.07,0.0,0.0,379539.92,416581.85,0
3,PAYMENT,10326.31,29690.0,19363.69,0.0,0.0,0
3,PAYMENT,320.37,557054.0,556733.63,0.0,0.0,0
3,CASH_OUT,278349.71,536.0,0.0,544006.12,549946.93,0
3,PAYMENT,5365.37,31469.0,26103.63,0.0,0.0,0
3,CASH_OUT,63180.2,26103.63,0.0,267912.2,125857.29,0
3,PAYMENT,671.31,1024.0,352.69,0.0,0.0,0
3,DEBIT,2481.93,230466.0,227984.07,7757932.92,7760414.85,0
3,PAYMENT,23840.24,31073.0,7232.76,0.0,0.0,0
3,PAYMENT,1005.59,7232.76,6227.17,0.0,0.0,0
3,PAYMENT,1399.83,6227.17,4827.34,0.0,0.0,0
3,PAYMENT,15304.68,4827.34,0.0,0.0,0.0,0
3,PAYMENT,12638.35,0.0,0.0,0.0,0.0,0
3,PAYMENT,4970.55,0.0,0.0,0.0,0.0,0
3,PAYMENT,4798.39,0.0,0.0,0.0,0.0,0
3,PAYMENT,8724.11,0.0,0.0,0.0,0.0,0
3,PAYMENT,12208.56,0.0,0.0,0.0,0.0,0
3,PAYMENT,9051.52,0.0,0.0,0.0,0.0,0
3,PAYMENT,9718.62,0.0,0.0,0.0,0.0,0
3,PAYMENT,2556.46,0.0,0.0,0.0,0.0,0
3,PAYMENT,3198.62,0.0,0.0,0.0,0.0,0
3,PAYMENT,10172.81,0.0,0.0,0.0,0.0,0
3,PAYMENT,5694.58,0.0,0.0,0.0,0.0,0
3,PAYMENT,3926.01,0.0,0.0,0.0,0.0,0
3,PAYMENT,12587.22,0.0,0.0,0.0,0.0,0
3,PAYMENT,16878.5,38211.98,21333.48,0.0,0.0,0
3,CASH_IN,69219.36,21333.48,90552.84,262540.06,7616.73,0
3,CASH_IN,254710.92,90552.84,345263.76,16500000.0,15900000.0,0
3,CASH_IN,107838.55,345263.76,453102.31,275001.94,167163.39,0
3,CASH_IN,590182.14,453102.31,1043284.45,7665898.66,6818933.6,0
3,CASH_IN,224808.55,1043284.45,1268093.0,748145.12,331525.89,0
3,CASH_IN,133683.73,1268093.0,1401776.73,822355.83,549946.93,0
3,CASH_IN,105980.46,1401776.73,1507757.19,6646326.74,6540346.28,0
3,CASH_IN,138725.17,1507757.19,1646482.36,688672.1,549946.93,0
3,CASH_IN,176482.1,1646482.36,1822964.46,260744.05,84261.95,0
3,CASH_IN,249046.59,1822964.46,2072011.06,3458012.98,3208966.39,0
3,CASH_IN,38307.58,2072011.06,2110318.64,183763.58,144203.7,0
3,CASH_IN,313673.99,2110318.64,2423992.63,382554.78,68880.79,0
3,CASH_IN,392470.41,2423992.63,2816463.03,1427406.41,270110.78,0
3,CASH_IN,166630.82,2816463.03,2983093.85,8740534.53,7928126.25,0
3,CASH_IN,108616.0,2983093.85,3091709.85,2124864.17,1748436.14,0
3,CASH_IN,118387.74,3091709.85,3210097.59,11400000.0,11200000.0,0
3,CASH_IN,57234.15,3210097.59,3267331.74,76120.27,18886.12,0
3,CASH_IN,57955.32,3267331.74,3325287.05,75105.0,6349066.6,0
3,CASH_IN,4362.02,3325287.05,3329649.08,18783.58,14421.56,0
3,CASH_IN,256782.92,3329649.08,3586432.0,7075716.53,6818933.6,0
3,CASH_IN,422671.35,3586432.0,4009103.34,10400000.0,9989133.64,0
3,CASH_IN,349779.04,4009103.34,4358882.39,1034936.0,270110.78,0
3,CASH_IN,58930.33,4358882.39,4417812.72,60738.03,1807.7,0
3,CASH_IN,53594.23,4417812.72,4471406.95,139555.44,85961.2,0
3,CASH_IN,79311.12,4471406.95,4550718.07,6492164.85,6235766.54,0
3,CASH_IN,204766.89,4550718.07,4755484.96,224060.15,19293.26,0
3,CASH_IN,28105.73,4755484.96,4783590.69,41812.84,13707.11,0
3,CASH_IN,98566.11,4783590.69,4882156.79,375616.62,66548.75,0
3,CASH_IN,32906.54,4882156.79,4915063.33,41535.55,8629.02,0
3,CASH_IN,194926.14,4915063.33,5109989.47,291562.7,96636.56,0
3,CASH_IN,326468.84,5109989.47,5436458.31,3822931.57,2943614.6,0
3,CASH_IN,92558.28,5436458.31,5529016.59,523336.57,331525.89,0
3,CASH_IN,327117.43,5529016.59,5856134.02,1303905.43,930271.58,0
3,CASH_IN,28444.78,5856134.02,5884578.8,84595.53,0.0,0
3,CASH_IN,267812.03,5884578.8,6152390.83,2016248.17,1748436.14,0
3,CASH_IN,381371.28,6152390.83,6533762.11,1303188.93,921817.65,0
3,CASH_IN,440757.72,6533762.11,6533762.11,6533762.11,7074754.63,0
3,CASH_IN,140164.86,6533762.11,6673926.97,687379.98,547215.12,0
3,CASH_IN,168479.08,6673926.97,6842406.06,308642.49,140163.41,0
3,CASH_IN,185832.16,6842406.06,7028238.22,2025909.1,1840076.94,0
3,CASH_IN,46516.42,7028238.22,7074754.63,976787.99,930271.58,0
3,PAYMENT,13030.42,13485.0,454.58,0.0,0.0,0
3,PAYMENT,6064.7,31164.0,25099.3,0.0,0.0,0
3,CASH_OUT,14979.83,25099.3,10119.47,1051654.28,1066634.1,0
3,PAYMENT,7536.31,125867.0,118330.69,0.0,0.0,0
3,PAYMENT,5115.77,1789.0,0.0,0.0,0.0,0
3,PAYMENT,79.55,0.0,0.0,0.0,0.0,0
3,PAYMENT,9169.8,20746.0,11576.2,0.0,0.0,0
3,PAYMENT,7118.78,14281.0,7162.22,0.0,0.0,0
3,PAYMENT,6745.4,25920.0,19174.6,0.0,0.0,0
3,PAYMENT,20473.47,106430.0,85956.53,0.0,0.0,0
3,PAYMENT,3966.99,18552.0,14585.01,0.0,0.0,0
3,PAYMENT,2413.25,14585.01,12171.76,0.0,0.0,0
3,PAYMENT,6546.7,12171.76,5625.06,0.0,0.0,0
3,DEBIT,9635.1,173069.0,163433.9,33111.63,42746.73,0
3,PAYMENT,3107.85,100767.0,97659.15,0.0,0.0,0
3,CASH_OUT,77196.59,97659.15,20462.56,4608733.28,4450740.26,0
3,PAYMENT,29954.16,224.0,0.0,0.0,0.0,0
3,PAYMENT,6887.71,114040.0,107152.29,0.0,0.0,0
3,DEBIT,1991.02,19934.0,17942.98,15040.41,17031.43,0
3,PAYMENT,6028.79,22303.0,16274.21,0.0,0.0,0
3,PAYMENT,14017.83,629.0,0.0,0.0,0.0,0
3,PAYMENT,3645.21,0.0,0.0,0.0,0.0,0
3,PAYMENT,7052.32,0.0,0.0,0.0,0.0,0
3,PAYMENT,5810.4,33854.0,28043.6,0.0,0.0,0
3,PAYMENT,6754.06,34500.0,27745.94,0.0,0.0,0
3,PAYMENT,534.45,27745.94,27211.48,0.0,0.0,0
3,PAYMENT,1226.94,100390.0,99163.06,0.0,0.0,0
3,PAYMENT,14771.16,138054.0,123282.84,0.0,0.0,0
3,PAYMENT,1962.04,120779.0,118816.96,0.0,0.0,0
3,PAYMENT,10355.12,29899.0,19543.88,0.0,0.0,0
3,PAYMENT,15398.06,56150.75,40752.69,0.0,0.0,0
3,CASH_OUT,69119.41,40752.69,0.0,86047.54,155166.96,0
3,PAYMENT,9399.1,28964.0,19564.9,0.0,0.0,0
3,PAYMENT,4086.36,20859.0,16772.64,0.0,0.0,0
3,PAYMENT,13620.05,50465.0,36844.95,0.0,0.0,0
3,PAYMENT,401.1,36844.95,36443.85,0.0,0.0,0
3,PAYMENT,14694.94,234028.0,219333.06,0.0,0.0,0
3,PAYMENT,11405.44,193320.7,181915.26,0.0,0.0,0
3,PAYMENT,931.78,181915.26,180983.48,0.0,0.0,0
3,DEBIT,5922.61,17149.68,11227.07,18493.88,24416.5,0
3,CASH_IN,10407.19,11227.07,21634.26,8573903.71,7928126.25,0
3,CASH_IN,342249.43,21634.26,363883.69,792325.38,50942.42,0
3,CASH_IN,323385.62,363883.69,687269.31,16300000.0,15900000.0,0
3,CASH_IN,116555.35,687269.31,803824.66,126632.21,10076.87,0
3,CASH_IN,347969.28,803824.66,1151793.94,1920811.16,1572841.87,0
3,CASH_IN,133240.9,1151793.94,1285034.84,9804055.57,9670814.67,0
3,CASH_IN,344106.28,1285034.84,1629141.12,3496462.74,2943614.6,0
3,CASH_IN,279322.88,1629141.12,1908464.0,6071458.76,5792135.89,0
3,CASH_IN,113390.81,1908464.0,2021854.81,2599308.82,2485918.01,0
3,CASH_IN,205235.12,2021854.81,2227089.93,331092.4,125857.29,0
3,CASH_IN,415046.18,2227089.93,2642136.11,685156.96,270110.78,0
3,CASH_IN,201744.79,2642136.11,2843880.9,2160866.07,1982491.06,0
3,CASH_IN,1252.3,2843880.9,2845133.2,145455.99,144203.7,0
3,CASH_IN,24686.64,2845133.2,2869819.84,36443.85,11757.21,0
3,CASH_IN,241498.78,2869819.84,3111318.61,3032017.16,2560556.45,0
3,CASH_IN,399133.53,3111318.61,3510452.14,450075.95,50942.42,0
3,CASH_IN,99252.4,3510452.14,3609704.54,430778.28,331525.89,0
3,CASH_IN,173366.75,3609704.54,3783071.29,180983.48,7616.73,0
3,CASH_IN,46505.13,3783071.29,3829576.42,224705.73,178200.6,0
3,CASH_IN,229961.93,3829576.42,4059538.35,2790518.38,2560556.45,0
3,CASH_IN,344337.25,4059538.35,4403875.6,18100000.0,17800000.0,0
3,CASH_IN,81874.56,4403875.6,4485750.16,1259045.81,1177171.25,0
3,CASH_IN,54663.15,4485750.16,4540413.31,471244.99,416581.85,0
3,CASH_IN,33672.18,4540413.31,4574085.49,82846.67,49174.49,0
3,CASH_IN,23641.67,4574085.49,4597727.16,308871.37,285229.7,0
3,CASH_IN,99657.13,4597727.16,4697384.29,11300000.0,11200000.0,0
3,CASH_IN,79516.07,4697384.29,4697384.29,4697384.29,6349066.6,0
3,CASH_IN,210501.76,4697384.29,4907886.05,277050.51,66548.75,0
3,CASH_IN,22608.48,4907886.05,4930494.53,125556.04,102947.56,0
3,CASH_IN,235189.62,4930494.53,5165684.15,4685929.87,4450740.26,0
3,CASH_IN,162183.14,5165684.15,5327867.28,1540753.5,1378570.36,0
3,CASH_IN,635370.28,5327867.28,5963237.56,8563496.52,7928126.25,0
3,CASH_IN,177087.19,5963237.56,6140324.75,6412853.73,6235766.54,0
3,CASH_IN,208741.85,6140324.75,6349066.6,3152356.46,2943614.6,0
3,PAYMENT,3627.99,22828.0,19200.01,0.0,0.0,0
3,CASH_OUT,44921.54,19200.01,0.0,80305.45,125226.99,0
3,PAYMENT,1972.03,11264.0,9291.97,0.0,0.0,0
3,PAYMENT,5521.09,134586.0,129064.91,0.0,0.0,0
3,PAYMENT,14796.83,253246.63,238449.79,0.0,0.0,0
3,CASH_OUT,23369.78,238449.79,215080.02,1959121.29,1982491.06,0
3,CASH_OUT,120223.34,19822.0,0.0,15326.3,135549.64,0
3,PAYMENT,1695.2,227.0,0.0,0.0,0.0,0
3,PAYMENT,2620.17,10931.74,8311.57,0.0,0.0,0
3,CASH_OUT,72791.13,8311.57,0.0,282014.16,354805.29,0
3,PAYMENT,5153.28,30246.0,25092.72,0.0,0.0,0
3,PAYMENT,11304.29,31328.0,20023.71,0.0,0.0,0
3,CASH_OUT,48267.2,20023.71,0.0,63728.76,111995.96,0
3,PAYMENT,11688.59,1081.0,0.0,0.0,0.0,0
3,PAYMENT,3825.07,138.0,0.0,0.0,0.0,0
3,PAYMENT,1290.28,1319.0,28.72,0.0,0.0,0
3,PAYMENT,14267.79,61630.0,47362.21,0.0,0.0,0
3,DEBIT,6901.26,11382.0,4480.74,14210.92,21112.18,0
3,PAYMENT,4407.34,4480.74,73.39,0.0,0.0,0
3,PAYMENT,5466.9,11253.0,5786.1,0.0,0.0,0
3,PAYMENT,22256.72,58877.26,36620.54,0.0,0.0,0
3,PAYMENT,213.35,36620.54,36407.19,0.0,0.0,0
3,PAYMENT,36228.33,1409.0,0.0,0.0,0.0,0
3,PAYMENT,6039.09,0.0,0.0,0.0,0.0,0
3,PAYMENT,8777.15,0.0,0.0,0.0,0.0,0
3,PAYMENT,23087.59,0.0,0.0,0.0,0.0,0
3,PAYMENT,13653.91,0.0,0.0,0.0,0.0,0
3,PAYMENT,16697.62,0.0,0.0,0.0,0.0,0
3,PAYMENT,33149.43,0.0,0.0,0.0,0.0,0
3,PAYMENT,4693.35,0.0,0.0,0.0,0.0,0
3,PAYMENT,40550.78,0.0,0.0,0.0,0.0,0
3,PAYMENT,8216.42,0.0,0.0,0.0,0.0,0
3,PAYMENT,7899.89,0.0,0.0,0.0,0.0,0
3,PAYMENT,4155.21,0.0,0.0,0.0,0.0,0
3,PAYMENT,4530.34,0.0,0.0,0.0,0.0,0
3,PAYMENT,5356.63,0.0,0.0,0.0,0.0,0
3,PAYMENT,7531.23,0.0,0.0,0.0,0.0,0
3,PAYMENT,14251.38,0.0,0.0,0.0,0.0,0
3,PAYMENT,6699.52,0.0,0.0,0.0,0.0,0
3,PAYMENT,23440.57,0.0,0.0,0.0,0.0,0
3,PAYMENT,6655.88,0.0,0.0,0.0,0.0,0
3,PAYMENT,16881.67,0.0,0.0,0.0,0.0,0
3,PAYMENT,6335.61,0.0,0.0,0.0,0.0,0
3,PAYMENT,9601.55,45678.0,36076.45,0.0,0.0,0
3,PAYMENT,26045.36,51555.0,25509.64,0.0,0.0,0
3,PAYMENT,426.96,75389.0,74962.04,0.0,0.0,0
3,PAYMENT,760.74,74962.04,74201.31,0.0,0.0,0
3,PAYMENT,3222.39,18340.0,15117.61,0.0,0.0,0
3,DEBIT,1806.31,612597.0,610790.69,15859.88,17666.19,0
3,PAYMENT,3067.08,1077.0,0.0,0.0,0.0,0
3,PAYMENT,12240.34,551382.0,539141.66,0.0,0.0,0
3,PAYMENT,2034.58,26296.0,24261.42,0.0,0.0,0
3,PAYMENT,8202.16,17031.43,8829.26,0.0,0.0,0
3,CASH_OUT,72010.87,8829.26,0.0,76267.32,148278.19,0
3,CASH_OUT,93427.95,620.0,0.0,270110.78,139849.81,0
3,PAYMENT,7594.11,50170.0,42575.89,0.0,0.0,0
3,PAYMENT,6199.3,39364.0,33164.7,0.0,0.0,0
3,PAYMENT,303.62,30888.0,30584.38,0.0,0.0,0
3,PAYMENT,14146.46,150.0,0.0,0.0,0.0,0
3,PAYMENT,991.75,16919.0,15927.25,0.0,0.0,0
3,PAYMENT,13191.45,55709.0,42517.55,0.0,0.0,0
3,PAYMENT,2342.29,42517.55,40175.26,0.0,0.0,0
3,DEBIT,2262.1,136931.46,134669.36,14677.26,16939.36,0
3,PAYMENT,842.26,134669.36,133827.1,0.0,0.0,0
3,PAYMENT,1558.6,10937.76,9379.15,0.0,0.0,0
3,PAYMENT,3720.12,9379.15,5659.03,0.0,0.0,0
3,PAYMENT,16831.23,52060.0,35228.77,0.0,0.0,0
3,PAYMENT,26084.81,40746.0,14661.19,0.0,0.0,0
3,PAYMENT,3800.11,11154.0,7353.89,0.0,0.0,0
3,PAYMENT,20670.84,5597.0,0.0,0.0,0.0,0
3,DEBIT,3923.46,159800.0,155876.54,11757.21,15680.66,0
3,CASH_IN,133270.9,4140.0,137410.9,67722.17,13707.11,0
3,PAYMENT,19681.95,2517.0,0.0,0.0,0.0,0
3,PAYMENT,982.2,0.0,0.0,0.0,0.0,0
3,PAYMENT,20409.77,4528.0,0.0,0.0,0.0,0
3,PAYMENT,14147.04,5031.0,0.0,0.0,0.0,0
3,PAYMENT,3236.22,0.0,0.0,0.0,0.0,0
3,PAYMENT,7865.38,0.0,0.0,0.0,0.0,0
3,PAYMENT,12798.31,61384.0,48585.69,0.0,0.0,0
3,PAYMENT,6672.96,72306.66,65633.71,0.0,0.0,0
3,PAYMENT,1615.9,65633.71,64017.81,0.0,0.0,0
3,PAYMENT,2805.92,202.0,0.0,0.0,0.0,0
3,PAYMENT,374.85,0.0,0.0,0.0,0.0,0
3,TRANSFER,69013.09,40038.0,0.0,68880.79,137893.88,0
3,PAYMENT,545.68,0.0,0.0,0.0,0.0,0
3,PAYMENT,25486.13,125894.0,100407.87,0.0,0.0,0
3,PAYMENT,1443.56,100407.87,98964.31,0.0,0.0,0
3,PAYMENT,1719.19,98964.31,97245.12,0.0,0.0,0
3,PAYMENT,2650.15,97245.12,94594.97,0.0,0.0,0
3,PAYMENT,14140.28,94594.97,80454.69,0.0,0.0,0
3,PAYMENT,13343.04,80454.69,67111.65,0.0,0.0,0
3,PAYMENT,2536.69,67111.65,64574.96,0.0,0.0,0
3,PAYMENT,8780.64,64574.96,55794.32,0.0,0.0,0
3,PAYMENT,12895.72,55794.32,42898.6,0.0,0.0,0
3,PAYMENT,952.87,42898.6,41945.73,0.0,0.0,0
3,PAYMENT,7874.98,41945.73,34070.75,0.0,0.0,0
3,PAYMENT,4035.53,34070.75,30035.22,0.0,0.0,0
3,PAYMENT,14225.59,30035.22,15809.63,0.0,0.0,0
3,PAYMENT,7937.87,15809.63,7871.75,0.0,0.0,0
3,PAYMENT,23347.8,7871.75,0.0,0.0,0.0,0
3,PAYMENT,3024.32,36790.0,33765.68,0.0,0.0,0
3,PAYMENT,12694.9,179254.0,166559.1,0.0,0.0,0
3,PAYMENT,6573.52,4921.0,0.0,0.0,0.0,0
3,PAYMENT,30588.31,144777.0,114188.69,0.0,0.0,0
3,PAYMENT,18409.27,14504.0,0.0,0.0,0.0,0
3,PAYMENT,6808.99,79862.0,73053.01,0.0,0.0,0
3,PAYMENT,28899.92,186.0,0.0,0.0,0.0,0
3,PAYMENT,85.42,10386.0,10300.58,0.0,0.0,0
3,PAYMENT,9768.07,5198.0,0.0,0.0,0.0,0
3,PAYMENT,1828.21,2.0,0.0,0.0,0.0,0
3,DEBIT,1027.42,52928.0,51900.58,51250.0,9076.2,0
3,TRANSFER,76083.8,51900.58,0.0,186540.3,262624.1,0
3,TRANSFER,5573.43,0.0,0.0,152292.0,286841.74,0
3,TRANSFER,206925.43,0.0,0.0,11200000.0,10900000.0,0
3,TRANSFER,572492.51,0.0,0.0,11600000.0,12100000.0,0
3,TRANSFER,707899.22,0.0,0.0,7173523.49,7801173.17,0
3,TRANSFER,979818.78,0.0,0.0,1116289.38,1796138.08,0
3,TRANSFER,280567.17,0.0,0.0,9989133.64,10700000.0,0
3,TRANSFER,18873.1,0.0,0.0,54985.05,18021.11,0
3,TRANSFER,2837270.65,0.0,0.0,9126860.4,12900000.0,0
3,TRANSFER,525371.52,0.0,0.0,930271.58,1640678.66,0
3,TRANSFER,1197188.79,0.0,0.0,2560556.45,3757745.24,0
3,TRANSFER,141633.8,0.0,0.0,6235766.54,6778025.76,0
3,TRANSFER,521678.46,0.0,0.0,10300000.0,10700000.0,0
3,TRANSFER,1610264.08,0.0,0.0,6349066.6,7810214.06,0
3,TRANSFER,2565.32,0.0,0.0,188715.38,344441.76,0
3,TRANSFER,16972.84,0.0,0.0,20462.56,37435.4,0
3,TRANSFER,708855.97,0.0,0.0,1066634.1,2109808.94,0
3,TRANSFER,630132.72,0.0,0.0,1177171.25,1628181.42,0
3,TRANSFER,445570.0,0.0,0.0,547215.12,1482025.15,0
3,TRANSFER,50662.63,0.0,0.0,52277.42,9076.2,0
3,TRANSFER,192421.03,0.0,0.0,6377400.33,6778025.76,0
3,TRANSFER,1453126.81,0.0,0.0,3809570.13,4790173.09,0
3,TRANSFER,112752.15,0.0,0.0,223006.0,5515949.57,0
3,TRANSFER,87674.26,0.0,0.0,157982.12,124042.91,0
3,PAYMENT,16573.43,40857.0,24283.57,0.0,0.0,0
3,PAYMENT,2941.39,102940.05,99998.66,0.0,0.0,0
3,CASH_OUT,90922.45,99998.66,9076.2,482981.46,122805.91,0
3,PAYMENT,2166.7,72.0,0.0,0.0,0.0,0
3,PAYMENT,3095.82,30415.0,27319.18,0.0,0.0,0
3,PAYMENT,279.84,27319.18,27039.34,0.0,0.0,0
3,PAYMENT,8615.79,27039.34,18423.55,0.0,0.0,0
3,PAYMENT,29363.1,17790.0,0.0,0.0,0.0,0
3,DEBIT,5916.27,247.0,0.0,38473.99,44390.26,0
3,PAYMENT,19877.65,24560.0,4682.35,0.0,0.0,0
3,DEBIT,1575.17,72541.05,70965.88,81584.44,89079.66,0
3,PAYMENT,162.32,70965.88,70803.56,0.0,0.0,0
3,DEBIT,2664.55,28439.0,25774.45,157865.43,286841.74,0
3,PAYMENT,10951.21,460592.0,449640.79,0.0,0.0,0
3,PAYMENT,649.2,158.0,0.0,0.0,0.0,0
3,PAYMENT,18847.45,152220.0,133372.55,0.0,0.0,0
3,TRANSFER,70376.34,59987.0,0.0,47644.38,46262.61,0
3,PAYMENT,24661.43,2191.0,0.0,0.0,0.0,0
3,PAYMENT,2688.52,1070.0,0.0,0.0,0.0,0
3,PAYMENT,16048.8,114995.0,98946.2,0.0,0.0,0
3,PAYMENT,16115.55,5373.0,0.0,0.0,0.0,0
3,PAYMENT,3130.69,45415.0,42284.31,0.0,0.0,0
3,DEBIT,6010.62,549946.93,543936.31,8629.02,14639.63,0
3,CASH_OUT,8294.34,543936.31,535641.97,41182.36,49476.7,0
3,CASH_OUT,34465.37,535641.97,501176.6,165878.6,3522.9,0
3,PAYMENT,12695.49,30843.0,18147.51,0.0,0.0,0
3,PAYMENT,3911.87,1327.0,0.0,0.0,0.0,0
3,PAYMENT,10105.94,49694.0,39588.06,0.0,0.0,0
3,PAYMENT,24674.79,20199.0,0.0,0.0,0.0,0
3,TRANSFER,16208.5,24318.0,8109.5,0.0,16208.5,0
3,PAYMENT,37480.38,182.0,0.0,0.0,0.0,0
3,PAYMENT,14043.68,72818.0,58774.32,0.0,0.0,0
3,PAYMENT,9419.48,22393.0,12973.52,0.0,0.0,0
3,CASH_OUT,101181.53,12973.52,0.0,10800000.0,10700000.0,0
3,PAYMENT,9437.39,19908.0,10470.61,0.0,0.0,0
3,PAYMENT,10728.82,778162.02,767433.2,0.0,0.0,0
3,PAYMENT,409.74,767433.2,767023.46,0.0,0.0,0
3,PAYMENT,708.36,767023.46,766315.1,0.0,0.0,0
3,PAYMENT,21595.02,466.0,0.0,0.0,0.0,0
3,PAYMENT,13021.44,150192.94,137171.5,0.0,0.0,0
3,CASH_OUT,31891.69,137171.5,105279.81,42746.73,74638.42,0
3,PAYMENT,14294.08,69899.0,55604.92,0.0,0.0,0
3,PAYMENT,209.18,245730.0,245520.82,0.0,0.0,0
3,PAYMENT,8269.29,94256.0,85986.71,0.0,0.0,0
3,PAYMENT,8095.03,41916.0,33820.97,0.0,0.0,0
3,PAYMENT,1588.8,40155.84,38567.04,0.0,0.0,0
3,PAYMENT,1667.18,38567.04,36899.86,0.0,0.0,0
3,PAYMENT,2184.39,7360.41,5176.03,0.0,0.0,0
3,PAYMENT,549.08,5176.03,4626.94,0.0,0.0,0
3,PAYMENT,1082.01,32477.0,31394.99,0.0,0.0,0
3,PAYMENT,5664.57,509363.0,503698.43,0.0,0.0,0
3,DEBIT,3762.4,11465.0,7702.6,27048.0,24074.25,0
3,DEBIT,5920.06,156628.0,150707.94,83159.61,89079.66,0
3,PAYMENT,34885.44,96636.56,61751.11,0.0,0.0,0
3,CASH_OUT,57342.59,61751.11,4408.53,1455643.1,1640678.66,0
3,CASH_OUT,9804.05,4408.53,0.0,107159.07,118276.63,0
3,CASH_OUT,119579.08,0.0,0.0,2485918.01,2182677.05,0
3,CASH_OUT,8451.78,0.0,0.0,174556.77,100836.14,0
3,CASH_OUT,123283.25,0.0,0.0,404831.0,646875.4,0
3,CASH_OUT,171669.81,0.0,0.0,416581.85,259015.25,0
3,CASH_OUT,48514.62,0.0,0.0,50942.42,99457.04,0
3,CASH_OUT,485135.11,0.0,0.0,17800000.0,18300000.0,0
3,CASH_OUT,340917.37,0.0,0.0,7103899.5,6800716.51,0
3,CASH_OUT,103406.05,0.0,0.0,3512606.05,6963508.84,0
3,CASH_OUT,88793.94,0.0,0.0,125226.99,265635.7,0
3,CASH_OUT,162541.79,0.0,0.0,327229.36,99535.4,0
3,CASH_OUT,189104.46,0.0,0.0,2605497.09,2182677.05,0
3,CASH_OUT,22630.64,0.0,0.0,235008.0,259438.66,0
3,CASH_OUT,75925.56,0.0,0.0,1378570.36,2648013.13,0
3,CASH_OUT,226424.35,0.0,0.0,1748436.14,1615874.57,0
3,CASH_OUT,105759.64,0.0,0.0,152509.08,229190.56,0
3,PAYMENT,7842.1,53982.06,46139.96,0.0,0.0,0
3,PAYMENT,2317.06,46139.96,43822.9,0.0,0.0,0
3,CASH_IN,254872.55,7408.0,262280.55,786.0,0.0,0
3,PAYMENT,2457.11,262280.55,259823.45,0.0,0.0,0
3,PAYMENT,2599.05,39532.0,36932.95,0.0,0.0,0
3,PAYMENT,906.78,36932.95,36026.17,0.0,0.0,0
3,PAYMENT,2092.69,36026.17,33933.48,0.0,0.0,0
3,PAYMENT,18293.81,60205.42,41911.6,0.0,0.0,0
3,PAYMENT,1341.34,41911.6,40570.26,0.0,0.0,0
3,PAYMENT,6159.62,40570.26,34410.65,0.0,0.0,0
3,TRANSFER,75131.35,76089.0,957.65,23315.48,98446.83,0
3,DEBIT,3985.96,40300.0,36314.04,10900000.0,10700000.0,0
3,PAYMENT,9224.5,27929.0,18704.5,0.0,0.0,0
3,PAYMENT,10839.8,70407.1,59567.3,0.0,0.0,0
3,TRANSFER,136001.37,59567.3,0.0,501176.6,227513.56,0
3,TRANSFER,163870.49,39379.0,0.0,29491.02,193361.51,0
3,PAYMENT,15484.5,176099.0,160614.5,0.0,0.0,0
3,PAYMENT,22415.68,31164.0,8748.32,0.0,0.0,0
3,PAYMENT,19110.24,17586.0,0.0,0.0,0.0,0
3,PAYMENT,2726.77,696.0,0.0,0.0,0.0,0
3,PAYMENT,8302.14,0.0,0.0,0.0,0.0,0
3,PAYMENT,2204.12,0.0,0.0,0.0,0.0,0
3,PAYMENT,1587.79,10906.0,9318.21,0.0,0.0,0
3,PAYMENT,19818.51,154991.0,135172.49,0.0,0.0,0
3,PAYMENT,5989.14,15216.0,9226.86,0.0,0.0,0
3,PAYMENT,22421.09,121670.0,99248.91,0.0,0.0,0
3,PAYMENT,15323.44,9083.0,0.0,0.0,0.0,0
3,PAYMENT,26862.79,26044.0,0.0,0.0,0.0,0
3,PAYMENT,4158.69,24366.0,20207.31,0.0,0.0,0
3,PAYMENT,1354.57,158.0,0.0,0.0,0.0,0
4,TRANSFER,167476.47,63807.0,0.0,0.0,167476.47,0
4,PAYMENT,383.64,1081.0,697.36,0.0,0.0,0
4,PAYMENT,1150.8,30766.0,29615.2,0.0,0.0,0
4,PAYMENT,4059.46,11277.0,7217.54,0.0,0.0,0
4,PAYMENT,921.61,7217.54,6295.94,0.0,0.0,0
4,PAYMENT,10739.56,6295.94,0.0,0.0,0.0,0
4,TRANSFER,43896.22,102539.0,58642.78,167163.39,252667.53,0
4,PAYMENT,1036.33,58642.78,57606.45,0.0,0.0,0
4,CASH_OUT,124112.03,3248.0,0.0,258268.72,229190.56,0
4,PAYMENT,5678.23,0.0,0.0,0.0,0.0,0
4,PAYMENT,4848.52,0.0,0.0,0.0,0.0,0
4,PAYMENT,562.64,674221.0,673658.36,0.0,0.0,0
4,DEBIT,1313.51,49977.0,48663.49,116963.12,118276.63,0
4,PAYMENT,2681.46,11034.0,8352.54,0.0,0.0,0
4,PAYMENT,1677.52,24448.0,22770.48,0.0,0.0,0
4,PAYMENT,2713.07,96360.0,93646.93,0.0,0.0,0
4,PAYMENT,1187.17,48450.0,47262.83,0.0,0.0,0
4,PAYMENT,347.5,9148.0,8800.5,0.0,0.0,0
4,PAYMENT,1637.03,220.0,0.0,0.0,0.0,0
4,PAYMENT,947.58,3025.0,2077.42,0.0,0.0,0
4,PAYMENT,1921.43,34622.0,32700.57,0.0,0.0,0
4,PAYMENT,2929.49,0.0,0.0,0.0,0.0,0
4,PAYMENT,1161.22,0.0,0.0,0.0,0.0,0
4,PAYMENT,2005.44,21367.0,19361.56,0.0,0.0,0
4,PAYMENT,1936.67,10604.0,8667.33,0.0,0.0,0
4,PAYMENT,8158.24,8667.33,509.09,0.0,0.0,0
4,PAYMENT,38059.51,509.09,0.0,0.0,0.0,0
4,PAYMENT,3272.71,4352.0,1079.29,0.0,0.0,0
4,PAYMENT,2707.11,198203.0,195495.89,0.0,0.0,0
4,PAYMENT,2776.75,20499.0,17722.25,0.0,0.0,0
4,PAYMENT,3346.22,12983.0,9636.78,0.0,0.0,0
4,DEBIT,409.4,30810.4,30401.0,25390.85,21101.01,0
4,PAYMENT,6326.75,30401.0,24074.25,0.0,0.0,0
4,TRANSFER,139173.95,35559.0,0.0,0.0,139173.95,0
4,CASH_IN,208096.95,0.0,208096.95,486798.02,42270.49,0
4,CASH_IN,487852.5,208096.95,695949.45,9670814.67,8975709.58,0
4,CASH_IN,45649.91,695949.45,741599.36,382380.75,229190.56,0
4,CASH_IN,130708.05,741599.36,872307.41,245656.38,124042.91,0
4,CASH_IN,143618.67,872307.41,1015926.08,1840076.94,1623962.37,0
4,CASH_IN,41385.54,1015926.08,1057311.62,65002.0,5966.04,0
4,CASH_IN,51147.41,1057311.62,1108459.04,57792.19,6644.77,0
4,CASH_IN,246059.61,1108459.04,1354518.65,1982491.06,1356589.82,0
4,CASH_IN,352364.46,1354518.65,1706883.11,2943614.6,2772312.14,0
4,CASH_IN,225639.52,1706883.11,1932522.64,10900000.0,10700000.0,0
4,CASH_IN,52896.89,1932522.64,1985419.52,74267.0,0.0,0
4,CASH_IN,409664.42,1985419.52,2395083.94,637177.97,227513.56,0
4,CASH_IN,308084.98,2395083.94,2703168.92,1454495.92,2648013.13,0
4,CASH_IN,280770.07,2703168.92,2983939.0,6540346.28,5692737.46,0
4,CASH_IN,221970.49,2983939.0,2983939.0,2983939.0,6671931.33,0
4,CASH_IN,68827.52,2983939.0,3052766.52,72236.0,3408.48,0
4,CASH_IN,180075.86,3052766.52,3232842.37,921817.65,217964.09,0
4,CASH_IN,245908.29,3232842.37,3478750.66,12000000.0,12900000.0,0
4,CASH_IN,80199.62,3478750.66,3558950.28,2051802.27,2748383.99,0
4,CASH_IN,573435.74,3558950.28,4132386.02,7444816.87,6800716.51,0
4,CASH_IN,248507.58,4132386.02,4380893.6,308745.42,60237.85,0
4,CASH_IN,137360.58,4380893.6,4518254.18,1736431.45,1356589.82,0
4,CASH_IN,48951.75,4518254.18,4567205.93,114948.33,124042.91,0
4,CASH_IN,99107.68,4567205.93,4666313.62,1807303.97,1628181.42,0
4,CASH_IN,25752.66,4666313.62,4692066.27,335758.15,5515949.57,0
4,CASH_IN,16871.14,4692066.27,4708937.41,135715.81,118844.67,0
4,CASH_IN,34688.77,4708937.41,4743626.18,363538.72,139849.81,0
4,CASH_IN,208461.54,4743626.18,4952087.72,259823.45,51361.91,0
4,CASH_IN,107540.28,4952087.72,5059628.0,336730.84,229190.56,0
4,CASH_IN,180025.45,5059628.0,5239653.45,7074754.63,6894729.18,0
4,CASH_IN,86497.62,5239653.45,5326151.07,146063.74,59566.12,0
4,CASH_IN,21370.5,5326151.07,5347521.57,1708196.29,1628181.42,0
4,CASH_IN,130407.77,5347521.57,5477929.34,13100000.0,0.0,0
4,PAYMENT,200.47,31051.0,30850.53,0.0,0.0,0
4,PAYMENT,3973.91,30850.53,26876.62,0.0,0.0,0
4,PAYMENT,1015.93,1168.0,152.07,0.0,0.0,0
4,PAYMENT,8221.47,152.07,0.0,0.0,0.0,0
4,PAYMENT,7222.78,64443.0,57220.22,0.0,0.0,0
4,PAYMENT,1161.3,125444.0,124282.7,0.0,0.0,0
4,PAYMENT,2463.48,3921.0,1457.52,0.0,0.0,0
4,CASH_OUT,51614.78,1457.52,0.0,214020.92,265635.7,0
4,TRANSFER,25975.86,138.0,0.0,0.0,25975.86,0
4,PAYMENT,3011.78,21044.0,18032.22,0.0,0.0,0
4,PAYMENT,3112.94,18032.22,14919.27,0.0,0.0,0
4,PAYMENT,423.65,196.0,0.0,0.0,0.0,0
4,PAYMENT,1713.72,15759.0,14045.28,0.0,0.0,0
4,PAYMENT,6188.07,14045.28,7857.21,0.0,0.0,0
4,PAYMENT,27480.99,7857.21,0.0,0.0,0.0,0
4,PAYMENT,2343.87,21566.0,19222.13,0.0,0.0,0
4,PAYMENT,2423.7,32326.0,29902.3,0.0,0.0,0
4,PAYMENT,3722.55,4541.0,818.45,0.0,0.0,0
4,CASH_OUT,58046.34,818.45,0.0,65996.58,124042.91,0
4,PAYMENT,709.56,31400.0,30690.44,0.0,0.0,0
4,PAYMENT,2524.23,249333.0,246808.77,0.0,0.0,0
4,PAYMENT,1427.0,29868.0,28441.0,0.0,0.0,0
4,PAYMENT,952.48,46570.0,45617.52,0.0,0.0,0
4,PAYMENT,3684.23,45617.52,41933.3,0.0,0.0,0
4,PAYMENT,808.11,4801.0,3992.89,0.0,0.0,0
4,PAYMENT,1522.02,189.0,0.0,0.0,0.0,0
4,PAYMENT,5249.58,13476.0,8226.42,0.0,0.0,0
4,PAYMENT,1680.88,20388.0,18707.12,0.0,0.0,0
4,CASH_OUT,12414.4,18707.12,6292.72,33316.54,45730.94,0
4,PAYMENT,2674.97,0.0,0.0,0.0,0.0,0
4,CASH_OUT,75146.85,0.0,0.0,77486.0,61986.75,0
4,CASH_OUT,186125.39,0.0,0.0,211059.6,252667.53,0
4,PAYMENT,1950.33,334103.0,332152.67,0.0,0.0,0
4,PAYMENT,3969.94,5743.0,1773.06,0.0,0.0,0
4,PAYMENT,2413.57,287.0,0.0,0.0,0.0,0
4,PAYMENT,3690.54,22861.0,19170.46,0.0,0.0,0
4,PAYMENT,8402.36,19170.46,10768.1,0.0,0.0,0
4,PAYMENT,2582.66,12332.0,9749.34,0.0,0.0,0
4,PAYMENT,6122.88,9749.34,3626.46,0.0,0.0,0
4,CASH_IN,57894.54,50413.0,108307.54,0.0,0.0,0
4,PAYMENT,865.79,108307.54,107441.76,0.0,0.0,0
4,PAYMENT,494.11,10100.0,9605.89,0.0,0.0,0
4,PAYMENT,46.88,25500.0,25453.12,0.0,0.0,0
4,PAYMENT,5159.5,22366.0,17206.5,0.0,0.0,0
4,PAYMENT,1292.42,9910.0,8617.58,0.0,0.0,0
4,TRANSFER,64279.74,21370.11,0.0,16997.22,81276.96,0
4,PAYMENT,3953.73,0.0,0.0,0.0,0.0,0
4,TRANSFER,94450.19,42837.0,0.0,303473.14,88544.15,0
4,PAYMENT,1016.95,0.0,0.0,0.0,0.0,0
4,PAYMENT,9030.55,0.0,0.0,0.0,0.0,0
4,PAYMENT,8687.83,0.0,0.0,0.0,0.0,0
4,PAYMENT,3207.13,0.0,0.0,0.0,0.0,0
4,PAYMENT,985.95,0.0,0.0,0.0,0.0,0
4,PAYMENT,16004.53,0.0,0.0,0.0,0.0,0
4,PAYMENT,11557.67,0.0,0.0,0.0,0.0,0
4,PAYMENT,3848.39,0.0,0.0,0.0,0.0,0
4,PAYMENT,8976.25,0.0,0.0,0.0,0.0,0
4,PAYMENT,6650.35,0.0,0.0,0.0,0.0,0
4,PAYMENT,23159.45,0.0,0.0,0.0,0.0,0
4,PAYMENT,5746.09,0.0,0.0,0.0,0.0,0
4,PAYMENT,3068.79,9792.0,6723.21,0.0,0.0,0
4,PAYMENT,2554.36,11993.0,9438.64,0.0,0.0,0
4,PAYMENT,3187.96,9438.64,6250.68,0.0,0.0,0
4,PAYMENT,654.0,7031.0,6377.0,0.0,0.0,0
4,PAYMENT,3581.95,6377.0,2795.05,0.0,0.0,0
4,PAYMENT,1933.73,208727.0,206793.27,0.0,0.0,0
4,PAYMENT,1961.84,11348.0,9386.16,0.0,0.0,0
4,PAYMENT,2906.96,125221.0,122314.04,0.0,0.0,0
4,DEBIT,896.16,37232.0,36335.84,1974860.49,1615874.57,0
4,CASH_OUT,78639.4,36335.84,0.0,6569821.36,6778025.76,0
4,CASH_OUT,12149.25,0.0,0.0,74226.4,86375.65,0
4,PAYMENT,4104.55,5865.0,1760.45,0.0,0.0,0
4,PAYMENT,1516.32,503918.0,502401.68,0.0,0.0,0
4,PAYMENT,4385.26,362.0,0.0,0.0,0.0,0
4,PAYMENT,1222.27,0.0,0.0,0.0,0.0,0
4,PAYMENT,12492.07,0.0,0.0,0.0,0.0,0
4,PAYMENT,6078.0,0.0,0.0,0.0,0.0,0
4,PAYMENT,1735.18,0.0,0.0,0.0,0.0,0
4,PAYMENT,17331.19,0.0,0.0,0.0,0.0,0
4,PAYMENT,13198.22,0.0,0.0,0.0,0.0,0
4,PAYMENT,18391.64,0.0,0.0,0.0,0.0,0
4,PAYMENT,25313.62,0.0,0.0,0.0,0.0,0
4,PAYMENT,4504.32,0.0,0.0,0.0,0.0,0
4,PAYMENT,7343.53,0.0,0.0,0.0,0.0,0
4,PAYMENT,354.17,0.0,0.0,0.0,0.0,0
4,PAYMENT,7331.37,0.0,0.0,0.0,0.0,0
4,PAYMENT,2165.53,0.0,0.0,0.0,0.0,0
4,TRANSFER,11218.84,49697.0,38478.16,29479.34,40698.18,0
4,PAYMENT,70.48,249728.0,249657.52,0.0,0.0,0
4,PAYMENT,7706.45,249657.52,241951.07,0.0,0.0,0
4,PAYMENT,2188.32,241951.07,239762.75,0.0,0.0,0
4,PAYMENT,1889.79,32058.0,30168.21,0.0,0.0,0
4,PAYMENT,2598.97,15819.0,13220.03,0.0,0.0,0
4,PAYMENT,2946.8,4913.0,1966.2,0.0,0.0,0
4,TRANSFER,7800.55,160529.98,152729.43,0.0,7800.55,0
4,PAYMENT,7589.88,152729.43,145139.55,0.0,0.0,0
4,PAYMENT,2529.38,76816.0,74286.62,0.0,0.0,0
4,PAYMENT,453.25,34032.0,33578.75,0.0,0.0,0
4,CASH_OUT,92229.71,33578.75,0.0,1313931.0,1063443.49,0
4,PAYMENT,2150.61,15599.0,13448.39,0.0,0.0,0
4,PAYMENT,29.03,12217.0,12187.97,0.0,0.0,0
4,PAYMENT,2564.39,11054.0,8489.61,0.0,0.0,0
4,PAYMENT,2941.66,5573.0,2631.34,0.0,0.0,0
4,TRANSFER,170889.82,31431.0,0.0,0.0,63011.84,0
4,PAYMENT,1602.1,5562.0,3959.9,0.0,0.0,0
4,PAYMENT,957.52,213.0,0.0,0.0,0.0,0
4,PAYMENT,336.88,21430.0,21093.12,0.0,0.0,0
4,PAYMENT,2251.91,10598.0,8346.09,0.0,0.0,0
4,PAYMENT,139.23,359.0,219.77,0.0,0.0,0
4,PAYMENT,3408.82,15388.0,11979.18,0.0,0.0,0
4,PAYMENT,1948.05,11408.0,9459.95,0.0,0.0,0
4,CASH_IN,156238.83,9459.95,165698.79,205472.0,44954.99,0
4,CASH_IN,130385.04,165698.79,296083.83,1975756.65,1615874.57,0
4,CASH_IN,106343.2,296083.83,402427.03,2096108.16,1796138.08,0
4,CASH_IN,110562.27,402427.03,512989.29,573903.91,122805.91,0
4,CASH_IN,80249.55,512989.29,593238.84,7881422.71,7801173.17,0
4,CASH_IN,58644.37,593238.84,651883.21,1686825.79,1628181.42,0
4,CASH_IN,82172.42,651883.21,734055.62,183008.55,100836.14,0
4,CASH_IN,161141.8,734055.62,895197.42,354805.29,193663.49,0
4,CASH_IN,113399.73,895197.42,1008597.15,140163.41,26763.68,0
4,CASH_IN,207252.6,1008597.15,1215849.75,9182962.17,8975709.58,0
4,CASH_IN,242047.69,1215849.75,1457897.44,1406160.71,1063443.49,0
4,CASH_IN,107730.87,1457897.44,1565628.31,5477929.34,6671931.33,0
4,CASH_IN,72495.9,1565628.31,1638124.21,1696458.27,1623962.37,0
4,CASH_IN,90646.09,1638124.21,1728770.3,152632.85,61986.75,0
4,CASH_IN,196821.07,1728770.3,1925591.38,200343.97,3522.9,0
4,CASH_IN,87541.63,1925591.38,2013133.01,4517761.53,4775319.66,0
4,CASH_IN,80278.26,2013133.01,2093411.27,617488.4,742165.13,0
4,CASH_IN,49984.03,2093411.27,2143395.3,537210.15,742165.13,0
4,CASH_IN,81300.2,2143395.3,2143395.3,2143395.3,13400000.0,0
4,CASH_IN,100669.53,2143395.3,2244064.83,1164113.02,1063443.49,0
4,CASH_IN,127307.99,2244064.83,2371372.82,741741.8,217964.09,0
4,CASH_IN,12510.49,2371372.82,2383883.31,24812.36,12301.87,0
4,CASH_IN,63936.91,2383883.31,2447820.23,67234.96,3298.05,0
4,CASH_IN,95655.86,2447820.23,2543476.08,99603.15,3947.29,0
4,CASH_IN,38606.17,2543476.08,2543476.08,2543476.08,13400000.0,0
4,CASH_IN,23717.57,2543476.08,2567193.65,85961.2,11035.27,0
4,CASH_IN,15273.3,2567193.65,2582466.95,1845371.61,1615874.57,0
4,CASH_IN,108819.21,2582466.95,2691286.16,155166.96,46347.75,0
4,CASH_IN,394042.27,2691286.16,3085328.43,489771.15,99535.4,0
4,CASH_IN,41744.33,3085328.43,3127072.76,1572841.87,1309620.48,0
4,CASH_IN,611924.5,3127072.76,3738997.26,2794601.55,2182677.05,0
4,CASH_IN,236430.58,3738997.26,3975427.85,278701.07,42270.49,0
4,CASH_IN,491195.84,3975427.85,4466623.69,6546430.54,6963508.84,0
4,CASH_IN,278307.65,4466623.69,4744931.34,15900000.0,17300000.0,0
4,CASH_IN,98533.44,4744931.34,4843464.78,3208966.39,3028382.15,0
4,CASH_IN,206139.73,4843464.78,5049604.5,4450740.26,4397452.99,0
4,CASH_IN,546131.94,5049604.5,5595736.44,15700000.0,17300000.0,0
4,CASH_IN,71758.1,5595736.44,5667494.55,118020.71,46262.61,0
4,CASH_IN,396469.72,5667494.55,6063964.27,614433.81,217964.09,0
4,CASH_IN,214223.74,6063964.27,6278188.01,1830098.31,1615874.57,0
4,CASH_IN,144517.47,6278188.01,6422705.48,397185.0,252667.53,0
4,CASH_IN,142853.33,6422705.48,6565558.81,5262696.94,4790173.09,0
4,CASH_IN,192740.42,6565558.81,6758299.24,4244600.53,4397452.99,0
4,CASH_IN,64846.34,6758299.24,6823145.58,11400000.0,10900000.0,0
4,CASH_IN,146467.87,6823145.58,6969613.45,5119843.62,4790173.09,0
4,CASH_IN,120836.05,6969613.45,7090449.49,6648460.76,6778025.76,0
4,CASH_IN,311330.4,7090449.49,7401779.9,588251.66,259015.25,0
4,CASH_IN,272453.68,7401779.9,7674233.58,6527624.72,6778025.76,0
4,CASH_IN,209292.82,7674233.58,7883526.4,4430219.9,4775319.66,0
4,CASH_IN,58095.79,7883526.4,7941622.19,10000000.0,9941904.21,0
4,CASH_IN,260176.72,7941622.19,8201798.91,12500000.0,12900000.0,0
4,CASH_IN,55837.04,8201798.91,8257635.94,73858.15,18021.11,0
4,CASH_IN,27850.03,8257635.94,8285485.98,65167.91,37317.87,0
4,CASH_IN,309379.18,8285485.98,8594865.16,397923.33,88544.15,0
4,CASH_IN,3563.97,8594865.16,8598429.14,34361.39,30797.41,0
4,CASH_IN,85955.62,8598429.14,8684384.76,280487.56,194531.93,0
4,CASH_IN,18835.46,8684384.76,8703220.22,12200000.0,12900000.0,0
4,CASH_IN,193626.89,8703220.22,8896847.11,1989764.96,1796138.08,0
4,CASH_IN,633287.14,8896847.11,9530134.25,6818933.6,6249500.06,0
4,CASH_IN,324089.47,9530134.25,9854223.72,4220927.07,4775319.66,0
4,CASH_IN,3523.06,9854223.72,9857746.79,107441.76,103918.69,0
4,CASH_IN,102751.5,9857746.79,9960498.29,7928126.25,7727522.76,0
4,CASH_IN,494810.97,9960498.29,10500000.0,7473141.22,7434797.81,0
4,CASH_IN,17058.54,10500000.0,10500000.0,15100000.0,17300000.0,0
4,CASH_IN,235409.03,10500000.0,10700000.0,328849.95,139849.81,0
4,CASH_IN,489529.12,10700000.0,11200000.0,7760414.85,6736054.44,0
4,CASH_IN,58520.38,11200000.0,11300000.0,74201.31,15680.93,0
4,CASH_IN,340535.73,11300000.0,11600000.0,463341.64,122805.91,0
4,CASH_IN,34407.36,11600000.0,11600000.0,35751.0,1343.64,0
4,CASH_IN,566838.74,11600000.0,12200000.0,6259576.2,5692737.46,0
4,CASH_IN,161339.92,12200000.0,12400000.0,1512985.69,1640678.66,0
4,PAYMENT,826.25,168299.0,167472.75,0.0,0.0,0
4,PAYMENT,774.72,1136.0,361.28,0.0,0.0,0
4,PAYMENT,6735.16,361.28,0.0,0.0,0.0,0
4,PAYMENT,2625.76,29786.0,27160.24,0.0,0.0,0
4,CASH_OUT,123974.95,27160.24,0.0,285229.7,336737.08,0
4,PAYMENT,354.75,310005.5,309650.74,0.0,0.0,0
4,CASH_IN,310148.54,309650.74,619799.28,5792135.89,5384343.15,0
4,CASH_IN,353004.04,619799.28,972803.32,11300000.0,10900000.0,0
4,CASH_IN,380211.17,972803.32,1353014.49,15100000.0,17300000.0,0
4,CASH_IN,285359.54,1353014.49,1638374.03,458875.87,173516.34,0
4,CASH_IN,232228.39,1638374.03,1870602.42,7270885.73,6736054.44,0
4,CASH_IN,205416.01,1870602.42,2076018.43,409204.65,336737.08,0
4,CASH_IN,265268.96,2076018.43,2341287.39,766315.1,189527.57,0
4,CASH_IN,165552.26,2341287.39,2506839.65,1599070.87,1356589.82,0
4,CASH_IN,115020.65,2506839.65,2621860.3,1351645.76,1640678.66,0
4,CASH_IN,221477.06,2621860.3,2843337.36,1531097.55,1309620.48,0
4,CASH_IN,4699.24,2843337.36,2848036.61,25800.25,21101.01,0
4,CASH_IN,46166.32,2848036.61,2894202.93,100362.0,0.0,0
4,CASH_IN,51208.37,2894202.93,2945411.3,62243.64,11035.27,0
4,CASH_IN,297908.73,2945411.3,3243320.02,7959330.68,7810214.06,0
4,CASH_IN,302602.9,3243320.02,3545922.93,7038657.34,6736054.44,0
4,CASH_IN,70664.62,3545922.93,3616587.55,6871381.13,6800716.51,0
4,CASH_IN,14401.68,3616587.55,3630989.22,66548.43,52146.76,0
4,CASH_IN,162464.0,3630989.22,3793453.22,487226.12,742165.13,0
4,CASH_IN,183202.66,3793453.22,3976655.88,4973375.75,4790173.09,0
4,CASH_IN,107877.98,3976655.88,4084533.87,170889.82,63011.84,0
4,CASH_IN,382513.35,4084533.87,4467047.21,501046.14,189527.57,0
4,CASH_IN,237485.8,4467047.21,4704533.02,11700000.0,12900000.0,0
4,CASH_IN,29637.04,4704533.02,4734170.05,45982.28,16345.24,0
4,CASH_IN,17906.01,4734170.05,4752076.06,276921.26,259015.25,0
4,CASH_IN,97644.2,4752076.06,4849720.26,5481987.35,5384343.15,0
4,CASH_IN,117474.04,4849720.26,4967194.3,178200.6,60726.57,0
4,CASH_IN,97851.98,4967194.3,5065046.28,7825374.74,7727522.76,0
4,CASH_IN,76928.78,5065046.28,5141975.06,1433518.61,1356589.82,0
4,CASH_IN,159958.57,5141975.06,5301933.63,5370198.47,6671931.33,0
4,CASH_IN,214015.94,5301933.63,5515949.57,3110432.95,3028382.15,0
4,PAYMENT,3907.39,121130.0,117222.61,0.0,0.0,0
4,PAYMENT,2983.11,28130.0,25146.89,0.0,0.0,0
4,PAYMENT,5907.27,25146.89,19239.62,0.0,0.0,0
4,PAYMENT,1183.1,59331.0,58147.9,0.0,0.0,0
4,PAYMENT,736.76,1120.0,383.24,0.0,0.0,0
4,PAYMENT,1105.34,7089.0,5983.66,0.0,0.0,0
4,TRANSFER,25424.16,52407.0,26982.84,49947.0,75371.16,0
4,DEBIT,1235.49,20704.0,19468.51,257638.64,259438.66,0
4,PAYMENT,2633.87,19468.51,16834.64,0.0,0.0,0
4,PAYMENT,27484.12,16834.64,0.0,0.0,0.0,0
4,PAYMENT,3455.87,168.0,0.0,0.0,0.0,0
4,PAYMENT,3377.9,40169.0,36791.1,0.0,0.0,0
4,CASH_OUT,3806.52,420.0,0.0,95728.87,99535.4,0
4,PAYMENT,1823.73,11310.0,9486.27,0.0,0.0,0
4,TRANSFER,82208.35,186.0,0.0,0.0,82208.35,0
4,CASH_OUT,29113.15,0.0,0.0,49309.27,78422.43,0
4,CASH_OUT,170634.8,0.0,0.0,6978330.25,7434797.81,0
4,CASH_OUT,404053.55,0.0,0.0,1236625.11,1640678.66,0
4,CASH_OUT,334318.86,0.0,0.0,1775490.07,2109808.94,0
4,CASH_OUT,46408.89,0.0,0.0,93440.92,139849.81,0
4,CASH_OUT,181062.0,0.0,0.0,2591250.14,2772312.14,0
4,CASH_OUT,489240.03,0.0,0.0,992785.12,1482025.15,0
4,CASH_OUT,12270.42,0.0,0.0,28630.51,40900.93,0
4,PAYMENT,1616.06,629709.0,628092.94,0.0,0.0,0
4,PAYMENT,3464.93,31407.0,27942.07,0.0,0.0,0
4,PAYMENT,1080.16,29836.0,28755.84,0.0,0.0,0
4,PAYMENT,2606.97,28755.84,26148.87,0.0,0.0,0
4,PAYMENT,27032.59,26148.87,0.0,0.0,0.0,0
4,DEBIT,601.85,50118.0,49516.15,74144.04,74745.89,0
4,PAYMENT,59.59,5620.0,5560.41,0.0,0.0,0
4,PAYMENT,3828.24,1526.0,0.0,0.0,0.0,0
4,PAYMENT,2801.24,192.0,0.0,0.0,0.0,0
4,CASH_OUT,2785.81,0.0,0.0,14116.0,0.0,0
4,CASH_OUT,228399.52,0.0,0.0,3896837.6,4775319.66,0
4,CASH_OUT,71951.43,0.0,0.0,97990.29,0.0,0
4,CASH_OUT,285832.76,0.0,0.0,7148965.05,7434797.81,0
4,CASH_OUT,473991.14,0.0,0.0,1146410.94,2648013.13,0
4,CASH_OUT,278349.51,0.0,0.0,4051860.11,4397452.99,0
4,CASH_OUT,455933.21,0.0,0.0,12200000.0,12900000.0,0
4,CASH_OUT,252806.47,0.0,0.0,5210239.91,6671931.33,0
4,CASH_OUT,345548.01,0.0,0.0,1971602.65,2748383.99,0
4,CASH_OUT,159316.78,0.0,0.0,12400000.0,13400000.0,0
4,CASH_OUT,205675.07,0.0,0.0,2317150.66,2748383.99,0
4,CASH_OUT,311864.41,0.0,0.0,12600000.0,12900000.0,0
4,CASH_OUT,190518.44,0.0,0.0,528114.25,646875.4,0
4,CASH_OUT,12847.91,0.0,0.0,1099502.6,1741724.79,0
4,CASH_OUT,21291.89,0.0,0.0,84207.15,105680.92,0
4,CASH_OUT,106105.83,0.0,0.0,182906.2,289012.04,0
4,CASH_OUT,63853.6,0.0,0.0,6185646.46,6249500.06,0
4,CASH_OUT,143568.62,0.0,0.0,144203.7,287772.32,0
4,CASH_OUT,180145.39,0.0,0.0,268130.78,448276.17,0
4,CASH_OUT,141702.19,0.0,0.0,145139.55,286841.74,0
4,CASH_OUT,153161.06,0.0,0.0,191280.7,344441.76,0
4,CASH_OUT,6291.29,0.0,0.0,11223.95,17515.23,0
4,CASH_OUT,131965.15,0.0,0.0,2896417.0,3028382.15,0
4,CASH_OUT,121598.71,0.0,0.0,1112350.5,1741724.79,0
4,PAYMENT,2000.03,71450.0,69449.97,0.0,0.0,0
4,PAYMENT,1760.01,165641.0,163880.99,0.0,0.0,0
4,PAYMENT,2085.11,467684.0,465598.89,0.0,0.0,0
4,PAYMENT,4011.15,54195.68,50184.53,0.0,0.0,0
4,TRANSFER,97808.48,50184.53,0.0,147962.31,245770.79,0
4,PAYMENT,1686.41,39720.0,38033.59,0.0,0.0,0
4,PAYMENT,4513.92,718632.69,714118.77,0.0,0.0,0
4,CASH_OUT,67243.37,714118.77,646875.4,4330209.62,4397452.99,0
4,PAYMENT,3236.73,111955.0,108718.27,0.0,0.0,0
4,PAYMENT,808.81,52945.0,52136.19,0.0,0.0,0
4,PAYMENT,8280.29,52136.19,43855.89,0.0,0.0,0
4,CASH_IN,107702.78,110961.0,218663.78,4819.61,0.0,0
4,PAYMENT,4083.67,69086.0,65002.33,0.0,0.0,0
4,PAYMENT,1869.55,571273.0,569403.45,0.0,0.0,0
4,TRANSFER,36991.08,2133.0,0.0,0.0,36991.08,0
4,TRANSFER,54364.44,79261.0,24896.56,10361.0,51337.45,0
4,PAYMENT,115.43,20004.0,19888.57,0.0,0.0,0
4,PAYMENT,645.4,35632.0,34986.6,0.0,0.0,0
4,PAYMENT,5540.61,34986.6,29445.99,0.0,0.0,0
4,TRANSFER,7475.23,64725.44,57250.21,19293.26,26768.5,0
4,PAYMENT,5912.76,57250.21,51337.45,0.0,0.0,0
4,TRANSFER,14237.75,30258.0,16020.25,0.0,14237.75,0
4,PAYMENT,6797.33,16020.25,9222.92,0.0,0.0,0
4,PAYMENT,2353.91,5026.0,2672.09,0.0,0.0,0
4,DEBIT,564.53,88.0,0.0,258874.13,259438.66,0
4,PAYMENT,1199.97,8748.0,7548.03,0.0,0.0,0
4,PAYMENT,1800.83,7548.03,5747.2,0.0,0.0,0
4,PAYMENT,496.83,79923.0,79426.17,0.0,0.0,0
4,PAYMENT,1560.66,11428.0,9867.34,0.0,0.0,0
4,CASH_OUT,54989.36,21326.0,0.0,43855.89,98845.26,0
4,CASH_OUT,121619.14,2625.0,0.0,36248.68,157867.82,0
4,DEBIT,1113.43,19812.0,18698.57,43142.23,44255.66,0
4,PAYMENT,2215.57,104582.0,102366.43,0.0,0.0,0
4,PAYMENT,498.96,801.0,302.04,0.0,0.0,0
4,CASH_OUT,106903.28,406.0,0.0,0.0,106903.28,0
4,PAYMENT,1624.21,0.0,0.0,0.0,0.0,0
4,PAYMENT,307.75,149069.0,148761.25,0.0,0.0,0
4,PAYMENT,5562.29,23616.46,18054.17,0.0,0.0,0
4,PAYMENT,12088.13,18054.17,5966.04,0.0,0.0,0
4,PAYMENT,1944.57,650.0,0.0,0.0,0.0,0
4,PAYMENT,5562.62,0.0,0.0,0.0,0.0,0
4,PAYMENT,2630.2,247.0,0.0,0.0,0.0,0
4,PAYMENT,1006.39,7134.0,6127.61,0.0,0.0,0
4,PAYMENT,34.85,27430.0,27395.15,0.0,0.0,0
4,CASH_OUT,70994.78,27395.15,0.0,118532.8,189527.57,0
4,PAYMENT,3246.88,11619.0,8372.12,0.0,0.0,0
4,CASH_OUT,37239.99,8372.12,0.0,5463046.38,6671931.33,0
4,PAYMENT,329.84,62591.0,62261.16,0.0,0.0,0
4,PAYMENT,2988.02,306514.0,303525.98,0.0,0.0,0
4,DEBIT,181.87,370.0,188.13,105499.05,105680.92,0
4,PAYMENT,1813.69,30948.0,29134.31,0.0,0.0,0
4,PAYMENT,2445.35,5603.0,3157.65,0.0,0.0,0
4,TRANSFER,139644.5,3157.65,0.0,324762.11,742165.13,0
4,TRANSFER,148792.1,0.0,0.0,7661421.96,7810214.06,0
4,TRANSFER,277758.51,0.0,0.0,464406.61,742165.13,0
4,TRANSFER,1465846.48,0.0,0.0,11500000.0,12900000.0,0
4,TRANSFER,132948.43,0.0,0.0,203788.65,336737.08,0
4,TRANSFER,1137763.15,0.0,0.0,5500286.37,6671931.33,0
4,TRANSFER,507775.58,0.0,0.0,1233949.21,1741724.79,0
4,TRANSFER,307749.99,0.0,0.0,4125237.13,4775319.66,0
4,TRANSFER,908274.13,0.0,0.0,6055234.7,6963508.84,0
4,TRANSFER,1032930.05,0.0,0.0,14700000.0,17300000.0,0
4,TRANSFER,1027611.05,0.0,0.0,1620402.08,2648013.13,0
4,TRANSFER,522854.73,0.0,0.0,6255171.04,6778025.76,0
4,TRANSFER,225558.27,0.0,0.0,2522825.73,2748383.99,0
4,TRANSFER,862977.6,0.0,0.0,12500000.0,13400000.0,0
4,TRANSFER,342332.55,0.0,0.0,4432987.11,4775319.66,0
4,TRANSFER,1501775.62,0.0,0.0,15800000.0,17300000.0,0
4,TRANSFER,119656.92,0.0,0.0,125857.29,245514.21,0
4,PAYMENT,1919.99,11225.0,9305.01,0.0,0.0,0
4,PAYMENT,2578.03,169784.0,167205.97,0.0,0.0,0
4,PAYMENT,592.9,167205.97,166613.07,0.0,0.0,0
4,PAYMENT,3616.2,6240.0,2623.8,0.0,0.0,0
4,PAYMENT,761.07,47883.0,47121.93,0.0,0.0,0
4,PAYMENT,2662.71,10635.0,7972.29,0.0,0.0,0
4,PAYMENT,1227.16,7972.29,6745.13,0.0,0.0,0
4,PAYMENT,1178.41,968.0,0.0,0.0,0.0,0
4,PAYMENT,2617.28,5032.0,2414.72,0.0,0.0,0
4,PAYMENT,576.08,20495.0,19918.92,0.0,0.0,0
4,PAYMENT,1619.78,891.0,0.0,0.0,0.0,0
4,PAYMENT,2379.78,96049.0,93669.22,0.0,0.0,0
4,CASH_OUT,67180.68,93669.22,26488.54,111995.96,179176.65,0
4,PAYMENT,3373.81,20366.0,16992.19,0.0,0.0,0
4,PAYMENT,2329.66,21816.0,19486.34,0.0,0.0,0
4,CASH_OUT,33881.81,19486.34,0.0,6638049.52,6671931.33,0
4,PAYMENT,3103.47,10319.0,7215.53,0.0,0.0,0
4,PAYMENT,2140.78,643223.0,641082.22,0.0,0.0,0
4,PAYMENT,1216.85,59672.0,58455.15,0.0,0.0,0
4,PAYMENT,2934.33,49233.17,46298.84,0.0,0.0,0
4,PAYMENT,1343.85,46298.84,44954.99,0.0,0.0,0
4,PAYMENT,1081.3,105550.0,104468.7,0.0,0.0,0
4,PAYMENT,2337.6,61841.0,59503.4,0.0,0.0,0
4,PAYMENT,4491.15,175.0,0.0,0.0,0.0,0
4,PAYMENT,3018.73,10853.0,7834.27,0.0,0.0,0
4,PAYMENT,4830.74,7834.27,3003.52,0.0,0.0,0
4,PAYMENT,22349.62,3003.52,0.0,0.0,0.0,0
4,PAYMENT,3723.51,7209.0,3485.49,0.0,0.0,0
4,DEBIT,1141.74,240677.0,239535.26,29379.28,30521.02,0
4,PAYMENT,929.14,16901.81,15972.67,0.0,0.0,0
4,PAYMENT,5436.05,15972.67,10536.62,0.0,0.0,0
4,PAYMENT,28034.44,10536.62,0.0,0.0,0.0,0
4,PAYMENT,13589.96,0.0,0.0,0.0,0.0,0
4,PAYMENT,12204.29,0.0,0.0,0.0,0.0,0
4,PAYMENT,18519.83,0.0,0.0,0.0,0.0,0
4,PAYMENT,13061.21,0.0,0.0,0.0,0.0,0
4,PAYMENT,8606.53,0.0,0.0,0.0,0.0,0
4,PAYMENT,1966.24,774.0,0.0,0.0,0.0,0
4,PAYMENT,1082.07,26958.0,25875.93,0.0,0.0,0
4,PAYMENT,196.76,14554.0,14357.24,0.0,0.0,0
4,PAYMENT,826.44,55070.0,54243.56,0.0,0.0,0
4,CASH_OUT,3350.15,54243.56,50893.41,8649.41,11999.56,0
4,CASH_OUT,34325.53,50893.41,16567.87,36899.86,71225.39,0
4,CASH_OUT,19548.49,16567.87,0.0,7810214.06,7829762.55,0
4,CASH_OUT,41680.46,0.0,0.0,103918.69,39265.07,0
4,CASH_OUT,288846.82,0.0,0.0,7727522.76,8016369.59,0
4,CASH_OUT,308762.31,0.0,0.0,646875.4,455191.58,0
4,CASH_OUT,248011.57,0.0,0.0,9941904.21,12400000.0,0
4,CASH_OUT,104334.87,0.0,0.0,193663.49,297998.36,0
4,CASH_OUT,34808.12,0.0,0.0,73083.0,13100000.0,0
4,CASH_OUT,116878.6,0.0,0.0,1356589.82,906564.46,0
4,CASH_OUT,40379.62,0.0,0.0,3028382.15,3288831.78,0
4,CASH_OUT,55282.19,0.0,0.0,7434797.81,6661385.87,0
4,CASH_OUT,125774.49,0.0,0.0,10200000.0,12400000.0,0
4,CASH_OUT,8502.55,0.0,0.0,21130.68,29633.23,0
4,CASH_OUT,109648.19,0.0,0.0,289012.04,50620.17,0
4,PAYMENT,4687.14,21763.0,17075.86,0.0,0.0,0
4,PAYMENT,1500.68,317.0,0.0,0.0,0.0,0
4,PAYMENT,924.71,61237.0,60312.29,0.0,0.0,0
4,TRANSFER,178055.95,9181.0,0.0,1309620.48,1423811.37,0
4,PAYMENT,668.69,0.0,0.0,0.0,0.0,0
4,PAYMENT,3483.45,41321.0,37837.55,0.0,0.0,0
4,PAYMENT,4076.16,95732.0,91655.84,0.0,0.0,0
4,PAYMENT,3027.49,9902.0,6874.51,0.0,0.0,0
4,PAYMENT,1731.42,6874.51,5143.09,0.0,0.0,0
4,DEBIT,351.23,21018.0,20666.77,95508.95,244180.06,0
4,DEBIT,1110.27,29650.0,28539.73,1699.44,2809.72,0
4,PAYMENT,71.0,326907.0,326836.0,0.0,0.0,0
4,PAYMENT,1559.58,93733.0,92173.42,0.0,0.0,0
4,PAYMENT,341.66,10512.0,10170.34,0.0,0.0,0
4,PAYMENT,4150.68,21012.0,16861.32,0.0,0.0,0
4,PAYMENT,3889.99,61986.75,58096.76,0.0,0.0,0
4,CASH_OUT,104234.05,58096.76,0.0,167476.47,204653.87,0
4,PAYMENT,5422.04,61685.0,56262.96,0.0,0.0,0
4,DEBIT,515.29,105931.0,105415.71,10539.37,11054.67,0
4,CASH_OUT,6701.1,105415.71,98714.61,398660.23,50620.17,0
4,PAYMENT,354.75,105744.0,105389.25,0.0,0.0,0
4,PAYMENT,2831.44,11763.0,8931.56,0.0,0.0,0
4,PAYMENT,4051.25,31563.0,27511.75,0.0,0.0,0
4,PAYMENT,869.49,118992.0,118122.51,0.0,0.0,0
4,PAYMENT,2914.36,109426.0,106511.64,0.0,0.0,0
4,PAYMENT,38.14,4083.0,4044.86,0.0,0.0,0
4,DEBIT,775.76,19658.0,18882.24,47956.09,48731.84,0
4,PAYMENT,2738.44,30645.0,27906.56,0.0,0.0,0
4,PAYMENT,4837.77,160302.0,155464.23,0.0,0.0,0
4,PAYMENT,1685.11,10084.0,8398.89,0.0,0.0,0
4,PAYMENT,1080.65,35125.0,34044.35,0.0,0.0,0
4,PAYMENT,8583.71,34044.35,25460.65,0.0,0.0,0
4,PAYMENT,3604.39,25460.65,21856.26,0.0,0.0,0
4,PAYMENT,1379.78,58528.0,57148.22,0.0,0.0,0
4,PAYMENT,1396.96,1458.0,61.04,0.0,0.0,0
4,PAYMENT,975.55,49912.0,48936.45,0.0,0.0,0
4,PAYMENT,3208.14,371540.0,368331.86,0.0,0.0,0
4,PAYMENT,3006.25,11035.0,8028.75,0.0,0.0,0
4,CASH_OUT,20470.3,8028.75,0.0,31632.0,0.0,0
4,PAYMENT,770.23,27278.0,26507.77,0.0,0.0,0
4,DEBIT,618.01,33642.0,33023.99,12901.08,13519.1,0
4,PAYMENT,4987.87,567.0,0.0,0.0,0.0,0
4,PAYMENT,2015.07,142893.0,140877.93,0.0,0.0,0
4,TRANSFER,17384.73,156.0,0.0,0.0,17384.73,0
4,PAYMENT,276.8,75371.16,75094.36,0.0,0.0,0
4,PAYMENT,3655.9,75094.36,71438.47,0.0,0.0,0
4,PAYMENT,21885.09,71438.47,49553.38,0.0,0.0,0
4,PAYMENT,2619.71,111764.0,109144.29,0.0,0.0,0
4,CASH_OUT,70344.95,109144.29,38799.34,106903.28,10811.1,0
4,TRANSFER,123755.39,15416.0,0.0,0.0,79407.93,0
4,PAYMENT,1199.16,94140.0,92940.84,0.0,0.0,0
4,PAYMENT,532.13,6012.0,5479.87,0.0,0.0,0
4,PAYMENT,3786.19,4061.0,274.81,0.0,0.0,0
4,PAYMENT,2698.14,4004.0,1305.86,0.0,0.0,0
4,PAYMENT,2541.31,61430.0,58888.69,0.0,0.0,0
4,PAYMENT,1669.11,30564.0,28894.89,0.0,0.0,0
4,PAYMENT,2288.47,259438.66,257150.19,0.0,0.0,0
4,CASH_OUT,166736.16,257150.19,90414.04,215080.02,156003.57,0
4,CASH_OUT,221605.71,90414.04,0.0,280036.0,262374.4,0
4,DEBIT,485.42,3408.48,2923.05,262624.1,117634.01,0
4,PAYMENT,4303.63,2923.05,0.0,0.0,0.0,0
4,PAYMENT,1184.99,61381.0,60196.01,0.0,0.0,0
4,PAYMENT,3118.48,6344.0,3225.52,0.0,0.0,0
4,PAYMENT,708.29,3225.52,2517.24,0.0,0.0,0
4,PAYMENT,3775.14,2517.24,0.0,0.0,0.0,0
4,PAYMENT,4625.32,0.0,0.0,0.0,0.0,0
4,PAYMENT,6673.58,0.0,0.0,0.0,0.0,0
4,PAYMENT,8958.81,0.0,0.0,0.0,0.0,0
4,PAYMENT,7888.5,0.0,0.0,0.0,0.0,0
4,PAYMENT,1276.01,0.0,0.0,0.0,0.0,0
4,PAYMENT,46741.66,0.0,0.0,0.0,0.0,0
4,PAYMENT,11221.28,0.0,0.0,0.0,0.0,0
4,PAYMENT,4953.63,0.0,0.0,0.0,0.0,0
4,PAYMENT,5311.45,0.0,0.0,0.0,0.0,0
4,PAYMENT,9309.74,0.0,0.0,0.0,0.0,0
4,PAYMENT,13788.58,0.0,0.0,0.0,0.0,0
4,PAYMENT,5630.78,0.0,0.0,0.0,0.0,0
4,PAYMENT,7055.96,0.0,0.0,0.0,0.0,0
4,PAYMENT,7089.25,0.0,0.0,0.0,0.0,0
4,PAYMENT,2403.55,0.0,0.0,0.0,0.0,0
4,PAYMENT,11627.71,0.0,0.0,0.0,0.0,0
4,PAYMENT,3064.96,0.0,0.0,0.0,0.0,0
4,PAYMENT,5818.7,0.0,0.0,0.0,0.0,0
4,PAYMENT,7369.86,0.0,0.0,0.0,0.0,0
4,PAYMENT,2080.51,0.0,0.0,0.0,0.0,0
4,TRANSFER,148319.88,49953.0,0.0,95860.18,244180.06,0
4,PAYMENT,964.35,0.0,0.0,0.0,0.0,0
4,DEBIT,162.26,1343.64,1181.37,108571.04,27606.88,0
4,PAYMENT,3100.46,1181.37,0.0,0.0,0.0,0
5,PAYMENT,7847.65,41051.0,33203.35,0.0,0.0,0
5,CASH_OUT,85070.76,33203.35,0.0,3757745.24,3678302.15,0
5,PAYMENT,438.7,102381.0,101942.3,0.0,0.0,0
5,PAYMENT,8215.28,51382.0,43166.72,0.0,0.0,0
5,PAYMENT,2882.94,12973.0,10090.06,0.0,0.0,0
5,PAYMENT,6822.49,10090.06,3267.57,0.0,0.0,0
5,PAYMENT,1024.56,3267.57,2243.01,0.0,0.0,0
5,PAYMENT,6784.39,21226.0,14441.61,0.0,0.0,0
5,CASH_OUT,195542.41,14441.61,0.0,1741724.79,1937267.2,0
5,PAYMENT,2634.1,11678.0,9043.9,0.0,0.0,0
5,PAYMENT,550.7,5711.0,5160.3,0.0,0.0,0
5,PAYMENT,7930.66,975.0,0.0,0.0,0.0,0
5,PAYMENT,6608.18,73482.0,66873.82,0.0,0.0,0
5,PAYMENT,6292.42,66873.82,60581.4,0.0,0.0,0
5,PAYMENT,5542.54,11280.0,5737.46,0.0,0.0,0
5,PAYMENT,3365.83,9040.0,5674.17,0.0,0.0,0
5,PAYMENT,851.94,28751.0,27899.06,0.0,0.0,0
5,PAYMENT,3765.86,82083.0,78317.14,0.0,0.0,0
5,PAYMENT,3728.76,1873.0,0.0,0.0,0.0,0
5,CASH_OUT,89888.52,0.0,0.0,12900000.0,14100000.0,0
5,TRANSFER,30608.52,659400.0,628791.48,137893.88,11201.36,0
5,PAYMENT,489.56,192.0,0.0,0.0,0.0,0
5,PAYMENT,10814.39,0.0,0.0,0.0,0.0,0
5,DEBIT,1251.24,209439.0,208187.76,18182.93,19434.17,0
5,DEBIT,68.95,4720.0,4651.05,49476.7,49545.65,0
5,PAYMENT,28965.75,4651.05,0.0,0.0,0.0,0
5,PAYMENT,2273.88,10946.0,8672.12,0.0,0.0,0
5,PAYMENT,4289.33,83003.0,78713.67,0.0,0.0,0
5,PAYMENT,3710.8,71978.0,68267.2,0.0,0.0,0
5,PAYMENT,5513.44,4128.0,0.0,0.0,0.0,0
5,PAYMENT,6225.18,34194.0,27968.82,0.0,0.0,0
5,PAYMENT,5352.45,8174.0,2821.55,0.0,0.0,0
5,PAYMENT,3543.75,6058.0,2514.25,0.0,0.0,0
5,PAYMENT,52.58,3178.0,3125.42,0.0,0.0,0
5,PAYMENT,2070.73,12524.0,10453.27,0.0,0.0,0
5,PAYMENT,247.56,105861.0,105613.44,0.0,0.0,0
5,PAYMENT,9201.12,198647.0,189445.88,0.0,0.0,0
5,PAYMENT,11936.0,189445.88,177509.88,0.0,0.0,0
5,PAYMENT,5146.88,106.0,0.0,0.0,0.0,0
5,PAYMENT,7429.59,47657.0,40227.41,0.0,0.0,0
5,PAYMENT,10260.12,21594.0,11333.88,0.0,0.0,0
5,PAYMENT,2728.03,27315.0,24586.97,0.0,0.0,0
5,CASH_OUT,72688.93,24586.97,0.0,103175.0,172958.83,0
5,DEBIT,3068.71,10082.0,7013.29,3626.46,6695.18,0
5,PAYMENT,17770.7,7013.29,0.0,0.0,0.0,0
5,PAYMENT,5851.45,6023.0,171.55,0.0,0.0,0
5,PAYMENT,11446.18,36560.0,25113.82,0.0,0.0,0
5,PAYMENT,88.17,1067.0,978.83,0.0,0.0,0
5,CASH_OUT,74375.02,978.83,0.0,10300000.0,12400000.0,0
5,PAYMENT,1661.29,30268.0,28606.71,0.0,0.0,0
5,PAYMENT,25185.32,28606.71,3421.39,0.0,0.0,0
5,PAYMENT,4255.36,7627.0,3371.64,0.0,0.0,0
5,CASH_OUT,139705.19,3371.64,0.0,8975709.58,8743280.64,0
5,PAYMENT,7651.8,216.0,0.0,0.0,0.0,0
5,PAYMENT,267.92,14507.0,14239.08,0.0,0.0,0
5,CASH_OUT,164935.63,14239.08,0.0,259015.25,166742.65,0
5,CASH_OUT,247480.23,0.0,0.0,252667.53,298682.8,0
5,PAYMENT,4927.23,41669.0,36741.77,0.0,0.0,0
5,PAYMENT,3864.48,21574.0,17709.52,0.0,0.0,0
5,PAYMENT,6579.48,25214.0,18634.52,0.0,0.0,0
5,TRANSFER,84466.1,25724.0,0.0,0.0,73595.15,0
5,PAYMENT,2927.68,10908.0,7980.32,0.0,0.0,0
5,PAYMENT,6484.32,94294.0,87809.68,0.0,0.0,0
5,CASH_OUT,128823.03,29292.0,0.0,0.0,133220.41,0
5,PAYMENT,836.64,162104.0,161267.36,0.0,0.0,0
5,CASH_IN,348231.98,5102.0,353333.98,122805.91,0.0,0
5,PAYMENT,1158.71,107891.12,106732.41,0.0,0.0,0
5,CASH_IN,746177.2,106732.41,852909.6,6671931.33,5154700.22,0
5,CASH_IN,225812.6,852909.6,1078722.2,381816.17,156003.57,0
5,CASH_IN,171335.97,1078722.2,1250058.17,5692737.46,4670978.14,0
5,CASH_IN,260004.65,1250058.17,1510062.82,7801173.17,7129559.36,0
5,CASH_IN,122539.12,1510062.82,1632601.94,180809.0,46515.29,0
5,CASH_IN,217846.27,1632601.94,1850448.2,501641.71,262374.4,0
5,CASH_IN,596406.73,1850448.2,2446854.94,1615874.57,962737.6,0
5,CASH_IN,673111.47,2446854.94,3119966.4,1628181.42,876481.82,0
5,CASH_IN,298431.03,3119966.4,3418397.43,5521401.49,4670978.14,0
5,CASH_IN,39058.08,3418397.43,3457455.51,105279.81,66221.72,0
5,CASH_IN,106334.08,3457455.51,3563789.59,145599.15,39265.07,0
5,CASH_IN,354741.15,3563789.59,3918530.75,405361.32,50620.17,0
5,CASH_IN,223115.02,3918530.75,4141645.77,742165.13,217562.01,0
5,CASH_IN,63737.25,4141645.77,4205383.02,173516.34,109779.08,0
5,CASH_IN,84014.41,4205383.02,4289397.43,18300000.0,16400000.0,0
5,CASH_IN,178040.87,4289397.43,4467438.3,10700000.0,9827546.97,0
5,CASH_IN,334503.92,4467438.3,4801942.23,10500000.0,9827546.97,0
5,CASH_IN,75978.27,4801942.23,4877920.49,98446.83,22468.56,0
5,CASH_IN,396286.33,4877920.49,5274206.82,7490080.0,6661385.87,0
5,CASH_IN,82914.35,5274206.82,5357121.18,10400000.0,12400000.0,0
5,CASH_IN,83707.76,5357121.18,5440828.93,166613.07,82905.31,0
5,CASH_IN,17431.43,5440828.93,5458260.36,6736054.44,6393139.71,0
5,CASH_IN,76579.67,5458260.36,5534840.03,531883.0,181733.94,0
5,CASH_IN,197165.91,5534840.03,5732005.94,7541168.52,7129559.36,0
5,CASH_IN,5159.29,5732005.94,5737165.23,21885.0,0.0,0
5,CASH_IN,40210.51,5737165.23,5777375.74,51337.45,11126.94,0
5,CASH_IN,158367.85,5777375.74,5935743.59,448276.17,289908.33,0
5,CASH_IN,81886.69,5935743.59,6017630.28,109421.19,27534.5,0
5,CASH_IN,176095.63,6017630.28,6193725.92,1623962.37,944225.12,0
5,CASH_IN,258127.75,6193725.92,6451853.66,5515949.57,4313939.72,0
5,CASH_IN,378866.85,6451853.66,6830720.52,5257821.82,4313939.72,0
5,CASH_IN,281300.4,6830720.52,7112020.91,18200000.0,16400000.0,0
5,CASH_IN,16427.61,7112020.91,7128448.52,78422.43,61994.82,0
5,CASH_IN,157301.05,7128448.52,7285749.57,168502.4,11201.36,0
5,CASH_IN,644028.87,7285749.57,7929778.44,5222970.47,4670978.14,0
5,CASH_IN,375306.09,7929778.44,8305084.52,6894729.18,6161537.75,0
5,CASH_IN,44538.32,8305084.52,8349622.85,93380.65,48842.33,0
5,CASH_IN,119336.24,8349622.85,8468959.09,148278.19,28941.95,0
5,CASH_IN,255710.36,8468959.09,8724669.46,17900000.0,16400000.0,0
5,CASH_IN,94588.1,8724669.46,8819257.56,152984.0,0.0,0
5,CASH_IN,231917.45,8819257.56,9051175.0,9115414.77,8743280.64,0
5,CASH_IN,84189.52,9051175.0,9135364.53,88475.76,4286.23,0
5,CASH_IN,49251.21,9135364.53,9184615.73,105680.92,56429.71,0
5,CASH_IN,257208.23,9184615.73,9441823.96,423950.88,166742.65,0
5,CASH_IN,20337.14,9441823.96,9462161.1,193361.51,173024.37,0
5,CASH_IN,74948.39,9462161.1,9537109.49,13400000.0,13000000.0,0
5,CASH_IN,243756.18,9537109.49,9780865.67,4878954.97,4313939.72,0
5,CASH_IN,21391.13,9780865.67,9802256.8,1796138.08,1589065.96,0
5,CASH_IN,31416.69,9802256.8,9833673.49,6963508.84,6932092.15,0
5,CASH_IN,123951.78,9833673.49,9957625.27,141505.0,3416.33,0
5,CASH_IN,67056.65,9957625.27,10000000.0,271710.52,204653.87,0
5,CASH_IN,20410.45,10000000.0,10000000.0,20608.0,0.0,0
5,CASH_IN,29351.64,10000000.0,10100000.0,99535.4,19647.88,0
5,CASH_IN,58431.85,10100000.0,10100000.0,3842816.0,3678302.15,0
5,CASH_IN,182501.56,10100000.0,10300000.0,245514.21,63012.65,0
5,CASH_IN,17101.74,10300000.0,10300000.0,84261.95,60314.73,0
5,CASH_IN,24248.86,10300000.0,10400000.0,2748383.99,2808555.73,0
5,CASH_IN,585796.59,10400000.0,10900000.0,5925754.14,5154700.22,0
5,CASH_IN,12163.38,10900000.0,11000000.0,10200000.0,9827546.97,0
5,CASH_IN,208834.32,11000000.0,11200000.0,4775319.66,4429394.13,0
5,CASH_IN,360262.92,11200000.0,11500000.0,17600000.0,16400000.0,0
5,CASH_IN,129630.74,11500000.0,11700000.0,336737.08,84362.06,0
5,CASH_IN,130078.54,11700000.0,11800000.0,10100000.0,9827546.97,0
5,CASH_IN,125558.59,11800000.0,11900000.0,1063443.49,652290.45,0
5,CASH_IN,357885.34,11900000.0,12300000.0,6519423.1,6161537.75,0
5,CASH_IN,281196.15,12300000.0,12500000.0,13300000.0,13000000.0,0
5,CASH_IN,59784.87,12500000.0,12600000.0,107613.0,23122.31,0
5,CASH_IN,181240.21,12600000.0,12800000.0,5384343.15,5203102.94,0
5,CASH_IN,140216.68,12800000.0,12900000.0,8883497.32,8743280.64,0
5,CASH_IN,81126.42,12900000.0,13000000.0,108733.31,27606.88,0
5,PAYMENT,718.51,1283.0,564.49,0.0,0.0,0
5,CASH_IN,861582.21,564.49,862146.7,17300000.0,16400000.0,0
5,CASH_IN,185257.33,862146.7,1047404.03,5339957.55,5154700.22,0
5,CASH_IN,250891.95,1047404.03,1298295.98,955637.72,455191.58,0
5,CASH_IN,119072.9,1298295.98,1417368.88,1487676.44,1423811.37,0
5,CASH_IN,101055.18,1417368.88,1518424.06,4397452.99,4296397.8,0
5,CASH_IN,128336.28,1518424.06,1646760.35,147338.0,19001.72,0
5,CASH_IN,71887.0,1646760.35,1718647.34,103167.33,160577.57,0
5,CASH_IN,366645.12,1718647.34,2085292.46,6800716.51,6434071.39,0
5,CASH_IN,281593.55,2085292.46,2366886.01,2772312.14,2490718.59,0
5,CASH_IN,145475.51,2366886.01,2512361.52,263109.52,117634.01,0
5,CASH_IN,380950.81,2512361.52,2893312.33,4635198.78,4313939.72,0
5,CASH_IN,566903.96,2893312.33,3460216.29,1473468.42,906564.46,0
5,CASH_IN,201464.96,3460216.29,3661681.26,500147.76,298682.8,0
5,CASH_IN,16593.82,3661681.26,3678275.07,32092.07,15498.25,0
5,CASH_IN,78588.13,3678275.07,3756863.21,955069.95,876481.82,0
5,CASH_IN,185680.98,3756863.21,3942544.19,1774746.94,1589065.96,0
5,CASH_IN,67017.13,3942544.19,4009561.32,118844.67,51827.53,0
5,CASH_IN,122744.28,4009561.32,4132305.6,207106.34,84362.06,0
5,CASH_IN,414729.24,4132305.6,4547034.84,2109808.94,1695079.69,0
5,CASH_IN,328776.1,4547034.84,4875810.94,1019467.84,962737.6,0
5,CASH_IN,50535.87,4875810.94,4926346.82,70183.75,19647.88,0
5,CASH_IN,10870.95,4926346.82,4937217.76,84466.1,73595.15,0
5,CASH_IN,44694.86,4937217.76,4981912.63,58638.78,13943.92,0
5,CASH_IN,208812.28,4981912.63,5190724.91,1482025.15,1273212.87,0
5,CASH_IN,146193.7,5190724.91,5336918.6,344441.76,198248.07,0
5,CASH_IN,201261.11,5336918.6,5538179.71,217964.09,16702.98,0
5,CASH_IN,132745.75,5538179.71,5670925.46,1447866.74,944225.12,0
5,CASH_IN,102749.59,5670925.46,5773675.05,265635.7,162886.11,0
5,CASH_IN,425052.43,5773675.05,6198727.47,2648013.13,2222960.7,0
5,CASH_IN,133038.81,6198727.47,6331766.28,7093793.67,6661385.87,0
5,CASH_IN,44347.45,6331766.28,6376113.74,123755.39,79407.93,0
5,CASH_IN,542616.63,6376113.74,6918730.36,12100000.0,13500000.0,0
5,CASH_IN,178230.41,6918730.36,7096960.77,4566485.34,4429394.13,0
5,CASH_IN,138641.99,7096960.77,7235602.76,159603.0,11865.12,0
5,CASH_IN,61663.75,7235602.76,7297266.51,17300000.0,16900000.0,0
5,PAYMENT,5922.53,21103.0,15180.47,0.0,0.0,0
5,PAYMENT,3046.6,11626.0,8579.4,0.0,0.0,0
5,PAYMENT,4158.31,8579.4,4421.09,0.0,0.0,0
5,PAYMENT,4372.99,42146.0,37773.01,0.0,0.0,0
5,PAYMENT,6448.84,52102.3,45653.46,0.0,0.0,0
5,PAYMENT,72.23,45653.46,45581.23,0.0,0.0,0
5,PAYMENT,2168.82,45581.23,43412.41,0.0,0.0,0
5,PAYMENT,2593.74,43412.41,40818.67,0.0,0.0,0
5,PAYMENT,4216.05,40818.67,36602.62,0.0,0.0,0
5,PAYMENT,6736.13,36602.62,29866.49,0.0,0.0,0
5,PAYMENT,4295.28,29866.49,25571.22,0.0,0.0,0
5,PAYMENT,15192.75,25571.22,10378.46,0.0,0.0,0
5,PAYMENT,2043.8,10378.46,8334.66,0.0,0.0,0
5,PAYMENT,3320.35,8334.66,5014.31,0.0,0.0,0
5,PAYMENT,26074.81,5014.31,0.0,0.0,0.0,0
5,PAYMENT,10381.46,0.0,0.0,0.0,0.0,0
5,PAYMENT,2271.07,0.0,0.0,0.0,0.0,0
5,PAYMENT,17315.71,0.0,0.0,0.0,0.0,0
5,PAYMENT,1307.41,0.0,0.0,0.0,0.0,0
5,PAYMENT,6279.22,0.0,0.0,0.0,0.0,0
5,PAYMENT,25360.86,0.0,0.0,0.0,0.0,0
5,PAYMENT,8392.42,0.0,0.0,0.0,0.0,0
5,PAYMENT,3042.06,0.0,0.0,0.0,0.0,0
5,PAYMENT,14144.91,0.0,0.0,0.0,0.0,0
5,PAYMENT,11089.05,0.0,0.0,0.0,0.0,0
5,PAYMENT,2519.75,25335.0,22815.25,0.0,0.0,0
5,PAYMENT,4516.48,52503.0,47986.52,0.0,0.0,0
5,PAYMENT,2964.64,47986.52,45021.88,0.0,0.0,0
5,DEBIT,2357.56,1074.0,0.0,41351.37,43708.94,0
5,TRANSFER,29352.63,50904.0,21551.37,19248.7,48601.33,0
5,CASH_OUT,84024.67,21551.37,0.0,179176.65,263201.31,0
5,DEBIT,2746.99,453426.0,450679.01,45730.94,48477.94,0
5,DEBIT,1382.4,8684.0,7301.6,58269.88,46515.29,0
5,PAYMENT,4585.58,68115.0,63529.42,0.0,0.0,0
5,PAYMENT,6831.43,4024.0,0.0,0.0,0.0,0
5,PAYMENT,6016.97,27025.0,21008.03,0.0,0.0,0
5,PAYMENT,1690.65,925.0,0.0,0.0,0.0,0
5,PAYMENT,4669.87,49345.0,44675.13,0.0,0.0,0
5,PAYMENT,4739.77,468.0,0.0,0.0,0.0,0
5,TRANSFER,1221.69,52332.0,51110.31,34410.65,35632.33,0
5,PAYMENT,252.71,117177.0,116924.29,0.0,0.0,0
5,PAYMENT,642.27,41595.0,40952.73,0.0,0.0,0
5,DEBIT,2166.22,206562.0,204395.78,8383.29,10549.51,0
5,PAYMENT,2151.85,47828.13,45676.28,0.0,0.0,0
5,PAYMENT,22553.97,45676.28,23122.31,0.0,0.0,0
5,PAYMENT,6229.86,59942.0,53712.14,0.0,0.0,0
5,PAYMENT,4303.39,463.0,0.0,0.0,0.0,0
5,PAYMENT,5576.3,2797.0,0.0,0.0,0.0,0
5,CASH_OUT,211418.41,0.0,0.0,4790173.09,5174801.52,0
5,PAYMENT,7775.3,615460.0,607684.7,0.0,0.0,0
5,PAYMENT,1911.57,20964.0,19052.43,0.0,0.0,0
5,PAYMENT,3259.56,264.0,0.0,0.0,0.0,0
5,PAYMENT,2812.07,2931.0,118.93,0.0,0.0,0
5,CASH_IN,224763.96,118.93,224882.89,1315120.99,944225.12,0
5,CASH_IN,106082.0,224882.89,330964.89,3784384.15,3678302.15,0
5,CASH_IN,197677.22,330964.89,528642.11,704745.77,455191.58,0
5,CASH_IN,439939.28,528642.11,968581.39,17200000.0,16900000.0,0
5,CASH_IN,166437.13,968581.39,1135018.52,177248.23,10811.1,0
5,CASH_IN,131815.57,1135018.52,1266834.1,2182677.05,2050861.47,0
5,CASH_IN,214443.25,1266834.1,1481277.35,7344002.61,7129559.36,0
5,CASH_IN,482855.36,1481277.35,1964132.71,6249500.06,5766644.71,0
5,CASH_IN,37831.13,1964132.71,2001963.84,89079.66,51248.53,0
5,CASH_IN,504968.12,2001963.84,2506931.96,6778025.76,6273057.64,0
5,CASH_IN,188573.55,2506931.96,2695505.51,10000000.0,9827546.97,0
5,CASH_IN,285594.46,2695505.51,2981099.97,937884.9,652290.45,0
5,CASH_IN,301488.1,2981099.97,3282588.06,519050.1,217562.01,0
5,CASH_IN,13564.12,3282588.06,3296152.19,239762.75,226198.62,0
5,CASH_IN,182825.43,3296152.19,3478977.61,355295.0,0.0,0
5,CASH_IN,299368.99,3478977.61,3778346.61,6960754.86,6661385.87,0
5,CASH_IN,77655.59,3778346.61,3856002.2,107409.0,29753.41,0
5,CASH_IN,833.39,3856002.2,3856835.59,411058.34,410224.95,0
5,CASH_IN,325483.3,3856835.59,4182318.89,6718623.01,6393139.71,0
5,CASH_IN,51876.97,4182318.89,4234195.86,507068.55,455191.58,0
5,CASH_IN,24734.93,4234195.86,4258930.79,460685.0,646196.83,0
5,CASH_IN,6845.48,4258930.79,4265776.26,67160.21,60314.73,0
5,CASH_IN,37872.44,4265776.26,4303648.7,43822.9,5950.46,0
5,CASH_IN,72980.01,4303648.7,4376628.71,200348.0,127367.99,0
5,CASH_IN,146131.91,4376628.71,4522760.62,1090357.03,944225.12,0
5,PAYMENT,4287.23,9556.0,5268.77,0.0,0.0,0
5,PAYMENT,2513.72,18024.0,15510.28,0.0,0.0,0
5,PAYMENT,2305.22,15510.28,13205.07,0.0,0.0,0
5,PAYMENT,4610.54,13205.07,8594.52,0.0,0.0,0
5,PAYMENT,4205.98,8594.52,4388.54,0.0,0.0,0
5,PAYMENT,11691.84,4388.54,0.0,0.0,0.0,0
5,PAYMENT,2011.87,0.0,0.0,0.0,0.0,0
5,TRANSFER,102359.17,11682.0,0.0,12900000.0,13000000.0,0
5,CASH_OUT,89293.11,0.0,0.0,139849.81,229142.92,0
5,PAYMENT,3743.99,34771.0,31027.01,0.0,0.0,0
5,PAYMENT,9675.69,101947.0,92271.31,0.0,0.0,0
5,PAYMENT,3212.82,62669.0,59456.18,0.0,0.0,0
5,PAYMENT,1723.33,59456.18,57732.85,0.0,0.0,0
5,PAYMENT,12603.14,57732.85,45129.71,0.0,0.0,0
5,PAYMENT,2689.55,51430.0,48740.45,0.0,0.0,0
5,PAYMENT,3225.49,10132.0,6906.51,0.0,0.0,0
5,PAYMENT,4397.58,835.0,0.0,0.0,0.0,0
5,PAYMENT,195.22,11128.0,10932.78,0.0,0.0,0
5,CASH_OUT,81917.31,10932.78,0.0,2724135.13,2808555.73,0
5,CASH_OUT,38326.82,0.0,0.0,70713.92,109040.74,0
5,PAYMENT,2520.08,82215.0,79694.92,0.0,0.0,0
5,PAYMENT,6988.56,10339.0,3350.44,0.0,0.0,0
5,PAYMENT,1270.66,142407.0,141136.34,0.0,0.0,0
5,PAYMENT,2205.72,16725.71,14519.98,0.0,0.0,0
5,PAYMENT,2892.22,14519.98,11627.76,0.0,0.0,0
5,PAYMENT,3181.68,11627.76,8446.08,0.0,0.0,0
5,PAYMENT,13702.52,8446.08,0.0,0.0,0.0,0
5,PAYMENT,1574.63,737.0,0.0,0.0,0.0,0
5,PAYMENT,2573.24,0.0,0.0,0.0,0.0,0
5,PAYMENT,952.87,15214.0,14261.13,0.0,0.0,0
5,PAYMENT,3143.95,779.0,0.0,0.0,0.0,0
5,PAYMENT,2354.7,62103.0,59748.3,0.0,0.0,0
5,PAYMENT,5301.12,11492.0,6190.88,0.0,0.0,0
5,PAYMENT,40156.69,6190.88,0.0,0.0,0.0,0
5,PAYMENT,10227.49,29917.0,19689.51,0.0,0.0,0
5,PAYMENT,8411.86,553397.0,544985.14,0.0,0.0,0
5,DEBIT,1207.85,99114.0,97906.15,20270.0,3382.84,0
5,PAYMENT,3728.6,9552.0,5823.4,0.0,0.0,0
5,PAYMENT,12472.53,11071.0,0.0,0.0,0.0,0
5,PAYMENT,469.63,5556.0,5086.37,0.0,0.0,0
5,CASH_OUT,49804.17,5086.37,0.0,175863.93,172958.83,0
5,PAYMENT,5693.64,20492.0,14798.36,0.0,0.0,0
5,PAYMENT,7840.38,14798.36,6957.98,0.0,0.0,0
5,PAYMENT,1967.35,10492.0,8524.65,0.0,0.0,0
5,PAYMENT,4260.13,368.0,0.0,0.0,0.0,0
5,PAYMENT,7959.58,10729.0,2769.42,0.0,0.0,0
5,PAYMENT,5080.22,2769.42,0.0,0.0,0.0,0
5,PAYMENT,360.38,328.0,0.0,0.0,0.0,0
5,PAYMENT,7683.38,17553.22,9869.84,0.0,0.0,0
5,PAYMENT,6453.51,9869.84,3416.33,0.0,0.0,0
5,PAYMENT,2161.3,1830.0,0.0,0.0,0.0,0
5,PAYMENT,6823.03,10299.0,3475.97,0.0,0.0,0
5,PAYMENT,8343.34,103368.0,95024.66,0.0,0.0,0
5,PAYMENT,3141.09,671.0,0.0,0.0,0.0,0
5,DEBIT,1826.28,10285.0,8458.72,229190.56,231016.85,0
5,PAYMENT,1216.39,143314.0,142097.61,0.0,0.0,0
5,PAYMENT,2088.53,18607.0,16518.47,0.0,0.0,0
5,PAYMENT,2558.03,974.0,0.0,0.0,0.0,0
5,PAYMENT,26921.32,0.0,0.0,0.0,0.0,0
5,PAYMENT,12438.52,549128.0,536689.48,0.0,0.0,0
5,PAYMENT,5743.03,50388.0,44644.97,0.0,0.0,0
5,PAYMENT,472.71,2082.0,1609.29,0.0,0.0,0
5,PAYMENT,7002.74,4103.0,0.0,0.0,0.0,0
5,PAYMENT,953.21,304098.0,303144.79,0.0,0.0,0
5,PAYMENT,822.37,19826.0,19003.63,0.0,0.0,0
5,PAYMENT,368.56,172469.57,172101.01,0.0,0.0,0
5,TRANSFER,92036.54,172101.01,80064.48,4578941.6,4670978.14,0
5,TRANSFER,166567.98,80064.48,0.0,245770.79,412338.76,0
5,TRANSFER,1915470.93,0.0,0.0,11600000.0,13500000.0,0
5,TRANSFER,339163.04,0.0,0.0,10300000.0,12400000.0,0
5,TRANSFER,41139.2,0.0,0.0,4388254.93,4429394.13,0
5,TRANSFER,1716502.82,0.0,0.0,10600000.0,12400000.0,0
5,TRANSFER,1097510.65,0.0,0.0,13000000.0,14100000.0,0
5,TRANSFER,103759.56,0.0,0.0,16800000.0,16900000.0,0
5,TRANSFER,59691.76,0.0,0.0,4254247.97,4313939.72,0
5,PAYMENT,7561.15,105180.0,97618.85,0.0,0.0,0
5,PAYMENT,25625.94,97618.85,71992.91,0.0,0.0,0
5,PAYMENT,3032.18,9928.0,6895.82,0.0,0.0,0
5,PAYMENT,4758.17,99328.0,94569.83,0.0,0.0,0
5,PAYMENT,538.17,5583.0,5044.83,0.0,0.0,0
5,PAYMENT,3726.93,21477.85,17750.92,0.0,0.0,0
5,PAYMENT,14368.08,17750.92,3382.84,0.0,0.0,0
5,PAYMENT,6079.77,18273.0,12193.23,0.0,0.0,0
5,PAYMENT,5274.02,225.0,0.0,0.0,0.0,0
5,PAYMENT,6678.65,121.0,0.0,0.0,0.0,0
5,DEBIT,858.71,153252.0,152393.29,44255.66,45114.36,0
5,PAYMENT,1405.7,152647.0,151241.3,0.0,0.0,0
5,PAYMENT,2092.99,104778.0,102685.01,0.0,0.0,0
5,PAYMENT,6324.03,31237.0,24912.97,0.0,0.0,0
5,PAYMENT,2399.58,80570.0,78170.42,0.0,0.0,0
5,PAYMENT,3044.66,78170.42,75125.76,0.0,0.0,0
5,DEBIT,4397.38,36481.0,32083.62,128823.03,133220.41,0
5,PAYMENT,5304.33,32083.62,26779.28,0.0,0.0,0
5,PAYMENT,5267.26,951545.0,946277.74,0.0,0.0,0
5,PAYMENT,4826.29,11097.0,6270.71,0.0,0.0,0
5,PAYMENT,227.6,509876.0,509648.4,0.0,0.0,0
5,PAYMENT,15920.5,7004.0,0.0,0.0,0.0,0
5,PAYMENT,3646.47,21973.0,18326.53,0.0,0.0,0
5,PAYMENT,1263.04,544.0,0.0,0.0,0.0,0
5,PAYMENT,1808.31,29927.0,28118.69,0.0,0.0,0
5,PAYMENT,8182.9,29705.0,21522.1,0.0,0.0,0
5,PAYMENT,977.36,40086.0,39108.64,0.0,0.0,0
5,PAYMENT,3617.0,3570.0,0.0,0.0,0.0,0
5,DEBIT,2939.48,119621.0,116681.52,8161.87,11101.36,0
5,PAYMENT,5288.3,66748.0,61459.7,0.0,0.0,0
5,PAYMENT,2716.81,12154.0,9437.19,0.0,0.0,0
5,PAYMENT,20563.52,9437.19,0.0,0.0,0.0,0
5,PAYMENT,15330.96,0.0,0.0,0.0,0.0,0
5,PAYMENT,5435.76,0.0,0.0,0.0,0.0,0
5,PAYMENT,9144.91,0.0,0.0,0.0,0.0,0
5,PAYMENT,655.16,0.0,0.0,0.0,0.0,0
5,PAYMENT,49.61,0.0,0.0,0.0,0.0,0
5,PAYMENT,28765.49,0.0,0.0,0.0,0.0,0
5,PAYMENT,42355.9,0.0,0.0,0.0,0.0,0
5,PAYMENT,1119.39,0.0,0.0,0.0,0.0,0
5,PAYMENT,32593.48,0.0,0.0,0.0,0.0,0
5,PAYMENT,4121.51,0.0,0.0,0.0,0.0,0
5,PAYMENT,16741.22,0.0,0.0,0.0,0.0,0
5,PAYMENT,1220.13,0.0,0.0,0.0,0.0,0
5,PAYMENT,12702.69,0.0,0.0,0.0,0.0,0
5,PAYMENT,4187.93,29903.0,25715.07,0.0,0.0,0
5,PAYMENT,4021.67,12760.0,8738.33,0.0,0.0,0
5,PAYMENT,290.66,8738.33,8447.67,0.0,0.0,0
5,PAYMENT,5290.34,64721.0,59430.66,0.0,0.0,0
5,PAYMENT,3445.14,283795.44,280350.31,0.0,0.0,0
5,PAYMENT,17975.9,280350.31,262374.4,0.0,0.0,0
5,PAYMENT,4177.38,12075.0,7897.62,0.0,0.0,0
5,PAYMENT,530.4,225668.11,225137.71,0.0,0.0,0
5,PAYMENT,35994.44,225137.71,189143.27,0.0,0.0,0
5,PAYMENT,16184.43,189143.27,172958.83,0.0,0.0,0
5,PAYMENT,5909.55,575.0,0.0,0.0,0.0,0
5,PAYMENT,5379.76,1593.0,0.0,0.0,0.0,0
5,PAYMENT,3592.05,46686.0,43093.95,0.0,0.0,0
5,PAYMENT,7643.08,4317.0,0.0,0.0,0.0,0
5,PAYMENT,2098.34,20145.0,18046.66,0.0,0.0,0
5,PAYMENT,5278.65,50.0,0.0,0.0,0.0,0
5,PAYMENT,3674.62,50392.0,46717.38,0.0,0.0,0
5,PAYMENT,4.36,9203.0,9198.64,0.0,0.0,0
5,PAYMENT,1460.16,236166.0,234705.84,0.0,0.0,0
5,PAYMENT,6130.56,59652.28,53521.71,0.0,0.0,0
5,PAYMENT,7006.43,53521.71,46515.29,0.0,0.0,0
5,PAYMENT,5379.9,6326.0,946.1,0.0,0.0,0
5,PAYMENT,3549.66,20228.0,16678.34,0.0,0.0,0
5,DEBIT,543.21,201465.0,200921.79,11038.0,11581.21,0
5,PAYMENT,5073.8,20057.0,14983.2,0.0,0.0,0
5,PAYMENT,2808.11,20927.0,18118.89,0.0,0.0,0
5,PAYMENT,1292.63,21109.0,19816.37,0.0,0.0,0
5,PAYMENT,5172.58,20368.0,15195.42,0.0,0.0,0
5,PAYMENT,26891.86,15195.42,0.0,0.0,0.0,0
5,PAYMENT,7796.39,786.0,0.0,0.0,0.0,0
5,PAYMENT,2588.64,20961.01,18372.38,0.0,0.0,0
5,PAYMENT,6507.26,18372.38,11865.12,0.0,0.0,0
5,PAYMENT,3600.19,46451.0,42850.81,0.0,0.0,0
5,PAYMENT,1282.59,57861.0,56578.41,0.0,0.0,0
5,TRANSFER,40975.4,51859.0,10883.6,0.0,43040.57,0
5,PAYMENT,1481.02,184.0,0.0,0.0,0.0,0
5,PAYMENT,650.48,116402.0,115751.52,0.0,0.0,0
5,PAYMENT,972.33,118.0,0.0,0.0,0.0,0
5,PAYMENT,583.01,45660.0,45076.99,0.0,0.0,0
5,TRANSFER,169448.37,10282.0,0.0,66548.75,235997.12,0
5,PAYMENT,3992.52,204038.0,200045.48,0.0,0.0,0
5,PAYMENT,8169.21,260173.0,252003.79,0.0,0.0,0
5,PAYMENT,4379.13,7050.0,2670.87,0.0,0.0,0
5,PAYMENT,1130.38,245979.0,244848.62,0.0,0.0,0
5,PAYMENT,9231.24,244848.62,235617.37,0.0,0.0,0
5,PAYMENT,1859.1,115860.0,114000.9,0.0,0.0,0
5,PAYMENT,1948.6,441.0,0.0,0.0,0.0,0
5,PAYMENT,4727.31,21043.0,16315.69,0.0,0.0,0
5,CASH_OUT,142634.17,16315.69,0.0,286841.74,609485.61,0
5,PAYMENT,1123.06,45638.0,44514.94,0.0,0.0,0
5,PAYMENT,1550.75,91303.0,89752.25,0.0,0.0,0
5,DEBIT,2503.29,202248.0,199744.71,2806052.44,2808555.73,0
5,TRANSFER,71741.21,367623.0,295881.79,1540.44,73281.65,0
5,PAYMENT,1627.82,44167.0,42539.18,0.0,0.0,0
5,PAYMENT,3263.86,11811.0,8547.14,0.0,0.0,0
5,PAYMENT,2283.56,19867.0,17583.44,0.0,0.0,0
5,PAYMENT,5188.61,20721.0,15532.39,0.0,0.0,0
5,DEBIT,700.89,20814.0,20113.11,455303.33,181733.94,0
5,PAYMENT,10940.74,325453.0,314512.26,0.0,0.0,0
5,TRANSFER,43479.45,11582.0,0.0,51513.44,97322.02,0
5,PAYMENT,3509.48,30578.0,27068.52,0.0,0.0,0
5,PAYMENT,2466.6,133437.0,130970.4,0.0,0.0,0
5,PAYMENT,1871.25,25474.0,23602.75,0.0,0.0,0
5,PAYMENT,2224.36,35609.0,33384.64,0.0,0.0,0
5,PAYMENT,1315.93,10749.0,9433.07,0.0,0.0,0
5,DEBIT,1831.16,14025.0,12193.84,3522.9,5354.06,0
5,DEBIT,2329.14,26958.0,24628.86,94992.89,97322.02,0
5,PAYMENT,1319.42,5056.0,3736.58,0.0,0.0,0
5,PAYMENT,518.1,2774.0,2255.9,0.0,0.0,0
5,PAYMENT,494.64,2255.9,1761.25,0.0,0.0,0
5,PAYMENT,7873.13,20212.0,12338.87,0.0,0.0,0
5,PAYMENT,4510.15,15966.0,11455.85,0.0,0.0,0
5,PAYMENT,4426.72,11834.0,7407.28,0.0,0.0,0
5,PAYMENT,3003.85,24000.0,20996.15,0.0,0.0,0
5,TRANSFER,179651.4,58395.9,0.0,0.0,179651.4,0
5,PAYMENT,18067.41,0.0,0.0,0.0,0.0,0
5,PAYMENT,5666.41,11446.0,5779.59,0.0,0.0,0
5,PAYMENT,7496.64,5779.59,0.0,0.0,0.0,0
5,PAYMENT,6902.52,206572.0,199669.48,0.0,0.0,0
5,PAYMENT,6351.38,7825.0,1473.62,0.0,0.0,0
5,PAYMENT,187.48,6132.0,5944.52,0.0,0.0,0
5,PAYMENT,774.62,157645.0,156870.38,0.0,0.0,0
5,PAYMENT,16475.34,156870.38,140395.04,0.0,0.0,0
5,PAYMENT,10576.89,140395.04,129818.15,0.0,0.0,0
5,PAYMENT,1553.21,129818.15,128264.94,0.0,0.0,0
5,PAYMENT,3508.93,51108.0,47599.07,0.0,0.0,0
5,PAYMENT,415.98,5126.0,4710.02,0.0,0.0,0
5,PAYMENT,1281.34,10988.0,9706.66,0.0,0.0,0
5,PAYMENT,462.23,4074.0,3611.77,0.0,0.0,0
5,CASH_OUT,173210.02,3611.77,0.0,5001591.5,5174801.52,0
5,CASH_OUT,138480.68,1191.0,0.0,57606.45,196087.14,0
5,PAYMENT,774.48,20185.0,19410.52,0.0,0.0,0
5,PAYMENT,9479.49,19410.52,9931.02,0.0,0.0,0
5,PAYMENT,1438.63,9931.02,8492.39,0.0,0.0,0
5,PAYMENT,1925.08,50195.0,48269.92,0.0,0.0,0
5,PAYMENT,2057.11,362.0,0.0,0.0,0.0,0
5,PAYMENT,2224.41,456004.22,453779.81,0.0,0.0,0
5,CASH_OUT,272045.87,453779.81,181733.94,690691.73,962737.6,0
5,PAYMENT,2515.55,151162.0,148646.45,0.0,0.0,0
5,PAYMENT,2803.61,148646.45,145842.84,0.0,0.0,0
5,PAYMENT,8847.07,145842.84,136995.77,0.0,0.0,0
5,PAYMENT,5089.69,5894.0,804.31,0.0,0.0,0
5,PAYMENT,27655.2,804.31,0.0,0.0,0.0,0
5,PAYMENT,4754.82,105213.0,100458.18,0.0,0.0,0
5,TRANSFER,132427.3,40217.0,0.0,0.0,132427.3,0
5,CASH_OUT,180009.7,0.0,0.0,429475.91,609485.61,0
5,PAYMENT,852.95,51484.0,50631.05,0.0,0.0,0
5,PAYMENT,4392.73,11470.0,7077.27,0.0,0.0,0
5,TRANSFER,268571.64,7077.27,0.0,435950.07,646196.83,0
5,PAYMENT,8479.04,333.0,0.0,0.0,0.0,0
5,PAYMENT,3833.36,3137.0,0.0,0.0,0.0,0
5,TRANSFER,134294.1,138.0,0.0,10768.1,145062.2,0
5,DEBIT,3092.94,33476.0,30383.06,15680.93,18773.87,0
5,PAYMENT,30981.44,30383.06,0.0,0.0,0.0,0
5,PAYMENT,4532.37,5098.0,565.63,0.0,0.0,0
5,PAYMENT,3016.29,565.63,0.0,0.0,0.0,0
5,PAYMENT,1903.52,64497.0,62593.48,0.0,0.0,0
5,TRANSFER,72825.75,6038.0,0.0,31280.33,160577.57,0
5,PAYMENT,4026.05,10834.0,6807.95,0.0,0.0,0
5,DEBIT,2298.7,29723.0,27424.3,38799.34,41098.04,0
5,PAYMENT,263.87,25188.0,24924.13,0.0,0.0,0
5,PAYMENT,7798.4,19889.0,12090.6,0.0,0.0,0
5,PAYMENT,4112.38,16261.0,12148.62,0.0,0.0,0
5,PAYMENT,6204.45,203281.0,197076.55,0.0,0.0,0
5,PAYMENT,1754.73,42560.0,40805.27,0.0,0.0,0
5,PAYMENT,2976.65,61243.0,58266.35,0.0,0.0,0
5,PAYMENT,3770.26,36731.0,32960.74,0.0,0.0,0
5,CASH_OUT,220070.01,32960.74,0.0,3068761.77,3288831.78,0
5,PAYMENT,4704.0,37758.0,33054.0,0.0,0.0,0
5,TRANSFER,56471.48,312830.0,256358.52,104106.08,160577.57,0
5,PAYMENT,1534.11,80274.0,78739.89,0.0,0.0,0
5,PAYMENT,4562.21,78739.89,74177.67,0.0,0.0,0
5,PAYMENT,1901.5,74177.67,72276.18,0.0,0.0,0
5,PAYMENT,15211.91,72276.18,57064.27,0.0,0.0,0
5,PAYMENT,32876.85,57064.27,24187.42,0.0,0.0,0
5,PAYMENT,2883.1,24187.42,21304.32,0.0,0.0,0
5,PAYMENT,38371.41,21304.32,0.0,0.0,0.0,0
5,PAYMENT,19561.11,0.0,0.0,0.0,0.0,0
5,PAYMENT,9452.85,0.0,0.0,0.0,0.0,0
5,PAYMENT,16780.75,0.0,0.0,0.0,0.0,0
5,PAYMENT,20526.64,0.0,0.0,0.0,0.0,0
5,PAYMENT,4477.03,0.0,0.0,0.0,0.0,0
5,PAYMENT,17390.17,0.0,0.0,0.0,0.0,0
5,PAYMENT,27401.26,0.0,0.0,0.0,0.0,0
5,PAYMENT,7414.66,0.0,0.0,0.0,0.0,0
5,PAYMENT,18850.92,0.0,0.0,0.0,0.0,0
5,PAYMENT,11430.59,0.0,0.0,0.0,0.0,0
5,PAYMENT,1766.71,0.0,0.0,0.0,0.0,0
5,PAYMENT,7632.13,31257.0,23624.87,0.0,0.0,0
5,PAYMENT,2261.59,11748.0,9486.41,0.0,0.0,0
5,PAYMENT,3.75,51376.0,51372.25,0.0,0.0,0
5,PAYMENT,4408.24,55772.0,51363.76,0.0,0.0,0
5,PAYMENT,3117.04,704521.71,701404.67,0.0,0.0,0
5,CASH_OUT,55207.84,701404.67,646196.83,1368603.53,1423811.37,0
5,PAYMENT,4962.0,197.55,0.0,0.0,0.0,0
5,PAYMENT,12479.16,0.0,0.0,0.0,0.0,0
5,PAYMENT,7464.54,1472.0,0.0,0.0,0.0,0
5,PAYMENT,5820.27,11545.0,5724.73,0.0,0.0,0
5,PAYMENT,472.63,18173.0,17700.37,0.0,0.0,0
5,PAYMENT,12986.85,17700.37,4713.51,0.0,0.0,0
5,PAYMENT,3590.58,15803.0,12212.42,0.0,0.0,0
5,PAYMENT,24921.84,12212.42,0.0,0.0,0.0,0
5,TRANSFER,145374.18,34060.0,0.0,12996.44,158370.61,0
5,PAYMENT,3401.12,7065.0,3663.88,0.0,0.0,0
5,PAYMENT,9080.77,72543.0,63462.23,0.0,0.0,0
5,PAYMENT,1648.13,10279.0,8630.87,0.0,0.0,0
5,PAYMENT,7792.99,8630.87,837.89,0.0,0.0,0
5,PAYMENT,491.11,70925.0,70433.89,0.0,0.0,0
5,PAYMENT,325.72,13845.0,13519.28,0.0,0.0,0
5,CASH_OUT,190944.55,13519.28,0.0,227513.56,418458.11,0
5,DEBIT,2065.17,19545.0,17479.83,40975.4,43040.57,0
5,PAYMENT,1894.12,11736.0,9841.88,0.0,0.0,0
5,PAYMENT,437.22,66563.0,66125.78,0.0,0.0,0
5,PAYMENT,5210.66,51132.0,45921.34,0.0,0.0,0
5,PAYMENT,3897.56,3881.0,0.0,0.0,0.0,0
5,PAYMENT,25.08,21558.0,21532.92,0.0,0.0,0
5,PAYMENT,2574.1,726.0,0.0,0.0,0.0,0
5,PAYMENT,3920.64,52213.0,48292.36,0.0,0.0,0
5,PAYMENT,1288.03,1086.0,0.0,0.0,0.0,0
5,DEBIT,3768.1,65148.0,61379.9,10717.0,1772.04,0
5,PAYMENT,905.86,20018.0,19112.14,0.0,0.0,0
5,PAYMENT,1744.46,40919.0,39174.54,0.0,0.0,0
5,PAYMENT,4433.42,30489.0,26055.58,0.0,0.0,0
5,PAYMENT,29762.68,26055.58,0.0,0.0,0.0,0
5,PAYMENT,9531.19,19001.72,9470.53,0.0,0.0,0
5,PAYMENT,628.34,9470.53,8842.18,0.0,0.0,0
5,PAYMENT,10256.09,8842.18,0.0,0.0,0.0,0
5,PAYMENT,7587.2,30512.0,22924.8,0.0,0.0,0
5,CASH_OUT,78115.81,22924.8,0.0,86375.65,164491.46,0
5,TRANSFER,97661.94,29749.0,0.0,40662.0,0.0,0
5,PAYMENT,4835.01,0.0,0.0,0.0,0.0,0
5,DEBIT,1857.79,11581.21,9723.42,118276.63,120134.42,0
5,PAYMENT,5451.3,9723.42,4272.12,0.0,0.0,0
5,PAYMENT,1021.03,4272.12,3251.09,0.0,0.0,0
5,PAYMENT,5105.68,3251.09,0.0,0.0,0.0,0
5,PAYMENT,2750.32,0.0,0.0,0.0,0.0,0
5,PAYMENT,7865.47,0.0,0.0,0.0,0.0,0
5,PAYMENT,2813.24,0.0,0.0,0.0,0.0,0
5,PAYMENT,13826.77,0.0,0.0,0.0,0.0,0
5,PAYMENT,47001.52,0.0,0.0,0.0,0.0,0
5,PAYMENT,11470.25,0.0,0.0,0.0,0.0,0
5,PAYMENT,12417.59,0.0,0.0,0.0,0.0,0
5,PAYMENT,9204.89,0.0,0.0,0.0,0.0,0
5,PAYMENT,2014.68,0.0,0.0,0.0,0.0,0
5,PAYMENT,9405.76,0.0,0.0,0.0,0.0,0
5,PAYMENT,8020.86,0.0,0.0,0.0,0.0,0
5,PAYMENT,5580.15,0.0,0.0,0.0,0.0,0
5,PAYMENT,15150.82,0.0,0.0,0.0,0.0,0
5,PAYMENT,5272.65,0.0,0.0,0.0,0.0,0
5,PAYMENT,3265.5,0.0,0.0,0.0,0.0,0
5,PAYMENT,2499.52,0.0,0.0,0.0,0.0,0
5,PAYMENT,26672.44,0.0,0.0,0.0,0.0,0
5,PAYMENT,3581.86,0.0,0.0,0.0,0.0,0
5,PAYMENT,1324.06,0.0,0.0,0.0,0.0,0
5,PAYMENT,3202.12,0.0,0.0,0.0,0.0,0
5,PAYMENT,7269.69,1049.0,0.0,0.0,0.0,0
5,PAYMENT,6078.4,24510.0,18431.6,0.0,0.0,0
5,PAYMENT,4871.03,29753.41,24882.38,0.0,0.0,0
5,PAYMENT,14976.04,24882.38,9906.33,0.0,0.0,0
5,PAYMENT,2315.6,1955.0,0.0,0.0,0.0,0
5,PAYMENT,3287.08,28574.0,25286.92,0.0,0.0,0
5,PAYMENT,4235.23,23405.0,19169.77,0.0,0.0,0
5,CASH_OUT,101921.8,19169.77,0.0,244180.06,874685.77,0
5,CASH_OUT,135550.07,0.0,0.0,6434071.39,8598427.92,0
5,PAYMENT,4573.24,1936.0,0.0,0.0,0.0,0
5,PAYMENT,5905.54,0.0,0.0,0.0,0.0,0
5,DEBIT,665.37,60311.0,59645.63,13707.11,14372.48,0
5,DEBIT,1674.09,19634.0,17959.91,198248.07,305398.63,0
5,PAYMENT,4762.15,51365.0,46602.85,0.0,0.0,0
5,PAYMENT,307.63,99266.0,98958.37,0.0,0.0,0
5,PAYMENT,3247.56,126404.0,123156.44,0.0,0.0,0
5,PAYMENT,2949.77,164.0,0.0,0.0,0.0,0
5,PAYMENT,4251.15,179896.0,175644.85,0.0,0.0,0
5,PAYMENT,5200.0,53072.0,47872.0,0.0,0.0,0
5,PAYMENT,3367.42,10388.0,7020.58,0.0,0.0,0
5,CASH_OUT,41624.47,7020.58,0.0,196087.14,69876.14,0
5,PAYMENT,3032.27,15482.0,12449.73,0.0,0.0,0
5,PAYMENT,17410.74,12449.73,0.0,0.0,0.0,0
5,PAYMENT,8908.26,0.0,0.0,0.0,0.0,0
5,PAYMENT,1122.73,10137.0,9014.27,0.0,0.0,0
5,PAYMENT,17356.69,9014.27,0.0,0.0,0.0,0
5,PAYMENT,914.59,311960.0,311045.41,0.0,0.0,0
5,PAYMENT,617.25,127367.99,126750.74,0.0,0.0,0
5,CASH_OUT,48516.52,126750.74,78234.23,50620.17,99136.69,0
5,CASH_OUT,305121.53,78234.23,0.0,6932092.15,6724357.4,0
5,CASH_OUT,268894.02,0.0,0.0,6569621.46,8598427.92,0
5,CASH_OUT,233312.83,0.0,0.0,346101.86,874685.77,0
5,CASH_OUT,198384.26,0.0,0.0,7237213.68,6724357.4,0
5,CASH_OUT,311282.8,0.0,0.0,1423811.37,1848371.68,0
5,PAYMENT,7654.41,14609.0,6954.59,0.0,0.0,0
5,PAYMENT,2376.34,62734.0,60357.66,0.0,0.0,0
5,PAYMENT,10122.53,60357.66,50235.13,0.0,0.0,0
5,PAYMENT,4103.27,217.0,0.0,0.0,0.0,0
5,PAYMENT,5835.81,10800.0,4964.19,0.0,0.0,0
5,PAYMENT,925.48,453877.0,452951.52,0.0,0.0,0
5,PAYMENT,7543.1,136506.0,128962.9,0.0,0.0,0
5,PAYMENT,3159.86,93516.0,90356.14,0.0,0.0,0
5,PAYMENT,240.78,6125.0,5884.22,0.0,0.0,0
5,CASH_OUT,366300.87,5884.22,0.0,4670978.14,6525826.68,0
5,CASH_OUT,33985.61,0.0,0.0,124042.91,6192.55,0
5,CASH_OUT,439930.78,0.0,0.0,6273057.64,6760548.76,0
5,CASH_OUT,218549.38,0.0,0.0,455191.58,576353.3,0
5,CASH_OUT,498990.17,0.0,0.0,906564.46,1477358.35,0
5,CASH_OUT,134175.79,0.0,0.0,876481.82,1515372.59,0
5,CASH_OUT,70830.43,0.0,0.0,156003.57,6100.96,0
5,CASH_OUT,293520.06,0.0,0.0,5174801.52,5950433.65,0
5,CASH_OUT,247454.42,0.0,0.0,1640678.66,2554285.76,0
5,CASH_OUT,182374.61,0.0,0.0,5766644.71,5954556.4,0
5,CASH_OUT,183088.01,0.0,0.0,673740.96,576353.3,0
5,CASH_OUT,278809.45,0.0,0.0,5949019.31,5954556.4,0
5,CASH_OUT,83160.08,0.0,0.0,7129559.36,6778202.0,0
5,CASH_OUT,122729.64,0.0,0.0,6393139.71,6739716.03,0
5,CASH_OUT,127127.67,0.0,0.0,298682.8,160101.66,0
5,TRANSFER,97544.43,87120.0,0.0,0.0,97544.43,0
5,PAYMENT,3967.71,16825.0,12857.29,0.0,0.0,0
5,CASH_OUT,269130.7,12857.29,0.0,6838515.48,8598427.92,0
5,CASH_OUT,31963.29,0.0,0.0,158370.61,115108.49,0
5,CASH_OUT,137497.97,0.0,0.0,235997.12,94873.55,0
5,CASH_OUT,89569.75,0.0,0.0,132427.3,19525.79,0
5,CASH_OUT,286878.98,0.0,0.0,1273212.87,2081530.01,0
5,CASH_OUT,521438.17,0.0,0.0,1560091.84,2081530.01,0
5,CASH_OUT,141799.28,0.0,0.0,289908.33,126232.09,0
5,CASH_OUT,101332.45,0.0,0.0,231016.85,345283.88,0
5,CASH_OUT,297734.01,0.0,0.0,355036.0,9113630.99,0
5,CASH_OUT,105095.1,0.0,0.0,169941.73,618730.52,0
5,PAYMENT,5830.2,16232.0,10401.8,0.0,0.0,0
5,PAYMENT,612.19,30365.0,29752.81,0.0,0.0,0
5,PAYMENT,920.12,14969.0,14048.88,0.0,0.0,0
6,PAYMENT,4964.82,5676.0,711.18,0.0,0.0,0
6,PAYMENT,1993.69,711.18,0.0,0.0,0.0,0
6,PAYMENT,4466.25,45837.0,41370.75,0.0,0.0,0
6,PAYMENT,3092.92,41370.75,38277.84,0.0,0.0,0
6,PAYMENT,3440.78,11264.0,7823.22,0.0,0.0,0
6,PAYMENT,26643.14,19898.0,0.0,0.0,0.0,0
6,PAYMENT,12048.52,11252.0,0.0,0.0,0.0,0
6,PAYMENT,2125.09,114.0,0.0,0.0,0.0,0
6,CASH_OUT,229790.53,0.0,0.0,1695079.69,1924870.22,0
6,PAYMENT,2892.49,132856.0,129963.51,0.0,0.0,0
6,PAYMENT,8940.39,122.0,0.0,0.0,0.0,0
6,PAYMENT,15455.85,27793.0,12337.15,0.0,0.0,0
6,PAYMENT,12848.12,1053.0,0.0,0.0,0.0,0
6,PAYMENT,352.7,0.0,0.0,0.0,0.0,0
6,PAYMENT,10296.83,0.0,0.0,0.0,0.0,0
6,PAYMENT,13597.47,0.0,0.0,0.0,0.0,0
6,PAYMENT,7341.98,8458.0,1116.02,0.0,0.0,0
6,DEBIT,1556.49,22131.0,20574.51,61994.82,63551.31,0
6,PAYMENT,385.39,20574.51,20189.12,0.0,0.0,0
6,PAYMENT,8545.54,20189.12,11643.58,0.0,0.0,0
6,PAYMENT,7993.75,11643.58,3649.83,0.0,0.0,0
6,PAYMENT,27202.42,3649.83,0.0,0.0,0.0,0
6,PAYMENT,18666.07,0.0,0.0,0.0,0.0,0
6,PAYMENT,20112.79,0.0,0.0,0.0,0.0,0
6,PAYMENT,16419.57,0.0,0.0,0.0,0.0,0
6,PAYMENT,5060.44,0.0,0.0,0.0,0.0,0
6,PAYMENT,1031.66,0.0,0.0,0.0,0.0,0
6,PAYMENT,7285.68,0.0,0.0,0.0,0.0,0
6,PAYMENT,1200.57,0.0,0.0,0.0,0.0,0
6,PAYMENT,8335.65,0.0,0.0,0.0,0.0,0
6,PAYMENT,12798.82,0.0,0.0,0.0,0.0,0
6,PAYMENT,6771.54,0.0,0.0,0.0,0.0,0
6,PAYMENT,2223.47,0.0,0.0,0.0,0.0,0
6,PAYMENT,10219.4,0.0,0.0,0.0,0.0,0
6,PAYMENT,24342.09,0.0,0.0,0.0,0.0,0
6,PAYMENT,7338.27,0.0,0.0,0.0,0.0,0
6,PAYMENT,1440.1,0.0,0.0,0.0,0.0,0
6,PAYMENT,2824.15,0.0,0.0,0.0,0.0,0
6,PAYMENT,7868.21,0.0,0.0,0.0,0.0,0
6,PAYMENT,8069.14,0.0,0.0,0.0,0.0,0
6,PAYMENT,4074.95,0.0,0.0,0.0,0.0,0
6,PAYMENT,6445.27,0.0,0.0,0.0,0.0,0
6,CASH_IN,93355.27,30333.0,123688.27,0.0,0.0,0
6,PAYMENT,5580.15,123688.27,118108.12,0.0,0.0,0
6,PAYMENT,11192.72,104417.0,93224.28,0.0,0.0,0
6,PAYMENT,18540.96,20939.0,2398.04,0.0,0.0,0
6,PAYMENT,32012.74,388356.0,356343.26,0.0,0.0,0
6,PAYMENT,5393.37,567.0,0.0,0.0,0.0,0
6,PAYMENT,30042.12,116420.0,86377.88,0.0,0.0,0
6,PAYMENT,34209.42,162.0,0.0,0.0,0.0,0
6,PAYMENT,11436.26,0.0,0.0,0.0,0.0,0
6,PAYMENT,20463.42,720.0,0.0,0.0,0.0,0
6,PAYMENT,8191.6,14584.0,6392.4,0.0,0.0,0
6,PAYMENT,3648.44,9984.0,6335.56,0.0,0.0,0
6,PAYMENT,5469.25,30.0,0.0,0.0,0.0,0
6,PAYMENT,21248.82,31686.0,10437.18,0.0,0.0,0
6,PAYMENT,1936.85,10437.18,8500.33,0.0,0.0,0
6,PAYMENT,18083.03,9575.0,0.0,0.0,0.0,0
6,PAYMENT,1819.34,0.0,0.0,0.0,0.0,0
6,PAYMENT,7302.26,20869.0,13566.74,0.0,0.0,0
6,PAYMENT,28260.77,10993.0,0.0,0.0,0.0,0
6,PAYMENT,5815.23,23701.0,17885.77,0.0,0.0,0
6,TRANSFER,118172.98,2229.0,0.0,0.0,70485.36,0
6,PAYMENT,25765.4,198066.0,172300.6,0.0,0.0,0
6,PAYMENT,5655.12,19715.0,14059.88,0.0,0.0,0
6,PAYMENT,565.14,14059.88,13494.74,0.0,0.0,0
6,PAYMENT,1056.8,24844.0,23787.2,0.0,0.0,0
6,PAYMENT,243.62,12094.0,11850.38,0.0,0.0,0
6,PAYMENT,7712.64,26720.0,19007.36,0.0,0.0,0
6,PAYMENT,18726.7,542.0,0.0,0.0,0.0,0
6,PAYMENT,20123.79,371618.0,351494.21,0.0,0.0,0
6,PAYMENT,12703.55,25403.0,12699.45,0.0,0.0,0
6,PAYMENT,4424.31,405068.0,400643.69,0.0,0.0,0
6,PAYMENT,51752.59,173.0,0.0,0.0,0.0,0
6,TRANSFER,627010.99,0.0,0.0,4522760.62,8245234.16,0
6,TRANSFER,267962.57,0.0,0.0,347164.0,271152.52,0
6,PAYMENT,17172.65,5065.0,0.0,0.0,0.0,0
6,PAYMENT,8481.77,22321.0,13839.23,0.0,0.0,0
6,PAYMENT,3829.0,562.0,0.0,0.0,0.0,0
6,CASH_OUT,139845.98,0.0,0.0,158028.52,6192.55,0
6,PAYMENT,9270.64,33725.0,24454.36,0.0,0.0,0
6,PAYMENT,5912.08,6093.0,180.92,0.0,0.0,0
6,CASH_OUT,191894.78,180.92,0.0,944225.12,2315350.49,0
6,CASH_OUT,69603.22,0.0,0.0,217562.01,2274476.83,0
6,PAYMENT,1537.12,22494.0,20956.88,0.0,0.0,0
6,TRANSFER,140243.54,832.0,0.0,0.0,306213.48,0
6,PAYMENT,7237.74,0.0,0.0,0.0,0.0,0
6,PAYMENT,14883.76,0.0,0.0,0.0,0.0,0
6,PAYMENT,17596.24,0.0,0.0,0.0,0.0,0
6,PAYMENT,8017.96,0.0,0.0,0.0,0.0,0
6,PAYMENT,4738.4,0.0,0.0,0.0,0.0,0
6,PAYMENT,10438.03,0.0,0.0,0.0,0.0,0
6,PAYMENT,45923.16,0.0,0.0,0.0,0.0,0
6,PAYMENT,14479.12,0.0,0.0,0.0,0.0,0
6,PAYMENT,16906.99,0.0,0.0,0.0,0.0,0
6,PAYMENT,5435.22,0.0,0.0,0.0,0.0,0
6,PAYMENT,23795.0,0.0,0.0,0.0,0.0,0
6,PAYMENT,1861.63,0.0,0.0,0.0,0.0,0
6,PAYMENT,6185.83,0.0,0.0,0.0,0.0,0
6,PAYMENT,10701.92,52408.0,41706.08,0.0,0.0,0
6,PAYMENT,20667.76,30880.0,10212.24,0.0,0.0,0
6,PAYMENT,13268.31,861.0,0.0,0.0,0.0,0
6,PAYMENT,1143.34,21890.0,20746.66,0.0,0.0,0
6,PAYMENT,7658.66,31676.0,24017.34,0.0,0.0,0
6,PAYMENT,3494.07,30921.0,27426.93,0.0,0.0,0
6,PAYMENT,8534.32,10845.0,2310.68,0.0,0.0,0
6,PAYMENT,7994.53,2310.68,0.0,0.0,0.0,0
6,PAYMENT,12770.33,11547.0,0.0,0.0,0.0,0
6,DEBIT,3340.01,20051.0,16710.99,36991.08,22269.36,0
6,PAYMENT,20206.61,10494.0,0.0,0.0,0.0,0
6,PAYMENT,14199.19,631.0,0.0,0.0,0.0,0
6,PAYMENT,18557.06,18956.0,398.94,0.0,0.0,0
6,PAYMENT,19914.62,147930.0,128015.38,0.0,0.0,0
6,PAYMENT,11184.15,5027.0,0.0,0.0,0.0,0
6,PAYMENT,6854.54,0.0,0.0,0.0,0.0,0
6,PAYMENT,6736.46,205056.0,198319.54,0.0,0.0,0
6,PAYMENT,21287.77,70528.0,49240.23,0.0,0.0,0
6,PAYMENT,18791.59,91248.0,72456.41,0.0,0.0,0
6,TRANSFER,381018.8,72456.41,0.0,9827546.97,10400000.0,0
6,TRANSFER,67316.99,0.0,0.0,195932.4,100207.22,0
6,TRANSFER,564301.75,0.0,0.0,13100000.0,15500000.0,0
6,TRANSFER,1221819.02,0.0,0.0,5149771.61,8245234.16,0
6,TRANSFER,340473.03,0.0,0.0,6371590.62,8245234.16,0
6,TRANSFER,1545681.21,0.0,0.0,16400000.0,17800000.0,0
6,TRANSFER,484328.78,0.0,0.0,579414.69,874685.77,0
6,TRANSFER,536060.03,0.0,0.0,6661385.87,9197383.11,0
6,TRANSFER,66860.4,0.0,0.0,609485.61,629441.42,0
6,TRANSFER,641213.85,0.0,0.0,6712063.65,8245234.16,0
6,TRANSFER,487039.74,0.0,0.0,1937267.2,5188539.32,0
6,TRANSFER,665949.93,0.0,0.0,5203102.94,5854252.35,0
6,TRANSFER,185325.96,20306.0,0.0,40900.93,226226.89,0
6,PAYMENT,8817.89,239680.0,230862.11,0.0,0.0,0
6,PAYMENT,3724.19,133160.0,129435.81,0.0,0.0,0
6,PAYMENT,7235.23,11350.0,4114.77,0.0,0.0,0
6,PAYMENT,3669.27,193.0,0.0,0.0,0.0,0
6,PAYMENT,10787.1,32933.0,22145.9,0.0,0.0,0
6,PAYMENT,16403.92,21404.0,5000.08,0.0,0.0,0
6,PAYMENT,22187.74,29962.0,7774.26,0.0,0.0,0
6,PAYMENT,25089.97,30409.0,5319.03,0.0,0.0,0
6,PAYMENT,4147.08,99001.0,94853.92,0.0,0.0,0
6,CASH_OUT,33275.35,94853.92,61578.57,86070.17,119345.51,0
6,PAYMENT,21137.84,51245.0,30107.16,0.0,0.0,0
6,PAYMENT,600.58,30107.16,29506.58,0.0,0.0,0
6,PAYMENT,332.52,322.0,0.0,0.0,0.0,0
6,CASH_OUT,196477.41,0.0,0.0,224064.0,565529.07,0
6,PAYMENT,578.57,7007.0,6428.43,0.0,0.0,0
6,PAYMENT,6469.74,126.0,0.0,0.0,0.0,0
6,PAYMENT,7959.49,0.0,0.0,0.0,0.0,0
6,PAYMENT,977.2,0.0,0.0,0.0,0.0,0
6,PAYMENT,8325.8,55592.0,47266.2,0.0,0.0,0
6,PAYMENT,10933.93,47266.2,36332.28,0.0,0.0,0
6,PAYMENT,2564.44,15256.0,12691.56,0.0,0.0,0
6,PAYMENT,29122.76,11408.0,0.0,0.0,0.0,0
6,PAYMENT,32013.7,30810.0,0.0,0.0,0.0,0
6,PAYMENT,13982.36,10404.0,0.0,0.0,0.0,0
6,PAYMENT,17110.72,59859.0,42748.28,0.0,0.0,0
6,PAYMENT,8912.09,21388.0,12475.91,0.0,0.0,0
6,PAYMENT,10019.61,16915.0,6895.39,0.0,0.0,0
6,PAYMENT,21033.18,325867.0,304833.82,0.0,0.0,0
6,PAYMENT,12174.55,30037.0,17862.45,0.0,0.0,0
6,PAYMENT,9352.62,20588.0,11235.38,0.0,0.0,0
6,PAYMENT,280.58,125235.0,124954.42,0.0,0.0,0
6,PAYMENT,13101.5,53057.0,39955.5,0.0,0.0,0
6,CASH_IN,143165.59,39955.5,183121.09,1010657.61,1515372.59,0
6,CASH_IN,344436.64,183121.09,527557.73,18000000.0,17800000.0,0
6,CASH_IN,291681.95,527557.73,819239.69,297874.5,6192.55,0
6,CASH_IN,341884.94,819239.69,1161124.63,856828.97,576353.3,0
6,CASH_IN,300026.34,1161124.63,1461150.97,398176.0,98149.66,0
6,CASH_IN,67248.4,1461150.97,1528399.36,157867.82,90619.43,0
6,CASH_IN,396205.76,1528399.36,1924605.13,13000000.0,12800000.0,0
6,CASH_IN,7159.95,1924605.13,1931765.07,15135.0,0.0,0
6,CASH_IN,243542.61,1931765.07,2175307.69,17600000.0,17800000.0,0
6,CASH_IN,233628.2,2175307.69,2408935.89,3288831.78,3382000.83,0
6,CASH_IN,424472.59,2408935.89,2833408.48,6515869.35,6739716.03,0
6,CASH_IN,120910.43,2833408.48,2833408.48,2833408.48,6703099.06,0
6,CASH_IN,220733.04,2833408.48,3054141.52,226834.0,6100.96,0
6,CASH_IN,69196.27,3054141.52,3123337.79,12700000.0,12800000.0,0
6,CASH_IN,138102.63,3123337.79,3261440.41,247029.0,22090.43,0
6,CASH_IN,249043.84,3261440.41,3510484.26,646196.83,575658.59,0
6,CASH_IN,282900.93,3510484.26,3793385.18,412338.76,90698.78,0
6,CASH_IN,224547.42,3793385.18,4017932.6,2490718.59,3871016.4,0
6,CASH_IN,114381.77,4017932.6,4132314.38,652770.01,9113630.99,0
6,CASH_IN,87371.77,4132314.38,4219686.15,204653.87,61676.39,0
6,CASH_IN,4518.64,4219686.15,4224204.79,10034.0,0.0,0
6,CASH_IN,96300.34,4224204.79,4320505.13,425810.46,160101.66,0
6,CASH_IN,106019.41,4320505.13,4426524.54,287335.0,205908.67,0
6,CASH_IN,14768.26,4426524.54,4441292.8,6227828.76,5954556.4,0
6,CASH_IN,434517.44,4441292.8,4875810.25,7212719.44,6778202.0,0
6,CASH_IN,8887.01,4875810.25,4884697.26,15112.0,0.0,0
6,CASH_IN,95670.52,4884697.26,4980367.78,12400000.0,13400000.0,0
6,CASH_IN,588327.76,4980367.78,5568695.54,962737.6,847149.78,0
6,CASH_IN,290002.35,5568695.54,5858697.89,652290.45,277219.24,0
6,PAYMENT,1161.92,53009.0,51847.08,0.0,0.0,0
6,DEBIT,7821.8,19353.0,11531.2,103160.0,110981.8,0
6,PAYMENT,8567.57,90854.0,82286.43,0.0,0.0,0
6,PAYMENT,38755.91,11603.0,0.0,0.0,0.0,0
6,PAYMENT,29426.86,100614.0,71187.14,0.0,0.0,0
6,PAYMENT,22020.95,72916.0,50895.05,0.0,0.0,0
6,TRANSFER,225464.91,103559.0,0.0,81276.96,542942.3,0
6,PAYMENT,32189.93,214372.0,182182.07,0.0,0.0,0
6,PAYMENT,9557.31,216577.0,207019.69,0.0,0.0,0
6,PAYMENT,9313.43,20988.0,11674.57,0.0,0.0,0
6,PAYMENT,24261.25,6092.0,0.0,0.0,0.0,0
6,PAYMENT,7876.6,0.0,0.0,0.0,0.0,0
6,PAYMENT,4103.11,0.0,0.0,0.0,0.0,0
6,PAYMENT,50747.77,0.0,0.0,0.0,0.0,0
6,PAYMENT,24417.76,0.0,0.0,0.0,0.0,0
6,PAYMENT,34389.04,0.0,0.0,0.0,0.0,0
6,PAYMENT,4856.8,0.0,0.0,0.0,0.0,0
6,PAYMENT,25388.91,0.0,0.0,0.0,0.0,0
6,PAYMENT,8564.52,0.0,0.0,0.0,0.0,0
6,PAYMENT,7605.58,0.0,0.0,0.0,0.0,0
6,PAYMENT,7798.05,0.0,0.0,0.0,0.0,0
6,PAYMENT,4276.93,0.0,0.0,0.0,0.0,0
6,PAYMENT,6034.16,0.0,0.0,0.0,0.0,0
6,PAYMENT,21300.1,0.0,0.0,0.0,0.0,0
6,PAYMENT,9470.18,0.0,0.0,0.0,0.0,0
6,PAYMENT,21719.62,0.0,0.0,0.0,0.0,0
6,PAYMENT,2186.82,0.0,0.0,0.0,0.0,0
6,PAYMENT,9170.0,0.0,0.0,0.0,0.0,0
6,PAYMENT,2471.23,0.0,0.0,0.0,0.0,0
6,PAYMENT,3850.05,0.0,0.0,0.0,0.0,0
6,PAYMENT,2496.08,0.0,0.0,0.0,0.0,0
6,PAYMENT,4084.11,0.0,0.0,0.0,0.0,0
6,PAYMENT,9158.69,0.0,0.0,0.0,0.0,0
6,PAYMENT,3118.24,0.0,0.0,0.0,0.0,0
6,PAYMENT,6119.49,0.0,0.0,0.0,0.0,0
6,PAYMENT,9474.34,22435.0,12960.66,0.0,0.0,0
6,PAYMENT,2006.1,202.0,0.0,0.0,0.0,0
6,PAYMENT,33019.3,5677.0,0.0,0.0,0.0,0
6,TRANSFER,130145.62,14281.0,0.0,55974.56,189573.05,0
6,PAYMENT,8640.07,0.0,0.0,0.0,0.0,0
6,PAYMENT,25691.16,43605.0,17913.84,0.0,0.0,0
6,PAYMENT,11971.97,141440.0,129468.03,0.0,0.0,0
6,PAYMENT,35551.62,196.0,0.0,0.0,0.0,0
6,PAYMENT,1695.69,0.0,0.0,0.0,0.0,0
6,PAYMENT,2933.1,0.0,0.0,0.0,0.0,0
6,PAYMENT,4357.61,40222.0,35864.39,0.0,0.0,0
6,TRANSFER,62574.57,16751.0,0.0,0.0,105984.74,0
6,PAYMENT,14432.84,0.0,0.0,0.0,0.0,0
6,PAYMENT,4699.12,20783.0,16083.88,0.0,0.0,0
6,CASH_OUT,11950.98,16083.88,4132.9,615126.57,271152.52,0
6,PAYMENT,8927.92,21381.0,12453.08,0.0,0.0,0
6,PAYMENT,1667.26,31035.0,29367.74,0.0,0.0,0
6,PAYMENT,669.31,10378.0,9708.69,0.0,0.0,0
6,PAYMENT,4204.86,9708.69,5503.83,0.0,0.0,0
6,PAYMENT,17263.06,36692.0,19428.94,0.0,0.0,0
6,PAYMENT,16865.33,2592.0,0.0,0.0,0.0,0
6,PAYMENT,19937.81,276.0,0.0,0.0,0.0,0
6,CASH_IN,289490.08,0.0,289490.08,14100000.0,14000000.0,0
6,CASH_IN,302849.01,289490.08,592339.09,3678302.15,4654237.15,0
6,CASH_IN,107980.36,592339.09,700319.45,235617.37,211963.2,0
6,CASH_IN,139999.7,700319.45,840319.15,8743280.64,9563426.09,0
6,CASH_IN,441551.13,840319.15,1281870.28,4313939.72,3284714.1,0
6,CASH_IN,18061.72,1281870.28,1299932.01,40331.09,22269.36,0
6,CASH_IN,57520.64,1299932.01,1357452.65,218490.0,41304.43,0
6,CASH_IN,44668.48,1357452.65,1402121.13,2266171.17,3871016.4,0
6,CASH_IN,251401.67,1402121.13,1653522.79,5858697.89,6703099.06,0
6,CASH_IN,176065.68,1653522.79,1829588.47,8016369.59,7468357.55,0
6,CASH_IN,112251.47,1829588.47,1941839.95,5869052.87,5854252.35,0
6,CASH_IN,182972.5,1941839.95,2124812.45,1735094.17,1848371.68,0
6,CASH_IN,60660.98,2124812.45,2185473.43,60891.0,0.0,0
6,CASH_IN,98946.99,2185473.43,2284420.42,514944.03,576353.3,0
6,CASH_IN,130580.16,2284420.42,2415000.58,344985.0,498474.72,0
6,CASH_IN,112760.37,2415000.58,2527760.95,164021.0,0.0,0
6,CASH_IN,109513.36,2527760.95,2637274.31,768299.0,1391946.72,0
6,CASH_IN,515305.42,2637274.31,3152579.73,12300000.0,13400000.0,0
6,CASH_IN,256430.45,3152579.73,3409010.17,627077.54,271152.52,0
6,CASH_IN,202471.26,3409010.17,3611481.43,221997.05,19525.79,0
6,CASH_IN,49495.09,3611481.43,3660976.52,3055203.57,3382000.83,0
6,CASH_IN,91904.46,3660976.52,3752880.98,2424306.95,5188539.32,0
6,CASH_IN,91867.6,3752880.98,3844748.58,2332402.49,5188539.32,0
6,CASH_IN,25084.74,3844748.58,3869833.32,42105.0,17020.26,0
6,CASH_IN,132375.3,3869833.32,4002208.61,226198.62,93823.33,0
6,CASH_IN,239959.98,4002208.61,4242168.6,8603280.94,9563426.09,0
6,CASH_IN,224632.6,4242168.6,4466801.19,1888133.08,2554285.76,0
6,CASH_IN,100859.29,4466801.19,4567660.48,7435597.94,6724357.4,0
6,CASH_IN,153949.46,4567660.48,4721609.94,8363320.96,9563426.09,0
6,CASH_IN,239954.21,4721609.94,4961564.16,13600000.0,15500000.0,0
6,CASH_IN,214224.63,4961564.16,5175788.78,13400000.0,15500000.0,0
6,CASH_IN,176828.46,5175788.78,5352617.24,17400000.0,17800000.0,0
6,CASH_IN,163042.17,5352617.24,5515659.41,263249.39,100207.22,0
6,CASH_IN,68902.0,5515659.41,5584561.41,109779.08,40877.08,0
6,CASH_IN,174123.67,5584561.41,5758685.08,867492.02,1515372.59,0
6,CASH_IN,158435.92,5758685.08,5917121.0,17200000.0,17800000.0,0
6,CASH_IN,98239.33,5917121.0,6015360.33,418458.11,295284.85,0
6,CASH_IN,167835.47,6015360.33,6183195.8,237711.6,69876.14,0
6,CASH_IN,65214.03,6183195.8,6248409.83,118108.12,52894.1,0
6,CASH_IN,75225.41,6248409.83,6323635.24,190333.91,115108.49,0
6,CASH_IN,164319.6,6323635.24,6487954.84,7197445.9,9197383.11,0
6,CASH_IN,321219.34,6487954.84,6809174.18,1405554.64,1477358.35,0
6,CASH_IN,94628.7,6809174.18,6903802.87,94725.0,0.0,0
6,CASH_IN,164495.4,6903802.87,7068298.27,6213060.5,5954556.4,0
6,CASH_IN,162478.57,7068298.27,7230776.84,7840303.91,7468357.55,0
6,CASH_IN,51136.63,7230776.84,7281913.46,275036.82,618730.52,0
6,CASH_IN,47687.62,7281913.46,7329601.08,118172.98,70485.36,0
6,CASH_IN,5264.04,7329601.08,7334865.12,7800.55,2536.51,0
6,CASH_IN,85068.86,7334865.12,7419933.98,362288.1,277219.24,0
6,CASH_IN,133785.78,7419933.98,7553719.76,1589065.96,2941514.43,0
6,CASH_IN,192005.11,7553719.76,7553719.76,7553719.76,11400000.0,0
6,CASH_IN,42765.11,7553719.76,7596484.86,179651.4,136886.29,0
6,CASH_IN,86835.95,7596484.86,7683320.81,108926.37,22090.43,0
6,CASH_IN,55605.71,7683320.81,7738926.52,117282.1,61676.39,0
6,PAYMENT,17757.06,21802.0,4044.94,0.0,0.0,0
6,PAYMENT,21695.54,79440.0,57744.46,0.0,0.0,0
6,PAYMENT,28306.8,17488.0,0.0,0.0,0.0,0
6,CASH_IN,221325.69,3130.0,224455.69,2167.32,0.0,0
6,PAYMENT,9690.1,49685.0,39994.9,0.0,0.0,0
6,TRANSFER,436099.98,230.02,0.0,0.0,658963.55,0
6,PAYMENT,1485.32,0.0,0.0,0.0,0.0,0
6,PAYMENT,13193.64,6035.0,0.0,0.0,0.0,0
6,PAYMENT,8945.23,0.0,0.0,0.0,0.0,0
6,PAYMENT,6846.62,11176.0,4329.38,0.0,0.0,0
6,PAYMENT,4315.05,4329.38,14.33,0.0,0.0,0
6,PAYMENT,5023.42,25574.0,20550.58,0.0,0.0,0
6,PAYMENT,11985.99,199406.0,187420.01,0.0,0.0,0
6,PAYMENT,233.28,98837.0,98603.72,0.0,0.0,0
6,PAYMENT,13737.03,687467.0,673729.97,0.0,0.0,0
6,PAYMENT,30269.19,67241.0,36971.81,0.0,0.0,0
6,PAYMENT,4419.68,741.0,0.0,0.0,0.0,0
6,PAYMENT,12757.0,478.0,0.0,0.0,0.0,0
6,PAYMENT,32087.48,16876.0,0.0,0.0,0.0,0
6,PAYMENT,5885.13,13147.0,7261.87,0.0,0.0,0
6,PAYMENT,6742.04,26102.0,19359.96,0.0,0.0,0
6,PAYMENT,23869.55,61978.0,38108.45,0.0,0.0,0
6,TRANSFER,19496.78,12256.0,0.0,17666.19,37162.97,0
6,TRANSFER,165344.97,15818.0,0.0,0.0,165344.97,0
6,PAYMENT,7193.03,21448.0,14254.97,0.0,0.0,0
6,PAYMENT,18266.81,14254.97,0.0,0.0,0.0,0
6,PAYMENT,16396.14,27740.0,11343.86,0.0,0.0,0
6,PAYMENT,4218.37,11343.86,7125.49,0.0,0.0,0
6,PAYMENT,23704.62,19863.0,0.0,0.0,0.0,0
6,PAYMENT,8527.96,0.0,0.0,0.0,0.0,0
6,PAYMENT,3704.47,37684.0,33979.53,0.0,0.0,0
6,CASH_OUT,148971.75,33979.53,0.0,287165.23,2274476.83,0
6,CASH_IN,385890.6,4322.0,390212.6,55452.0,0.0,0
6,PAYMENT,32168.72,559.0,0.0,0.0,0.0,0
6,PAYMENT,28369.96,66292.0,37922.04,0.0,0.0,0
6,CASH_OUT,8013.4,37922.04,29908.64,98714.61,58452.12,0
6,PAYMENT,28410.56,6209.0,0.0,0.0,0.0,0
6,PAYMENT,6909.4,50799.0,43889.6,0.0,0.0,0
6,PAYMENT,13275.38,35.0,0.0,0.0,0.0,0
6,TRANSFER,326538.62,6576.0,0.0,1122.0,0.0,0
6,PAYMENT,11124.47,30085.0,18960.53,0.0,0.0,0
6,PAYMENT,19481.86,8994.0,0.0,0.0,0.0,0
6,PAYMENT,7771.86,24428.0,16656.14,0.0,0.0,0
6,PAYMENT,3249.87,262048.0,258798.13,0.0,0.0,0
6,PAYMENT,24487.72,31038.0,6550.28,0.0,0.0,0
6,PAYMENT,9976.7,47870.0,37893.3,0.0,0.0,0
6,PAYMENT,14427.16,1552.0,0.0,0.0,0.0,0
6,PAYMENT,25203.75,172432.0,147228.25,0.0,0.0,0
6,PAYMENT,11637.06,50070.0,38432.94,0.0,0.0,0
6,PAYMENT,10656.7,38432.94,27776.24,0.0,0.0,0
6,PAYMENT,23224.89,30779.0,7554.11,0.0,0.0,0
6,TRANSFER,61464.3,96.3,0.0,0.0,61464.3,0
6,PAYMENT,741.93,0.0,0.0,0.0,0.0,0
6,PAYMENT,14002.93,0.0,0.0,0.0,0.0,0
6,PAYMENT,6284.58,0.0,0.0,0.0,0.0,0
6,PAYMENT,4349.35,0.0,0.0,0.0,0.0,0
6,PAYMENT,9598.37,0.0,0.0,0.0,0.0,0
6,PAYMENT,5948.05,0.0,0.0,0.0,0.0,0
6,PAYMENT,13098.63,0.0,0.0,0.0,0.0,0
6,PAYMENT,12518.6,0.0,0.0,0.0,0.0,0
6,PAYMENT,6430.69,0.0,0.0,0.0,0.0,0
6,PAYMENT,11701.16,0.0,0.0,0.0,0.0,0
6,PAYMENT,15960.23,0.0,0.0,0.0,0.0,0
6,PAYMENT,1814.72,21216.0,19401.28,0.0,0.0,0
6,TRANSFER,296250.01,19401.28,0.0,1552121.67,1848371.68,0
6,TRANSFER,1394793.88,0.0,0.0,13200000.0,15500000.0,0
6,TRANSFER,495294.14,0.0,0.0,2808555.73,5312631.16,0
6,TRANSFER,1095802.84,0.0,0.0,5607296.22,6703099.06,0
6,TRANSFER,1408829.48,0.0,0.0,2240534.89,5188539.32,0
6,TRANSFER,704242.78,0.0,0.0,3375453.14,4654237.15,0
6,TRANSFER,2025330.83,0.0,0.0,13000000.0,15900000.0,0
6,TRANSFER,1488547.68,0.0,0.0,5037279.0,6525826.68,0
6,TRANSFER,604786.9,0.0,0.0,7353277.5,8245234.16,0
6,TRANSFER,723954.54,0.0,0.0,4429394.13,4766045.33,0
6,TRANSFER,442131.61,0.0,0.0,6091396.76,6739716.03,0
6,TRANSFER,1627438.13,0.0,0.0,3303849.88,5312631.16,0
6,TRANSFER,921268.93,0.0,0.0,4079695.93,4654237.15,0
6,TRANSFER,184917.64,0.0,0.0,229142.92,546224.26,0
6,TRANSFER,110132.46,0.0,0.0,1084335.3,1477358.35,0
6,TRANSFER,30965.98,0.0,0.0,165942.0,96646.3,0
6,TRANSFER,171092.94,181083.0,9990.06,29506.58,100540.36,0
6,PAYMENT,5760.17,356.0,0.0,0.0,0.0,0
6,PAYMENT,5335.39,26813.0,21477.61,0.0,0.0,0
6,PAYMENT,14392.6,10073.0,0.0,0.0,0.0,0
6,PAYMENT,6926.11,0.0,0.0,0.0,0.0,0
6,PAYMENT,7141.83,0.0,0.0,0.0,0.0,0
6,DEBIT,2762.82,119291.0,116528.18,55662.0,12421.94,0
6,PAYMENT,8147.82,10316.0,2168.18,0.0,0.0,0
6,PAYMENT,6869.52,322.0,0.0,0.0,0.0,0
6,TRANSFER,296908.68,294.0,0.0,1048.0,297956.68,0
6,PAYMENT,6342.6,658785.64,652443.04,0.0,0.0,0
6,PAYMENT,2896.73,652443.04,649546.31,0.0,0.0,0
6,PAYMENT,33416.51,51730.0,18313.49,0.0,0.0,0
6,TRANSFER,225055.89,11200.0,0.0,0.0,409735.86,0
6,PAYMENT,14639.45,20827.0,6187.55,0.0,0.0,0
6,PAYMENT,23041.84,845.0,0.0,0.0,0.0,0
6,PAYMENT,6104.22,0.0,0.0,0.0,0.0,0
6,PAYMENT,11149.55,29535.0,18385.45,0.0,0.0,0
6,PAYMENT,10302.69,11663.0,1360.31,0.0,0.0,0
6,PAYMENT,21985.63,5075.0,0.0,0.0,0.0,0
6,PAYMENT,2964.71,1729.0,0.0,0.0,0.0,0
6,PAYMENT,8659.19,91927.0,83267.81,0.0,0.0,0
6,PAYMENT,46856.97,9170.0,0.0,0.0,0.0,0
6,PAYMENT,7509.75,19592.0,12082.25,0.0,0.0,0
6,PAYMENT,6068.6,12082.25,6013.65,0.0,0.0,0
6,PAYMENT,13614.06,6013.65,0.0,0.0,0.0,0
6,PAYMENT,235.2,20603.0,20367.8,0.0,0.0,0
6,PAYMENT,9455.53,417748.0,408292.47,0.0,0.0,0
6,CASH_OUT,184931.14,408292.47,223361.33,214404.84,498474.72,0
6,PAYMENT,28115.43,368.0,0.0,0.0,0.0,0
6,PAYMENT,12249.43,0.0,0.0,0.0,0.0,0
6,PAYMENT,13309.49,16704.0,3394.51,0.0,0.0,0
6,PAYMENT,14335.52,399335.98,385000.46,0.0,0.0,0
6,PAYMENT,5487.19,385000.46,379513.27,0.0,0.0,0
6,PAYMENT,920.85,581.0,0.0,0.0,0.0,0
6,PAYMENT,1596.18,16488.0,14891.82,0.0,0.0,0
6,PAYMENT,12773.5,659.0,0.0,0.0,0.0,0
6,PAYMENT,16926.08,605.0,0.0,0.0,0.0,0
6,PAYMENT,18432.04,39293.0,20860.96,0.0,0.0,0
6,PAYMENT,10563.42,196907.98,186344.56,0.0,0.0,0
6,CASH_OUT,89698.27,186344.56,96646.3,3649364.37,5188539.32,0
6,PAYMENT,28409.89,17364.0,0.0,0.0,0.0,0
6,PAYMENT,32001.6,10270.0,0.0,0.0,0.0,0
6,PAYMENT,26345.29,147266.0,120920.71,0.0,0.0,0
6,PAYMENT,994.95,842.0,0.0,0.0,0.0,0
6,PAYMENT,9587.91,5265.0,0.0,0.0,0.0,0
6,PAYMENT,14643.37,31898.0,17254.63,0.0,0.0,0
6,PAYMENT,3354.28,44004.0,40649.72,0.0,0.0,0
6,PAYMENT,7459.42,9906.0,2446.58,0.0,0.0,0
6,PAYMENT,236.17,32051.0,31814.83,0.0,0.0,0
6,PAYMENT,435.66,29910.0,29474.34,0.0,0.0,0
6,PAYMENT,12937.75,14413.0,1475.25,0.0,0.0,0
6,PAYMENT,831.53,109.0,0.0,0.0,0.0,0
6,PAYMENT,10734.12,31449.0,20714.88,0.0,0.0,0
6,PAYMENT,6133.67,107035.0,100901.33,0.0,0.0,0
6,PAYMENT,3628.1,6013.0,2384.9,0.0,0.0,0
6,PAYMENT,17993.08,16930.0,0.0,0.0,0.0,0
6,PAYMENT,21335.25,50825.0,29489.75,0.0,0.0,0
6,PAYMENT,16812.61,10220.0,0.0,0.0,0.0,0
6,PAYMENT,3259.72,0.0,0.0,0.0,0.0,0
6,PAYMENT,4749.74,18407.0,13657.26,0.0,0.0,0
6,PAYMENT,9696.11,13657.26,3961.15,0.0,0.0,0
6,PAYMENT,18007.93,4940.0,0.0,0.0,0.0,0
6,DEBIT,3649.45,15598.0,11948.55,26488.54,30137.99,0
6,PAYMENT,7257.38,11586.0,4328.62,0.0,0.0,0
6,PAYMENT,5348.94,62104.0,56755.06,0.0,0.0,0
6,CASH_OUT,6683.95,56755.06,50071.11,20171.92,26855.87,0
6,PAYMENT,1700.47,47252.0,45551.53,0.0,0.0,0
6,PAYMENT,12293.9,801.0,0.0,0.0,0.0,0
6,PAYMENT,2621.13,0.0,0.0,0.0,0.0,0
6,PAYMENT,11342.04,0.0,0.0,0.0,0.0,0
6,TRANSFER,102506.97,14434.0,0.0,14472.0,116978.97,0
6,PAYMENT,41853.65,23235.0,0.0,0.0,0.0,0
6,PAYMENT,15584.63,347604.0,332019.37,0.0,0.0,0
6,PAYMENT,25224.88,33252.0,8027.12,0.0,0.0,0
6,PAYMENT,3875.51,8027.12,4151.61,0.0,0.0,0
6,PAYMENT,11420.91,17450.0,6029.09,0.0,0.0,0
6,PAYMENT,16418.78,16619.0,200.22,0.0,0.0,0
6,PAYMENT,37311.65,39427.0,2115.35,0.0,0.0,0
6,CASH_OUT,49350.98,2115.35,0.0,6712988.42,6760548.76,0
6,PAYMENT,10529.72,99016.0,88486.28,0.0,0.0,0
6,PAYMENT,9292.35,1609.0,0.0,0.0,0.0,0
6,PAYMENT,3392.46,16627.0,13234.54,0.0,0.0,0
6,TRANSFER,18554.73,1018.0,0.0,0.0,18554.73,0
6,PAYMENT,8453.39,24224.0,15770.61,0.0,0.0,0
6,PAYMENT,8363.92,16319.0,7955.08,0.0,0.0,0
6,PAYMENT,6931.4,168.0,0.0,0.0,0.0,0
6,PAYMENT,13992.76,10536.0,0.0,0.0,0.0,0
6,PAYMENT,11829.72,0.0,0.0,0.0,0.0,0
6,PAYMENT,3334.03,103243.0,99908.97,0.0,0.0,0
6,PAYMENT,11621.62,66392.0,54770.38,0.0,0.0,0
6,PAYMENT,3101.99,54770.38,51668.4,0.0,0.0,0
6,PAYMENT,22976.16,51668.4,28692.23,0.0,0.0,0
6,TRANSFER,157635.81,15973.0,0.0,0.0,157635.81,0
6,PAYMENT,10827.05,19307.0,8479.95,0.0,0.0,0
6,TRANSFER,368444.96,125506.0,0.0,0.0,314262.63,0
6,PAYMENT,32339.19,421.0,0.0,0.0,0.0,0
6,PAYMENT,18046.34,78685.0,60638.66,0.0,0.0,0
6,TRANSFER,218698.72,28177.0,0.0,12600000.0,12800000.0,0
6,PAYMENT,13742.28,0.0,0.0,0.0,0.0,0
6,PAYMENT,11506.17,206846.0,195339.83,0.0,0.0,0
6,PAYMENT,5976.69,69983.0,64006.31,0.0,0.0,0
6,PAYMENT,16056.03,64006.31,47950.28,0.0,0.0,0
6,PAYMENT,12743.43,26373.0,13629.57,0.0,0.0,0
6,PAYMENT,35236.35,21026.0,0.0,0.0,0.0,0
6,PAYMENT,27595.56,64334.86,36739.3,0.0,0.0,0
6,TRANSFER,412579.72,36739.3,0.0,649546.31,1391946.72,0
6,TRANSFER,113782.9,0.0,0.0,7738926.52,11400000.0,0
6,TRANSFER,805550.98,0.0,0.0,2222960.7,3105859.14,0
6,TRANSFER,168867.61,0.0,0.0,5756801.39,5854252.35,0
6,TRANSFER,1781452.87,0.0,0.0,11800000.0,13400000.0,0
6,TRANSFER,1490781.74,0.0,0.0,7107646.18,8598427.92,0
6,TRANSFER,1595612.93,0.0,0.0,2050861.47,3216387.7,0
6,TRANSFER,358736.5,0.0,0.0,7033126.3,9197383.11,0
6,TRANSFER,626070.45,0.0,0.0,3739062.64,5188539.32,0
6,TRANSFER,820399.29,0.0,0.0,7829762.55,10800000.0,0
6,TRANSFER,488338.66,0.0,0.0,17000000.0,17800000.0,0
6,TRANSFER,1168674.62,0.0,0.0,8209371.5,9563426.09,0
6,TRANSFER,934479.64,0.0,0.0,1136119.9,2315350.49,0
6,TRANSFER,258126.09,0.0,0.0,16900000.0,17300000.0,0
6,TRANSFER,98781.87,0.0,0.0,113718.0,89435.23,0
6,TRANSFER,204302.85,0.0,0.0,1062126.04,1391946.72,0
6,TRANSFER,205253.3,0.0,0.0,17100000.0,17300000.0,0
6,TRANSFER,833142.33,0.0,0.0,12800000.0,12800000.0,0
6,TRANSFER,126085.63,24478.0,0.0,0.0,66099.92,0
6,PAYMENT,5799.88,14310.0,8510.12,0.0,0.0,0
6,CASH_OUT,248203.85,8510.12,0.0,262374.4,805754.92,0
6,CASH_OUT,295176.67,0.0,0.0,510578.25,805754.92,0
6,PAYMENT,19027.76,152372.0,133344.24,0.0,0.0,0
6,DEBIT,3452.87,11320.0,7867.13,186120.18,189573.05,0
6,CASH_IN,99040.28,7867.13,106907.41,157769.0,58728.72,0
6,CASH_IN,114981.84,106907.41,221889.25,373495.09,94873.55,0
6,CASH_IN,300516.87,221889.25,522406.13,13600000.0,12800000.0,0
6,CASH_IN,9005.13,522406.13,531411.26,9672.67,667.54,0
6,CASH_IN,71416.65,531411.26,602827.91,5925669.0,5854252.35,0
6,CASH_IN,144858.21,602827.91,747686.12,8650161.83,10800000.0,0
6,PAYMENT,31337.01,55466.0,24128.99,0.0,0.0,0
6,PAYMENT,43920.58,107650.0,63729.42,0.0,0.0,0
6,PAYMENT,35758.01,206419.0,170660.99,0.0,0.0,0
6,PAYMENT,17896.02,7919.0,0.0,0.0,0.0,0
6,PAYMENT,8800.31,21772.0,12971.69,0.0,0.0,0
6,PAYMENT,552.85,12971.69,12418.84,0.0,0.0,0
6,PAYMENT,3952.88,15077.0,11124.12,0.0,0.0,0
6,PAYMENT,2855.16,11124.12,8268.96,0.0,0.0,0
6,PAYMENT,7371.23,11451.0,4079.77,0.0,0.0,0
6,PAYMENT,13080.98,60237.0,47156.02,0.0,0.0,0
6,PAYMENT,3799.78,47156.02,43356.24,0.0,0.0,0
6,PAYMENT,2563.99,160969.36,158405.36,0.0,0.0,0
6,CASH_OUT,98177.84,158405.36,60227.53,172958.83,17168.74,0
6,CASH_OUT,18923.09,60227.53,41304.43,82399.46,11058.04,0
6,PAYMENT,25484.25,542944.0,517459.75,0.0,0.0,0
6,PAYMENT,5998.69,79830.0,73831.31,0.0,0.0,0
6,PAYMENT,26255.27,65848.0,39592.73,0.0,0.0,0
6,CASH_OUT,142268.91,39592.73,0.0,6762339.4,6760548.76,0
6,PAYMENT,9087.23,15846.0,6758.77,0.0,0.0,0
6,TRANSFER,165969.93,102655.0,0.0,140243.54,306213.48,0
6,PAYMENT,2769.89,7765.0,4995.11,0.0,0.0,0
6,PAYMENT,6202.41,40208.0,34005.59,0.0,0.0,0
6,PAYMENT,13276.84,62018.0,48741.16,0.0,0.0,0
6,PAYMENT,15770.62,11116.0,0.0,0.0,0.0,0
6,PAYMENT,1653.29,0.0,0.0,0.0,0.0,0
6,PAYMENT,18661.6,0.0,0.0,0.0,0.0,0
6,PAYMENT,15353.55,11645.0,0.0,0.0,0.0,0
6,PAYMENT,6205.29,34204.0,27998.71,0.0,0.0,0
6,PAYMENT,14845.9,62808.0,47962.1,0.0,0.0,0
6,PAYMENT,7569.28,47962.1,40392.82,0.0,0.0,0
6,PAYMENT,24755.75,25058.0,302.25,0.0,0.0,0
6,PAYMENT,6574.18,687.0,0.0,0.0,0.0,0
6,CASH_OUT,244750.95,0.0,0.0,2070599.54,2315350.49,0
6,PAYMENT,14956.56,60268.0,45311.44,0.0,0.0,0
6,CASH_OUT,185379.97,45311.44,0.0,9378046.12,9563426.09,0
6,CASH_OUT,68264.98,0.0,0.0,166742.65,536621.22,0
6,CASH_OUT,9536.43,0.0,0.0,45129.71,54666.14,0
6,CASH_OUT,643767.43,0.0,0.0,10900000.0,11900000.0,0
6,CASH_OUT,482542.82,0.0,0.0,15100000.0,15900000.0,0
6,CASH_OUT,54095.79,0.0,0.0,676346.01,629441.42,0
6,CASH_OUT,248408.34,0.0,0.0,320218.78,295284.85,0
6,CASH_OUT,18979.27,0.0,0.0,28941.95,47921.23,0
6,CASH_OUT,49996.07,0.0,0.0,235007.63,536621.22,0
6,CASH_OUT,2657.5,0.0,0.0,60314.73,62972.23,0
6,CASH_OUT,547597.44,0.0,0.0,693368.35,1515372.59,0
6,CASH_OUT,86520.54,0.0,0.0,138323.94,0.0,0
6,PAYMENT,2642.23,14485.1,11842.88,0.0,0.0,0
6,PAYMENT,10070.84,11842.88,1772.04,0.0,0.0,0
6,TRANSFER,248826.61,40526.0,0.0,0.0,215582.32,0
6,TRANSFER,182524.92,66362.0,0.0,0.0,182524.92,0
6,PAYMENT,16791.74,417.0,0.0,0.0,0.0,0
6,PAYMENT,5105.25,6224.99,1119.74,0.0,0.0,0
6,PAYMENT,13688.99,1119.74,0.0,0.0,0.0,0
6,PAYMENT,5972.35,0.0,0.0,0.0,0.0,0
6,PAYMENT,7669.22,0.0,0.0,0.0,0.0,0
6,PAYMENT,5791.67,0.0,0.0,0.0,0.0,0
6,PAYMENT,16600.63,0.0,0.0,0.0,0.0,0
6,PAYMENT,2792.6,0.0,0.0,0.0,0.0,0
6,PAYMENT,17555.4,0.0,0.0,0.0,0.0,0
6,PAYMENT,4560.11,0.0,0.0,0.0,0.0,0
6,PAYMENT,8016.07,228776.0,220759.93,0.0,0.0,0
6,PAYMENT,2273.94,7975.05,5701.12,0.0,0.0,0
6,PAYMENT,7588.58,5701.12,0.0,0.0,0.0,0
6,PAYMENT,11758.27,112061.0,100302.73,0.0,0.0,0
6,PAYMENT,22688.2,426.0,0.0,0.0,0.0,0
6,PAYMENT,2908.53,11628.0,8719.47,0.0,0.0,0
6,PAYMENT,7897.18,9069.0,1171.82,0.0,0.0,0
6,PAYMENT,22344.15,14143.0,0.0,0.0,0.0,0
6,CASH_IN,318009.92,206609.0,524618.92,5153348.66,4766045.33,0
6,PAYMENT,5045.02,72566.0,67520.98,0.0,0.0,0
6,PAYMENT,27249.21,33318.0,6068.79,0.0,0.0,0
6,PAYMENT,10421.18,160520.0,150098.82,0.0,0.0,0
6,TRANSFER,50738.94,21230.0,0.0,74745.89,125484.83,0
6,PAYMENT,8886.57,125255.0,116368.43,0.0,0.0,0
6,CASH_OUT,148274.34,116368.43,0.0,7958064.39,8245234.16,0
6,PAYMENT,641.12,39797.0,39155.88,0.0,0.0,0
6,TRANSFER,252567.83,189.0,0.0,0.0,302931.44,0
6,PAYMENT,15964.7,13962.0,0.0,0.0,0.0,0
6,PAYMENT,9948.64,555.0,0.0,0.0,0.0,0
6,PAYMENT,13679.73,21343.0,7663.27,0.0,0.0,0
6,PAYMENT,295.78,5948.0,5652.22,0.0,0.0,0
6,PAYMENT,8090.16,18869.0,10778.84,0.0,0.0,0
6,PAYMENT,14996.91,598.0,0.0,0.0,0.0,0
6,CASH_OUT,44874.82,0.0,0.0,263201.31,308076.14,0
6,PAYMENT,1193.31,24674.0,23480.69,0.0,0.0,0
6,TRANSFER,1390432.94,23480.69,0.0,2221502.7,3871016.4,0
6,TRANSFER,1280020.98,0.0,0.0,13500000.0,16900000.0,0
6,PAYMENT,15088.92,31594.0,16505.08,0.0,0.0,0
6,PAYMENT,31984.61,29671.0,0.0,0.0,0.0,0
6,PAYMENT,27241.79,22388.0,0.0,0.0,0.0,0
6,PAYMENT,7941.27,0.0,0.0,0.0,0.0,0
6,PAYMENT,11097.96,52937.0,41839.04,0.0,0.0,0
6,PAYMENT,9231.25,207.0,0.0,0.0,0.0,0
6,PAYMENT,26539.83,929194.0,902654.17,0.0,0.0,0
6,PAYMENT,1796.01,3176.0,1379.99,0.0,0.0,0
6,PAYMENT,902.63,18936.0,18033.37,0.0,0.0,0
6,CASH_OUT,260604.69,18033.37,0.0,1663500.49,2554285.76,0
6,PAYMENT,27613.05,31455.0,3841.95,0.0,0.0,0
6,PAYMENT,8486.59,342733.0,334246.41,0.0,0.0,0
6,PAYMENT,20950.16,7678.0,0.0,0.0,0.0,0
6,PAYMENT,8737.34,0.0,0.0,0.0,0.0,0
6,PAYMENT,10158.08,11513.0,1354.92,0.0,0.0,0
6,PAYMENT,1942.26,1354.92,0.0,0.0,0.0,0
6,PAYMENT,19852.81,10089.0,0.0,0.0,0.0,0
6,PAYMENT,934.87,101.0,0.0,0.0,0.0,0
6,PAYMENT,3043.29,6051.0,3007.71,0.0,0.0,0
6,TRANSFER,66165.76,155.0,0.0,145254.0,701369.74,0
6,PAYMENT,11730.13,37225.0,25494.87,0.0,0.0,0
6,PAYMENT,1988.49,50116.0,48127.51,0.0,0.0,0
6,PAYMENT,8375.58,15397.0,7021.42,0.0,0.0,0
6,PAYMENT,32420.54,85118.0,52697.46,0.0,0.0,0
6,PAYMENT,17277.16,15629.0,0.0,0.0,0.0,0
6,PAYMENT,21208.42,40656.0,19447.58,0.0,0.0,0
6,PAYMENT,16592.88,105583.0,88990.12,0.0,0.0,0
6,TRANSFER,370171.43,88990.12,0.0,538388.23,9113630.99,0
6,PAYMENT,8527.67,35380.0,26852.33,0.0,0.0,0
6,PAYMENT,17104.6,5515.36,0.0,0.0,0.0,0
6,CASH_OUT,280481.6,0.0,0.0,17500000.0,17800000.0,0
6,CASH_OUT,122817.49,0.0,0.0,13800000.0,14000000.0,0
6,PAYMENT,16549.58,551.0,0.0,0.0,0.0,0
6,PAYMENT,19304.22,15345.0,0.0,0.0,0.0,0
6,TRANSFER,209374.09,0.0,0.0,1455280.18,2941514.43,0
6,PAYMENT,2187.35,48606.0,46418.65,0.0,0.0,0
6,TRANSFER,611049.17,46418.65,0.0,4365133.09,5188539.32,0
6,PAYMENT,646.63,430.0,0.0,0.0,0.0,0
6,PAYMENT,4062.42,125.0,0.0,0.0,0.0,0
6,PAYMENT,3997.02,41645.0,37647.98,0.0,0.0,0
6,PAYMENT,6092.79,19532.0,13439.21,0.0,0.0,0
6,PAYMENT,4126.67,13439.21,9312.54,0.0,0.0,0
6,PAYMENT,16103.22,9930.0,0.0,0.0,0.0,0
6,PAYMENT,686.96,212499.87,211812.91,0.0,0.0,0
6,CASH_OUT,122377.68,211812.91,89435.23,223900.19,618730.52,0
6,PAYMENT,12809.53,799724.0,786914.47,0.0,0.0,0
6,PAYMENT,30.06,786914.47,786884.41,0.0,0.0,0
6,TRANSFER,391057.91,627.0,0.0,0.0,582433.46,0
6,PAYMENT,327.97,224140.0,223812.03,0.0,0.0,0
6,TRANSFER,109985.65,41851.0,0.0,0.0,109985.65,0
6,PAYMENT,29478.3,26612.0,0.0,0.0,0.0,0
6,PAYMENT,7428.41,2265.0,0.0,0.0,0.0,0
6,TRANSFER,32925.72,22043.0,0.0,38277.84,108597.29,0
6,PAYMENT,6147.58,0.0,0.0,0.0,0.0,0
6,PAYMENT,4347.43,0.0,0.0,0.0,0.0,0
6,PAYMENT,8575.5,20845.0,12269.5,0.0,0.0,0
6,PAYMENT,15185.01,21560.0,6374.99,0.0,0.0,0
6,PAYMENT,5798.35,52103.0,46304.65,0.0,0.0,0
6,PAYMENT,23855.7,171.0,0.0,0.0,0.0,0
6,CASH_OUT,66999.61,74776.0,7776.39,5505.0,72504.61,0
6,DEBIT,3525.54,24708.0,21182.46,8617.02,12142.56,0
6,PAYMENT,12869.36,10958.0,0.0,0.0,0.0,0
6,PAYMENT,21864.82,5049.0,0.0,0.0,0.0,0
6,PAYMENT,8227.9,0.0,0.0,0.0,0.0,0
6,PAYMENT,9614.11,0.0,0.0,0.0,0.0,0
6,PAYMENT,18897.18,198244.0,179346.82,0.0,0.0,0
6,PAYMENT,13297.0,179346.82,166049.82,0.0,0.0,0
6,TRANSFER,53627.09,289.0,0.0,0.0,53627.09,0
6,PAYMENT,16123.97,4907.0,0.0,0.0,0.0,0
6,PAYMENT,1916.28,33036.0,31119.72,0.0,0.0,0
6,PAYMENT,11393.18,31119.72,19726.54,0.0,0.0,0
6,PAYMENT,13051.13,118256.0,105204.87,0.0,0.0,0
6,PAYMENT,27497.16,20867.0,0.0,0.0,0.0,0
6,PAYMENT,938.1,516345.0,515406.9,0.0,0.0,0
6,PAYMENT,7918.8,3116.0,0.0,0.0,0.0,0
6,PAYMENT,6921.69,57864.0,50942.31,0.0,0.0,0
6,PAYMENT,8466.11,51260.63,42794.52,0.0,0.0,0
6,CASH_OUT,129835.8,42794.52,0.0,15500000.0,15900000.0,0
6,CASH_OUT,37547.1,0.0,0.0,14600000.0,15500000.0,0
6,PAYMENT,28925.25,32330.0,3404.75,0.0,0.0,0
6,PAYMENT,12889.32,152109.0,139219.68,0.0,0.0,0
6,PAYMENT,4192.58,5989.0,1796.42,0.0,0.0,0
6,TRANSFER,4792.35,5088.0,295.65,0.0,4792.35,0
6,PAYMENT,20036.57,13279.0,0.0,0.0,0.0,0
6,TRANSFER,3849.48,99474.0,95624.52,64017.81,67867.28,0
6,PAYMENT,6964.22,312.0,0.0,0.0,0.0,0
6,PAYMENT,20530.57,1554.0,0.0,0.0,0.0,0
6,TRANSFER,65843.72,0.0,0.0,252567.83,302931.44,0
6,TRANSFER,1657667.44,0.0,0.0,7852709.43,11400000.0,0
6,PAYMENT,21693.79,30471.0,8777.21,0.0,0.0,0
6,CASH_IN,284459.99,15790.0,300249.99,50017.0,0.0,0
6,CASH_IN,305475.51,99105.0,404580.51,431707.61,126232.09,0
6,PAYMENT,18256.2,2778.0,0.0,0.0,0.0,0
6,CASH_IN,219369.77,0.0,219369.77,13500000.0,13400000.0,0
6,CASH_IN,257380.58,219369.77,476750.34,3872388.59,3284714.1,0
6,DEBIT,1135.09,9051.0,7915.91,5656.0,6791.09,0
6,PAYMENT,8603.1,9147.0,543.9,0.0,0.0,0
6,PAYMENT,501.27,214.0,0.0,0.0,0.0,0
6,PAYMENT,6804.77,8586.0,1781.23,0.0,0.0,0
6,PAYMENT,1059.81,1781.23,721.42,0.0,0.0,0
6,PAYMENT,4283.98,101416.0,97132.02,0.0,0.0,0
6,PAYMENT,230.13,49949.0,49718.87,0.0,0.0,0
6,PAYMENT,17482.76,46343.0,28860.24,0.0,0.0,0
6,PAYMENT,10665.1,13112.0,2446.9,0.0,0.0,0
6,PAYMENT,25627.15,420541.41,394914.25,0.0,0.0,0
6,PAYMENT,9957.91,394914.25,384956.34,0.0,0.0,0
6,PAYMENT,13527.67,423417.0,409889.33,0.0,0.0,0
6,PAYMENT,15734.0,10160.0,0.0,0.0,0.0,0
6,PAYMENT,20910.03,267.0,0.0,0.0,0.0,0
6,PAYMENT,8794.79,10792.0,1997.21,0.0,0.0,0
6,PAYMENT,13472.81,1997.21,0.0,0.0,0.0,0
6,PAYMENT,9381.55,0.0,0.0,0.0,0.0,0
6,PAYMENT,8793.16,836517.0,827723.84,0.0,0.0,0
6,PAYMENT,1217.22,52711.0,51493.78,0.0,0.0,0
6,PAYMENT,125.6,146583.0,146457.4,0.0,0.0,0
6,PAYMENT,13604.0,981.0,0.0,0.0,0.0,0
6,PAYMENT,9899.27,53869.0,43969.73,0.0,0.0,0
6,PAYMENT,22206.33,2280.0,0.0,0.0,0.0,0
6,PAYMENT,30807.35,21714.0,0.0,0.0,0.0,0
6,PAYMENT,12738.66,0.0,0.0,0.0,0.0,0
6,PAYMENT,8349.68,15004.0,6654.32,0.0,0.0,0
6,PAYMENT,2156.86,6654.32,4497.46,0.0,0.0,0
6,DEBIT,1322.22,0.0,0.0,5468321.58,5950433.65,0
6,TRANSFER,587264.44,0.0,0.0,908559.66,9113630.99,0
6,PAYMENT,624.02,3853.0,3228.98,0.0,0.0,0
6,PAYMENT,1747.13,3228.98,1481.85,0.0,0.0,0
6,PAYMENT,21795.98,378.0,0.0,0.0,0.0,0
6,PAYMENT,11329.53,11351.0,21.47,0.0,0.0,0
6,TRANSFER,21437.62,55634.0,34196.38,27776.24,49213.86,0
6,TRANSFER,128294.6,100228.0,0.0,15453.44,143748.04,0
6,PAYMENT,2916.14,15857.0,12940.86,0.0,0.0,0
6,PAYMENT,16461.41,12360.0,0.0,0.0,0.0,0
6,PAYMENT,6682.06,837.0,0.0,0.0,0.0,0
6,PAYMENT,13898.22,200547.0,186648.78,0.0,0.0,0
6,PAYMENT,2002.96,186648.78,184645.82,0.0,0.0,0
6,PAYMENT,3707.39,184645.82,180938.43,0.0,0.0,0
6,TRANSFER,106174.75,10563.0,0.0,25053.73,131228.48,0
6,PAYMENT,5735.28,450387.0,444651.72,0.0,0.0,0
6,TRANSFER,259992.93,42630.0,0.0,0.0,425769.98,0
6,PAYMENT,1399.52,5041.0,3641.48,0.0,0.0,0
6,TRANSFER,694967.26,3641.48,0.0,1266428.89,1391946.72,0
6,PAYMENT,7682.09,240.0,0.0,0.0,0.0,0
6,PAYMENT,2188.0,10314.0,8126.0,0.0,0.0,0
6,PAYMENT,20192.75,11250.0,0.0,0.0,0.0,0
6,PAYMENT,2654.07,6156.0,3501.93,0.0,0.0,0
6,PAYMENT,25708.21,43.0,0.0,0.0,0.0,0
6,PAYMENT,3175.28,5026.0,1850.72,0.0,0.0,0
6,PAYMENT,11136.27,49627.0,38490.73,0.0,0.0,0
6,DEBIT,1162.19,20845.0,19682.81,1664654.27,2941514.43,0
6,PAYMENT,24105.64,6072.0,0.0,0.0,0.0,0
6,PAYMENT,8618.23,15921.0,7302.77,0.0,0.0,0
6,PAYMENT,22571.41,197.0,0.0,0.0,0.0,0
6,PAYMENT,9644.43,21494.0,11849.57,0.0,0.0,0
6,PAYMENT,3130.97,8252.0,5121.03,0.0,0.0,0
6,PAYMENT,19471.74,41415.0,21943.26,0.0,0.0,0
6,PAYMENT,12249.78,23392.0,11142.22,0.0,0.0,0
6,PAYMENT,7390.28,98.0,0.0,0.0,0.0,0
6,TRANSFER,45447.1,156.0,0.0,46347.75,91794.85,0
6,CASH_IN,153670.12,20009.0,173679.12,36054.62,0.0,0
6,PAYMENT,9927.74,100341.0,90413.26,0.0,0.0,0
6,PAYMENT,951.0,50773.0,49822.0,0.0,0.0,0
6,PAYMENT,9083.33,240.0,0.0,0.0,0.0,0
6,CASH_OUT,376292.35,0.0,0.0,3005708.48,3382000.83,0
6,TRANSFER,30538.26,31324.0,785.74,177509.88,208048.14,0
6,CASH_OUT,169614.88,785.74,0.0,332349.29,345283.88,0
6,PAYMENT,11218.96,14802.0,3583.04,0.0,0.0,0
6,DEBIT,905.2,14746.0,13840.8,497904.0,404503.76,0
6,PAYMENT,4457.68,106706.0,102248.32,0.0,0.0,0
6,PAYMENT,2508.64,49907.0,47398.36,0.0,0.0,0
6,PAYMENT,2571.94,47398.36,44826.43,0.0,0.0,0
6,PAYMENT,16998.22,181805.0,164806.78,0.0,0.0,0
6,PAYMENT,170.22,164806.78,164636.56,0.0,0.0,0
6,PAYMENT,10460.53,21354.0,10893.47,0.0,0.0,0
6,PAYMENT,9909.88,528.0,0.0,0.0,0.0,0
6,PAYMENT,32064.62,52933.0,20868.38,0.0,0.0,0
6,CASH_OUT,37393.74,20868.38,0.0,71203.56,108597.29,0
6,PAYMENT,5570.02,9022.0,3451.98,0.0,0.0,0
6,PAYMENT,10541.14,20551.0,10009.86,0.0,0.0,0
6,PAYMENT,6559.64,46153.0,39593.36,0.0,0.0,0
6,PAYMENT,4570.77,62093.0,57522.23,0.0,0.0,0
6,CASH_OUT,228693.31,30003.0,0.0,17515.23,246208.54,0
6,DEBIT,3466.15,202636.0,199169.85,181315.59,205908.67,0
6,PAYMENT,795.78,199169.85,198374.07,0.0,0.0,0
6,TRANSFER,98830.07,498809.2,399979.13,49864.36,148694.43,0
6,PAYMENT,7930.71,399979.13,392048.42,0.0,0.0,0
6,PAYMENT,12692.77,392048.42,379355.65,0.0,0.0,0
6,PAYMENT,33410.82,379355.65,345944.83,0.0,0.0,0
6,PAYMENT,12077.53,345944.83,333867.3,0.0,0.0,0
6,PAYMENT,7377.42,333867.3,326489.88,0.0,0.0,0
6,PAYMENT,44542.15,326489.88,281947.73,0.0,0.0,0
6,PAYMENT,8802.64,281947.73,273145.1,0.0,0.0,0
6,PAYMENT,10335.09,273145.1,262810.01,0.0,0.0,0
6,PAYMENT,10288.63,262810.01,252521.38,0.0,0.0,0
6,PAYMENT,17202.8,252521.38,235318.58,0.0,0.0,0
6,PAYMENT,25828.32,235318.58,209490.26,0.0,0.0,0
6,PAYMENT,4669.49,209490.26,204820.77,0.0,0.0,0
6,PAYMENT,24213.27,41718.0,17504.73,0.0,0.0,0
6,PAYMENT,529.53,123255.0,122725.47,0.0,0.0,0
6,PAYMENT,8715.69,20086.0,11370.31,0.0,0.0,0
6,PAYMENT,24978.31,29411.0,4432.69,0.0,0.0,0
6,PAYMENT,11510.71,227526.0,216015.29,0.0,0.0,0
6,PAYMENT,13999.1,216015.29,202016.19,0.0,0.0,0
6,PAYMENT,87.34,21112.0,21024.66,0.0,0.0,0
6,PAYMENT,19030.46,95.0,0.0,0.0,0.0,0
6,TRANSFER,274324.05,21459.0,0.0,136995.77,2077254.38,0
6,CASH_OUT,43410.17,0.0,0.0,62574.57,105984.74,0
6,CASH_OUT,275905.67,0.0,0.0,5469643.8,5950433.65,0
6,CASH_OUT,246039.31,0.0,0.0,318411.55,302931.44,0
6,CASH_OUT,222863.57,0.0,0.0,436099.98,658963.55,0
6,CASH_OUT,147459.35,0.0,0.0,11600000.0,11900000.0,0
6,CASH_OUT,529296.76,0.0,0.0,1495824.1,9113630.99,0
6,CASH_OUT,132163.7,0.0,0.0,414060.56,546224.26,0
6,CASH_OUT,517419.65,0.0,0.0,747686.12,1270287.47,0
6,CASH_OUT,430990.31,0.0,0.0,8505303.63,10800000.0,0
6,CASH_OUT,251617.52,0.0,0.0,285003.7,536621.22,0
6,CASH_OUT,206890.25,0.0,0.0,10200000.0,10400000.0,0
6,CASH_OUT,236200.44,0.0,0.0,306741.87,542942.3,0
6,PAYMENT,3219.24,1207.0,0.0,0.0,0.0,0
6,PAYMENT,19521.96,2025120.86,2005598.91,0.0,0.0,0
6,CASH_IN,13061.25,2005598.91,2018660.16,78414.0,0.0,0
6,CASH_IN,209467.79,2018660.16,2228127.95,7677825.34,7468357.55,0
6,CASH_IN,214376.36,2228127.95,2442504.31,5745549.46,5950433.65,0
6,CASH_IN,38739.05,2442504.31,2481243.36,129437.84,90698.78,0
6,CASH_IN,553080.97,2481243.36,3034324.34,13300000.0,12800000.0,0
6,CASH_IN,273146.4,3034324.34,3307470.74,6161537.75,6279677.95,0
6,CASH_IN,262976.08,3307470.74,3570446.82,11700000.0,11900000.0,0
6,CASH_IN,213304.63,3570446.82,3783751.45,224844.48,0.0,0
6,CASH_IN,421361.07,3783751.45,4205112.52,7334738.66,6724357.4,0
6,CASH_IN,162671.15,4205112.52,4367783.67,297998.36,135327.21,0
6,CASH_IN,10325.88,4367783.67,4378109.55,27606.88,17281.01,0
6,CASH_IN,69293.41,4378109.55,4447402.96,4835338.74,4766045.33,0
6,CASH_IN,99494.58,4447402.96,4546897.54,370647.1,271152.52,0
6,CASH_IN,227478.35,4546897.54,4774375.89,476750.34,249272.0,0
6,CASH_IN,94008.7,4774375.89,4868384.59,6048565.1,5954556.4,0
6,CASH_IN,53212.23,4868384.59,4921596.82,6913377.58,6724357.4,0
6,CASH_IN,258203.07,4921596.82,5179799.89,1924105.17,2554285.76,0
6,CASH_IN,608716.97,5179799.89,5788516.86,1961396.14,1391946.72,0
6,CASH_IN,273342.27,5788516.86,6061859.13,568627.12,295284.85,0
6,CASH_IN,22413.11,6061859.13,6084272.24,156113.0,133699.89,0
6,CASH_IN,28653.61,6084272.24,6112925.84,36407.19,7753.58,0
6,CASH_IN,100059.16,6112925.84,6212985.01,200599.52,100540.36,0
6,CASH_IN,101000.39,6212985.01,6313985.39,730441.81,629441.42,0
6,CASH_IN,48275.89,6313985.39,6362261.28,106728.01,58452.12,0
6,CASH_IN,13437.7,6362261.28,6375698.98,46820.71,33383.01,0
6,CASH_IN,189057.7,6375698.98,6564756.68,1063743.47,874685.77,0
6,CASH_IN,46002.88,6564756.68,6610759.56,58424.82,12421.94,0
6,CASH_IN,163639.7,6610759.56,6774399.25,258513.25,94873.55,0
6,CASH_IN,33244.29,6774399.25,6807643.54,248826.61,215582.32,0
6,CASH_IN,56799.45,6807643.54,6864442.99,180938.43,179072.77,0
6,CASH_IN,112768.11,6864442.99,6977211.1,139173.95,26405.84,0
6,CASH_IN,253967.93,6977211.1,7231179.03,271136.67,17168.74,0
6,CASH_IN,218225.2,7231179.03,7449404.23,1194467.76,1477358.35,0
6,CASH_IN,262198.19,7449404.23,7711602.42,1265105.77,1270287.47,0
6,CASH_IN,169408.46,7711602.42,7881010.88,329510.13,160101.66,0
6,CASH_IN,74554.42,7881010.88,7955565.29,79407.93,4853.52,0
6,CASH_IN,115572.56,7955565.29,8071137.85,121817.0,6244.44,0
6,CASH_IN,348217.27,8071137.85,8419355.12,5888391.35,6279677.95,0
6,CASH_IN,226907.99,8419355.12,8646263.11,5154700.22,4923997.0,0
6,CASH_IN,390456.9,8646263.11,9036720.01,501964.17,345283.88,0
6,CASH_IN,4946.45,9036720.01,9041666.46,40175.26,35228.81,0
6,CASH_IN,59985.7,9041666.46,9101652.16,126085.63,66099.92,0
6,CASH_IN,72106.27,9101652.16,9173758.43,13300000.0,13400000.0,0
6,CASH_IN,16798.63,9173758.43,9190557.06,74638.42,57839.79,0
6,CASH_IN,107421.12,9190557.06,9297978.18,133220.41,25799.3,0
6,PAYMENT,3788.69,33170.0,29381.31,0.0,0.0,0
6,CASH_OUT,233776.61,45364.0,0.0,111507.27,345283.88,0
6,CASH_OUT,359241.43,0.0,0.0,411319.82,2077254.38,0
6,PAYMENT,15238.97,79752.0,64513.03,0.0,0.0,0
6,CASH_OUT,80710.33,64513.03,0.0,15700000.0,15900000.0,0
6,PAYMENT,3643.09,14618.0,10974.91,0.0,0.0,0
6,PAYMENT,16073.13,130358.0,114284.87,0.0,0.0,0
6,PAYMENT,17849.56,48130.0,30280.44,0.0,0.0,0
6,PAYMENT,26772.7,324.0,0.0,0.0,0.0,0
6,PAYMENT,19346.62,69043.0,49696.38,0.0,0.0,0
6,PAYMENT,379.9,5138.0,4758.1,0.0,0.0,0
6,PAYMENT,34795.88,918.0,0.0,0.0,0.0,0
6,CASH_OUT,114634.43,0.0,0.0,786884.41,901518.84,0
6,CASH_OUT,183083.93,0.0,0.0,211419.76,701369.74,0
6,CASH_OUT,7106.23,0.0,0.0,30691.0,37797.23,0
6,CASH_OUT,400794.34,0.0,0.0,7297266.51,7526564.89,0
6,CASH_OUT,21476.23,0.0,0.0,50020.0,71496.23,0
6,CASH_OUT,155270.31,0.0,0.0,346277.88,618730.52,0
6,CASH_OUT,245086.32,0.0,0.0,374409.84,847149.78,0
6,CASH_OUT,191375.55,0.0,0.0,391057.91,582433.46,0
6,CASH_OUT,60311.86,0.0,0.0,6904608.31,6760548.76,0
6,CASH_OUT,39267.55,0.0,0.0,1352679.17,1391946.72,0
6,CASH_OUT,7323.56,0.0,0.0,56429.71,63753.27,0
6,CASH_OUT,280736.2,0.0,0.0,976242.56,1477358.35,0
6,CASH_OUT,77347.46,0.0,0.0,3028511.68,3105859.14,0
6,CASH_OUT,138895.43,0.0,0.0,8106338.73,8245234.16,0
6,CASH_OUT,14162.57,0.0,0.0,79458.0,3654690.97,0
6,CASH_OUT,10147.22,0.0,0.0,10436.0,20583.22,0
6,CASH_OUT,26222.49,0.0,0.0,37435.4,63657.88,0
6,CASH_OUT,349474.53,0.0,0.0,436136.98,2274476.83,0
6,CASH_OUT,27425.99,0.0,0.0,40698.18,68124.17,0
6,CASH_OUT,71.29,0.0,0.0,46393.85,46465.14,0
6,CASH_OUT,21126.93,0.0,0.0,184781.74,205908.67,0
6,CASH_OUT,118961.45,0.0,0.0,379513.27,498474.72,0
6,CASH_OUT,117182.34,0.0,0.0,501548.19,618730.52,0
6,CASH_OUT,109571.37,0.0,0.0,124127.86,28041.27,0
6,CASH_OUT,337588.8,0.0,0.0,770561.25,2077254.38,0
6,CASH_OUT,306866.06,0.0,0.0,394503.68,701369.74,0
6,CASH_OUT,259080.76,0.0,0.0,3611935.64,3871016.4,0
6,CASH_OUT,178391.81,0.0,0.0,785611.52,2274476.83,0
6,CASH_OUT,121885.87,0.0,0.0,1665816.46,2941514.43,0
6,CASH_OUT,445270.15,0.0,0.0,11500000.0,11900000.0,0
6,PAYMENT,3328.38,990.0,0.0,0.0,0.0,0
6,PAYMENT,4081.19,31381.0,27299.81,0.0,0.0,0
6,PAYMENT,917.06,27299.81,26382.75,0.0,0.0,0
6,PAYMENT,114.16,26382.75,26268.59,0.0,0.0,0
6,PAYMENT,13817.6,26268.59,12450.99,0.0,0.0,0
6,PAYMENT,3919.09,12450.99,8531.9,0.0,0.0,0
6,PAYMENT,10520.87,8531.9,0.0,0.0,0.0,0
6,PAYMENT,10810.96,0.0,0.0,0.0,0.0,0
6,PAYMENT,30405.26,0.0,0.0,0.0,0.0,0
6,PAYMENT,15037.88,0.0,0.0,0.0,0.0,0
6,PAYMENT,3485.75,0.0,0.0,0.0,0.0,0
6,PAYMENT,26719.22,35503.0,8783.78,0.0,0.0,0
6,CASH_IN,597329.41,455127.0,1052456.41,93620.57,3654690.97,0
6,TRANSFER,189072.94,50477.0,0.0,0.0,189072.94,0
6,CASH_OUT,105165.25,65352.75,0.0,8447.67,113612.92,0
6,CASH_OUT,63967.63,0.0,0.0,71992.91,135960.54,0
6,PAYMENT,4445.7,27263.0,22817.3,0.0,0.0,0
6,PAYMENT,5034.25,22817.3,17783.05,0.0,0.0,0
6,TRANSFER,72875.23,73416.0,540.77,15498.25,88373.48,0
6,PAYMENT,9069.15,10362.0,1292.85,0.0,0.0,0
6,PAYMENT,9380.69,98620.0,89239.31,0.0,0.0,0
6,PAYMENT,3485.42,1427.0,0.0,0.0,0.0,0
6,CASH_OUT,199682.99,0.0,0.0,204820.77,404503.76,0
6,PAYMENT,10663.61,52746.0,42082.39,0.0,0.0,0
6,DEBIT,2279.48,5537.0,3257.52,26876.62,29156.1,0
6,PAYMENT,13778.41,855.0,0.0,0.0,0.0,0
6,PAYMENT,2740.41,17261.0,14520.59,0.0,0.0,0
6,PAYMENT,2829.15,49567.0,46737.85,0.0,0.0,0
6,PAYMENT,26393.7,75803.0,49409.3,0.0,0.0,0
6,TRANSFER,227653.62,49409.3,0.0,619496.16,847149.78,0
6,TRANSFER,556849.49,0.0,0.0,1108150.05,2077254.38,0
6,TRANSFER,714579.59,0.0,0.0,964003.33,2274476.83,0
6,TRANSFER,1566574.37,0.0,0.0,8936293.93,10800000.0,0
6,TRANSFER,2062692.94,0.0,0.0,14800000.0,16900000.0,0
6,TRANSFER,831878.75,0.0,0.0,9510376.87,11400000.0,0
6,TRANSFER,595893.92,0.0,0.0,1678582.92,2274476.83,0
6,TRANSFER,548556.51,0.0,0.0,10300000.0,11400000.0,0
6,TRANSFER,212357.06,0.0,0.0,4976182.26,5188539.32,0
6,TRANSFER,622552.15,0.0,0.0,5540174.08,6279677.95,0
6,TRANSFER,1805520.31,0.0,0.0,7391862.8,9197383.11,0
6,TRANSFER,412254.84,0.0,0.0,1664999.54,2077254.38,0
6,TRANSFER,942403.4,0.0,0.0,1787702.33,2941514.43,0
6,TRANSFER,999702.92,0.0,0.0,1665902.1,2554285.76,0
6,TRANSFER,903968.72,0.0,0.0,14600000.0,15500000.0,0
6,TRANSFER,205857.25,0.0,0.0,13200000.0,13400000.0,0
6,TRANSFER,401863.05,0.0,0.0,1256978.76,1477358.35,0
6,TRANSFER,330922.7,0.0,0.0,10500000.0,10800000.0,0
6,PAYMENT,12274.76,24514.0,12239.24,0.0,0.0,0
6,DEBIT,149.11,32082.0,31932.89,135549.64,135698.74,0
6,PAYMENT,5414.15,22328.0,16913.85,0.0,0.0,0
6,PAYMENT,9396.0,936212.0,926816.0,0.0,0.0,0
6,PAYMENT,4968.73,101122.0,96153.27,0.0,0.0,0
6,PAYMENT,22850.11,19807.0,0.0,0.0,0.0,0
6,PAYMENT,2522.56,0.0,0.0,0.0,0.0,0
6,PAYMENT,1961.03,102163.0,100201.97,0.0,0.0,0
6,PAYMENT,7905.37,73909.0,66003.63,0.0,0.0,0
6,CASH_OUT,160356.26,66003.63,0.0,415997.04,576353.3,0
6,TRANSFER,125968.11,308459.0,182490.89,31249.82,157217.94,0
6,PAYMENT,10695.07,51425.0,40729.93,0.0,0.0,0
6,PAYMENT,31153.57,2158.0,0.0,0.0,0.0,0
6,PAYMENT,27652.32,12354.0,0.0,0.0,0.0,0
6,PAYMENT,9325.19,51636.0,42310.81,0.0,0.0,0
6,PAYMENT,7135.37,42310.81,35175.44,0.0,0.0,0
6,PAYMENT,5057.25,35175.44,30118.19,0.0,0.0,0
6,PAYMENT,12327.31,30118.19,17790.89,0.0,0.0,0
6,PAYMENT,30168.17,17790.89,0.0,0.0,0.0,0
6,PAYMENT,19150.12,0.0,0.0,0.0,0.0,0
6,PAYMENT,42621.98,0.0,0.0,0.0,0.0,0
6,PAYMENT,34594.65,0.0,0.0,0.0,0.0,0
6,PAYMENT,4044.24,0.0,0.0,0.0,0.0,0
6,PAYMENT,5372.6,0.0,0.0,0.0,0.0,0
6,PAYMENT,12897.36,0.0,0.0,0.0,0.0,0
6,PAYMENT,16721.01,0.0,0.0,0.0,0.0,0
6,PAYMENT,9282.6,0.0,0.0,0.0,0.0,0
6,PAYMENT,7887.71,0.0,0.0,0.0,0.0,0
6,PAYMENT,487.15,0.0,0.0,0.0,0.0,0
6,PAYMENT,2400.47,0.0,0.0,0.0,0.0,0
6,PAYMENT,7131.82,0.0,0.0,0.0,0.0,0
6,PAYMENT,9690.19,0.0,0.0,0.0,0.0,0
6,PAYMENT,30632.31,0.0,0.0,0.0,0.0,0
6,PAYMENT,476.55,0.0,0.0,0.0,0.0,0
6,PAYMENT,3627.87,0.0,0.0,0.0,0.0,0
6,PAYMENT,1016.37,0.0,0.0,0.0,0.0,0
6,PAYMENT,11654.37,0.0,0.0,0.0,0.0,0
6,PAYMENT,3450.71,0.0,0.0,0.0,0.0,0
6,PAYMENT,15085.17,18486.0,3400.83,0.0,0.0,0
6,DEBIT,4747.29,233699.22,228951.93,199922.16,305398.63,0
6,CASH_OUT,200910.66,228951.93,28041.27,15700000.0,15900000.0,0
6,PAYMENT,8096.68,327660.62,319563.94,0.0,0.0,0
6,CASH_OUT,56195.07,319563.94,263368.87,81993.37,138188.44,0
6,CASH_OUT,165777.06,263368.87,97591.82,259992.93,425769.98,0
6,CASH_OUT,361748.99,97591.82,0.0,4927792.23,4923997.0,0
6,CASH_OUT,381343.16,0.0,0.0,4931288.0,5312631.16,0
6,CASH_OUT,206187.66,0.0,0.0,6533528.37,6739716.03,0
6,CASH_OUT,419260.55,0.0,0.0,5531173.1,5950433.65,0
6,CASH_OUT,340369.3,0.0,0.0,2665605.02,2554285.76,0
6,CASH_OUT,9300.22,0.0,0.0,19926.0,29226.22,0
6,CASH_OUT,180572.73,0.0,0.0,384956.34,565529.07,0
6,CASH_OUT,62959.29,0.0,0.0,74584.25,137543.54,0
6,CASH_OUT,267379.89,0.0,0.0,1002907.58,1270287.47,0
6,CASH_OUT,178505.6,0.0,0.0,397152.99,575658.59,0
6,CASH_OUT,54933.79,0.0,0.0,124138.98,179072.77,0
6,CASH_OUT,184679.97,0.0,0.0,225055.89,409735.86,0
6,CASH_OUT,100729.18,0.0,0.0,204669.46,305398.63,0
6,CASH_OUT,116951.71,0.0,0.0,6162726.24,6279677.95,0
6,PAYMENT,2555.12,5062.0,2506.88,0.0,0.0,0
6,PAYMENT,7350.01,2506.88,0.0,0.0,0.0,0
6,PAYMENT,13709.48,895.0,0.0,0.0,0.0,0
6,PAYMENT,8808.05,59758.0,50949.95,0.0,0.0,0
6,PAYMENT,9183.25,11539.84,2356.59,0.0,0.0,0
6,CASH_OUT,533164.85,2356.59,0.0,10900000.0,11400000.0,0
6,PAYMENT,3169.28,41661.0,38491.72,0.0,0.0,0
6,PAYMENT,12371.83,881.0,0.0,0.0,0.0,0
6,PAYMENT,5047.89,23582.0,18534.11,0.0,0.0,0
6,PAYMENT,21100.42,31680.0,10579.58,0.0,0.0,0
6,TRANSFER,351690.17,25285.0,0.0,0.0,351690.17,0
6,PAYMENT,10953.04,2841.0,0.0,0.0,0.0,0
6,PAYMENT,26164.54,99539.0,73374.46,0.0,0.0,0
6,PAYMENT,1895.14,39657.0,37761.86,0.0,0.0,0
6,PAYMENT,7019.85,0.0,0.0,0.0,0.0,0
6,CASH_IN,204371.41,0.0,204371.41,6964920.17,6760548.76,0
6,CASH_IN,72770.85,204371.41,277142.26,82208.35,9437.5,0
6,CASH_IN,171495.96,277142.26,448638.22,7698060.85,7526564.89,0
6,CASH_IN,359532.76,448638.22,808170.99,2730105.73,2941514.43,0
6,CASH_IN,430086.7,808170.99,1238257.69,3646474.41,3216387.7,0
6,CASH_IN,346727.71,1238257.69,1584985.4,5000964.86,4654237.15,0
6,CASH_IN,261519.42,1584985.4,1846504.82,564450.86,302931.44,0
6,CASH_IN,135807.95,1846504.82,1982312.78,6860165.35,6724357.4,0
6,CASH_IN,330293.92,1982312.78,2312606.69,3615008.01,3284714.1,0
6,CASH_IN,54182.33,2312606.69,2366789.02,368444.96,314262.63,0
6,CASH_IN,451688.56,2366789.02,2818477.59,3005974.32,2554285.76,0
6,CASH_IN,181483.46,2818477.59,2999961.05,1658841.81,1477358.35,0
6,CASH_IN,163607.02,2999961.05,3163568.06,5289541.23,4923997.0,0
6,CASH_IN,184347.18,3163568.06,3347915.25,9297978.18,9113630.99,0
6,CASH_IN,90264.51,3347915.25,3438179.76,101322.55,11058.04,0
6,CASH_IN,14574.01,3438179.76,3452753.76,44361.0,29786.99,0
6,CASH_IN,201937.2,3452753.76,3654690.97,5125934.21,4923997.0,0
6,PAYMENT,2871.18,11273.0,8401.82,0.0,0.0,0
6,TRANSFER,179341.27,36003.0,0.0,0.0,179341.27,0
6,PAYMENT,12135.69,0.0,0.0,0.0,0.0,0
6,PAYMENT,12989.69,866.0,0.0,0.0,0.0,0
6,PAYMENT,19642.29,10270.0,0.0,0.0,0.0,0
6,PAYMENT,5017.33,0.0,0.0,0.0,0.0,0
6,PAYMENT,13498.44,21247.0,7748.56,0.0,0.0,0
6,PAYMENT,12742.65,30925.0,18182.35,0.0,0.0,0
6,PAYMENT,16200.08,102920.0,86719.92,0.0,0.0,0
6,PAYMENT,10353.67,1125.0,0.0,0.0,0.0,0
6,PAYMENT,2615.73,20769.0,18153.27,0.0,0.0,0
6,CASH_OUT,274406.81,18153.27,0.0,1240965.79,1515372.59,0
6,PAYMENT,2607.64,92756.0,90148.36,0.0,0.0,0
6,CASH_OUT,570941.46,90148.36,0.0,2370572.96,2941514.43,0
6,PAYMENT,21404.44,116.0,0.0,0.0,0.0,0
6,PAYMENT,15889.95,647.0,0.0,0.0,0.0,0
6,PAYMENT,10310.77,10462.0,151.23,0.0,0.0,0
6,CASH_OUT,308384.4,151.23,0.0,410224.95,718609.35,0
6,PAYMENT,13268.13,82786.0,69517.87,0.0,0.0,0
6,PAYMENT,980.14,50360.0,49379.86,0.0,0.0,0
6,CASH_OUT,84326.18,49379.86,0.0,127637.01,211963.2,0
6,CASH_OUT,261488.06,0.0,0.0,331525.89,593013.95,0
6,PAYMENT,9584.44,22090.43,12505.98,0.0,0.0,0
6,CASH_OUT,122380.82,12505.98,0.0,1924870.22,5352935.74,0
6,CASH_OUT,65938.21,0.0,0.0,100329.0,169554.94,0
6,CASH_OUT,142435.75,0.0,0.0,169235.0,0.0,0
6,CASH_OUT,86821.76,0.0,0.0,100540.36,71835.64,0
6,CASH_OUT,85074.07,0.0,0.0,124897.0,43655.86,0
6,CASH_OUT,21696.81,0.0,0.0,63657.88,0.0,0
6,CASH_OUT,206666.36,0.0,0.0,305398.63,631354.92,0
6,CASH_OUT,15674.27,0.0,0.0,21119.0,0.0,0
6,CASH_OUT,200095.94,0.0,0.0,221496.0,90640.96,0
6,CASH_OUT,203376.02,0.0,0.0,3871016.4,5020386.7,0
6,CASH_OUT,207796.54,0.0,0.0,226226.89,59644.87,0
6,PAYMENT,10854.35,9054.0,0.0,0.0,0.0,0
6,TRANSFER,308882.21,21996.0,0.0,186.0,1906158.59,0
6,PAYMENT,17575.98,8512.0,0.0,0.0,0.0,0
6,PAYMENT,20601.02,934.0,0.0,0.0,0.0,0
6,PAYMENT,16175.39,54750.0,38574.61,0.0,0.0,0
6,PAYMENT,25594.04,52432.0,26837.96,0.0,0.0,0
6,PAYMENT,9766.07,2113.0,0.0,0.0,0.0,0
6,PAYMENT,779.76,172101.0,171321.24,0.0,0.0,0
6,PAYMENT,22802.84,29975.0,7172.16,0.0,0.0,0
6,PAYMENT,816.44,7172.16,6355.73,0.0,0.0,0
6,PAYMENT,2181.44,12042.0,9860.56,0.0,0.0,0
6,PAYMENT,36774.88,19864.0,0.0,0.0,0.0,0
6,PAYMENT,18278.65,82181.0,63902.35,0.0,0.0,0
6,DEBIT,4599.02,21173.0,16573.98,5008.0,0.0,0
6,PAYMENT,11011.74,145506.0,134494.26,0.0,0.0,0
6,PAYMENT,18541.02,36993.0,18451.98,0.0,0.0,0
6,PAYMENT,20385.69,40141.0,19755.31,0.0,0.0,0
6,TRANSFER,199873.41,31725.0,0.0,5954556.4,6465767.14,0
6,CASH_OUT,273120.84,0.0,0.0,658963.55,228783.05,0
6,PAYMENT,17871.32,103399.0,85527.68,0.0,0.0,0
6,PAYMENT,13836.66,33168.0,19331.34,0.0,0.0,0
6,PAYMENT,25448.45,908181.0,882732.55,0.0,0.0,0
6,PAYMENT,22547.2,192852.0,170304.8,0.0,0.0,0
6,PAYMENT,9555.32,30607.0,21051.68,0.0,0.0,0
6,PAYMENT,15983.15,30896.0,14912.85,0.0,0.0,0
6,CASH_IN,283889.0,14912.85,298801.86,582433.46,828787.26,0
6,CASH_IN,24492.49,298801.86,323294.35,31680.0,7187.51,0
6,CASH_IN,420269.82,323294.35,743564.17,536621.22,116351.4,0
6,CASH_IN,174806.05,743564.17,918370.22,277219.24,51153.1,0
6,CASH_IN,78155.56,918370.22,996525.78,206428.0,22121.02,0
6,CASH_IN,55503.1,996525.78,1052028.88,17800000.0,18700000.0,0
6,CASH_IN,271184.55,1052028.88,1323213.43,519303.0,1193550.39,0
6,CASH_IN,232498.27,1323213.43,1555711.7,11400000.0,14900000.0,0
6,CASH_IN,357726.65,1555711.7,1913438.35,4296397.8,3267222.75,0
6,CASH_IN,135998.76,1913438.35,2049437.11,351690.17,31444.7,0
6,CASH_IN,153512.92,2049437.11,2202950.03,9113630.99,10800000.0,0
6,CASH_IN,12245.34,2202950.03,2215195.37,31469.78,22257.86,0
6,CASH_IN,253419.13,2215195.37,2468614.51,273383.0,2065.61,0
6,CASH_IN,111460.82,2468614.51,2580075.33,202786.0,91325.18,0
6,CASH_IN,186841.67,2580075.33,2766917.0,629441.42,209838.16,0
6,CASH_IN,133663.18,2766917.0,2900580.18,194531.93,11489.91,0
6,CASH_IN,159689.6,2900580.18,3060269.78,421591.94,90640.96,0
6,CASH_IN,561808.58,3060269.78,3622078.36,5950433.65,5214288.59,0
6,CASH_IN,502514.81,3622078.36,4124593.17,1391946.72,1431686.33,0
6,CASH_IN,115359.35,4124593.17,4239952.52,320843.0,117034.28,0
6,CASH_IN,26531.35,4239952.52,4266483.86,26855.87,324.52,0
6,CASH_IN,30416.0,4266483.86,4296899.87,279016.0,0.0,0
6,CASH_IN,58538.76,4296899.87,4355438.63,701369.74,24156.59,0
6,CASH_IN,41116.29,4355438.63,4396554.92,105855.0,55844.95,0
6,CASH_IN,164197.03,4396554.92,4560751.96,209022.0,31678.66,0
6,CASH_IN,308177.51,4560751.96,4868929.47,325737.0,10588.91,0
6,CASH_IN,52997.24,4868929.47,4921926.71,206194.0,0.0,0
6,CASH_IN,103082.13,4921926.71,5025008.83,6760548.76,6216828.05,0
6,CASH_IN,214086.09,5025008.83,5239094.93,248600.0,0.0,0
6,CASH_IN,263027.96,5239094.93,5502122.89,11200000.0,14900000.0,0
6,CASH_IN,352360.67,5502122.89,5854483.56,6154429.81,6465767.14,0
6,CASH_IN,224527.63,5854483.56,6079011.19,593013.95,7837942.9,0
6,CASH_IN,249972.42,6079011.19,6328983.6,576353.3,0.0,0
6,CASH_IN,85450.99,6328983.6,6414434.59,101058.0,15607.01,0
6,CASH_IN,126270.37,6414434.59,6540704.96,6279677.95,10000000.0,0
6,CASH_IN,28526.13,6540704.96,6569231.09,30965.0,2438.87,0
6,CASH_IN,26271.48,6569231.09,6595502.57,41217.0,0.0,0
6,CASH_IN,209758.49,6595502.57,6805261.07,796834.0,31153.91,0
6,CASH_IN,202246.61,6805261.07,7007507.67,238677.0,9973139.6,0
6,CASH_IN,121913.7,7007507.67,7129421.37,154563.0,10982.54,0
6,CASH_IN,134126.72,7129421.37,7263548.09,15500000.0,15700000.0,0
6,CASH_IN,266095.2,7263548.09,7529643.29,2941514.43,5827219.22,0
6,CASH_IN,189896.16,7529643.29,7719539.45,202016.19,12120.03,0
6,CASH_IN,49976.72,7719539.45,7769516.16,50902.0,126315.46,0
6,CASH_IN,299711.16,7769516.16,8069227.32,8598427.92,10900000.0,0
6,CASH_IN,68463.23,8069227.32,8137690.56,173024.37,233350.47,0
6,CASH_IN,348393.24,8137690.56,8486083.8,932084.39,228783.05,0
6,CASH_IN,21666.76,8486083.8,8507750.56,32649.3,10982.54,0
6,CASH_IN,63588.85,8507750.56,8571339.41,179592.0,0.0,0
6,CASH_IN,3732.98,8571339.41,8575072.39,6292.72,2559.74,0
6,CASH_IN,51437.6,8575072.39,8626510.0,2274476.83,3885428.17,0
6,CASH_IN,108259.9,8626510.0,8734769.9,825005.0,5652054.58,0
6,CASH_IN,138569.74,8734769.9,8873339.64,157635.81,19066.07,0
6,CASH_IN,117536.98,8873339.64,8990876.62,308076.14,1674676.75,0
6,CASH_IN,29516.52,8990876.62,9020393.13,199110.0,141673.25,0
6,CASH_IN,20261.63,9020393.13,9040654.76,20862.0,0.0,0
6,CASH_IN,61546.01,9040654.76,9102200.77,73595.15,12049.14,0
6,CASH_IN,154735.14,9102200.77,9256935.91,157604.0,0.0,0
6,CASH_IN,28266.24,9256935.91,9285202.15,153196.76,0.0,0
6,CASH_IN,229651.1,9285202.15,9514853.25,10900000.0,14900000.0,0
6,CASH_IN,455846.84,9514853.25,9970700.1,14000000.0,14700000.0,0
6,CASH_IN,511779.03,9970700.1,10500000.0,5802069.14,6465767.14,0
6,CASH_IN,253489.92,10500000.0,10700000.0,295284.85,73918.76,0
6,CASH_IN,341350.6,10700000.0,11100000.0,349765.0,2657.47,0
6,CASH_IN,410821.56,11100000.0,11500000.0,5312631.16,6385836.94,0
6,CASH_IN,335389.99,11500000.0,11800000.0,17800000.0,18700000.0,0
6,CASH_IN,28747.1,11800000.0,11900000.0,15900000.0,17800000.0,0
6,CASH_IN,258578.06,11900000.0,12100000.0,4654237.15,7255066.28,0
6,CASH_IN,21865.49,12100000.0,12100000.0,7468357.55,8680195.01,0
6,CASH_IN,25260.54,12100000.0,12200000.0,41098.04,15837.49,0
6,CASH_IN,123551.62,12200000.0,12300000.0,238958.0,0.0,0
6,CASH_IN,187863.78,12300000.0,12500000.0,565767.0,0.0,0
6,CASH_IN,237456.97,12500000.0,12700000.0,622203.0,755381.3,0
6,CASH_IN,32078.13,12700000.0,12700000.0,40392.82,8314.69,0
6,PAYMENT,6479.6,10756.0,4276.4,0.0,0.0,0
6,PAYMENT,2455.08,702.0,0.0,0.0,0.0,0
6,PAYMENT,5554.61,0.0,0.0,0.0,0.0,0
6,PAYMENT,24963.89,0.0,0.0,0.0,0.0,0
6,PAYMENT,6853.5,19635.0,12781.5,0.0,0.0,0
6,PAYMENT,14703.98,105737.0,91033.02,0.0,0.0,0
6,PAYMENT,14107.2,676.0,0.0,0.0,0.0,0
6,PAYMENT,5644.05,356150.0,350505.95,0.0,0.0,0
6,PAYMENT,3559.83,39942.0,36382.17,0.0,0.0,0
6,PAYMENT,11587.52,457229.0,445641.48,0.0,0.0,0
6,PAYMENT,30051.02,30316.0,264.98,0.0,0.0,0
6,PAYMENT,2962.06,11601.0,8638.94,0.0,0.0,0
6,PAYMENT,33114.03,10245.0,0.0,0.0,0.0,0
6,PAYMENT,32379.76,99963.0,67583.24,0.0,0.0,0
6,PAYMENT,24258.1,394.0,0.0,0.0,0.0,0
6,PAYMENT,3988.39,80513.0,76524.61,0.0,0.0,0
6,PAYMENT,8950.68,53067.0,44116.32,0.0,0.0,0
6,TRANSFER,301294.72,10817.0,0.0,0.0,98525.69,0
6,PAYMENT,21536.22,21903.0,366.78,0.0,0.0,0
6,PAYMENT,3134.07,105205.0,102070.93,0.0,0.0,0
6,PAYMENT,5640.35,19079.0,13438.65,0.0,0.0,0
6,PAYMENT,9517.37,20755.0,11237.63,0.0,0.0,0
6,CASH_OUT,235783.84,11237.63,0.0,2047251.04,5352935.74,0
6,PAYMENT,10986.65,162.0,0.0,0.0,0.0,0
6,PAYMENT,2326.67,424656.0,422329.33,0.0,0.0,0
6,PAYMENT,9455.4,1001.0,0.0,0.0,0.0,0
6,CASH_OUT,242640.84,0.0,0.0,1270287.47,2084795.89,0
6,CASH_OUT,237752.47,0.0,0.0,1477358.35,1655753.7,0
6,CASH_OUT,46873.46,0.0,0.0,61151.23,108024.69,0
6,CASH_OUT,102448.98,0.0,0.0,237831.0,281972.44,0
6,PAYMENT,19128.32,133.0,0.0,0.0,0.0,0
6,PAYMENT,18255.04,0.0,0.0,0.0,0.0,0
6,PAYMENT,17978.87,31239.0,13260.13,0.0,0.0,0
6,PAYMENT,1563.49,208982.0,207418.51,0.0,0.0,0
6,PAYMENT,38778.04,111648.0,72869.96,0.0,0.0,0
6,PAYMENT,23248.88,20321.0,0.0,0.0,0.0,0
6,PAYMENT,749.05,10851.0,10101.95,0.0,0.0,0
6,PAYMENT,20756.62,27998.0,7241.38,0.0,0.0,0
6,PAYMENT,16344.3,4892.0,0.0,0.0,0.0,0
6,PAYMENT,3051.36,0.0,0.0,0.0,0.0,0
6,PAYMENT,3230.7,0.0,0.0,0.0,0.0,0
6,PAYMENT,8893.16,0.0,0.0,0.0,0.0,0
6,PAYMENT,15972.45,0.0,0.0,0.0,0.0,0
6,PAYMENT,28710.56,0.0,0.0,0.0,0.0,0
6,PAYMENT,6286.6,0.0,0.0,0.0,0.0,0
6,PAYMENT,1599.64,0.0,0.0,0.0,0.0,0
6,PAYMENT,121.57,0.0,0.0,0.0,0.0,0
6,PAYMENT,9518.37,0.0,0.0,0.0,0.0,0
6,PAYMENT,15827.12,0.0,0.0,0.0,0.0,0
6,PAYMENT,5932.23,0.0,0.0,0.0,0.0,0
6,PAYMENT,18213.06,0.0,0.0,0.0,0.0,0
6,PAYMENT,6560.53,0.0,0.0,0.0,0.0,0
6,PAYMENT,5065.07,0.0,0.0,0.0,0.0,0
6,PAYMENT,13364.51,0.0,0.0,0.0,0.0,0
6,PAYMENT,14431.75,0.0,0.0,0.0,0.0,0
6,PAYMENT,15491.85,0.0,0.0,0.0,0.0,0
6,PAYMENT,20551.28,12207.0,0.0,0.0,0.0,0
6,DEBIT,5402.3,10482.0,5079.7,40230.0,45632.3,0
6,PAYMENT,14567.67,99727.0,85159.33,0.0,0.0,0
6,PAYMENT,8534.37,36627.0,28092.63,0.0,0.0,0
6,PAYMENT,20275.14,15726.0,0.0,0.0,0.0,0
6,TRANSFER,416126.78,0.0,0.0,13500000.0,14700000.0,0
6,PAYMENT,13560.97,20336.0,6775.03,0.0,0.0,0
6,PAYMENT,3988.91,20583.22,16594.31,0.0,0.0,0
6,PAYMENT,1569.26,16594.31,15025.05,0.0,0.0,0
6,DEBIT,7956.2,50786.0,42829.8,145062.2,9701.14,0
6,PAYMENT,3032.12,1404.0,0.0,0.0,0.0,0
6,PAYMENT,30704.7,171.0,0.0,0.0,0.0,0
6,PAYMENT,21358.13,103.0,0.0,0.0,0.0,0
6,PAYMENT,15993.27,81345.0,65351.73,0.0,0.0,0
6,PAYMENT,37699.34,642830.98,605131.64,0.0,0.0,0
6,CASH_OUT,170504.65,605131.64,434626.99,179341.27,183517.82,0
6,PAYMENT,22968.75,383.0,0.0,0.0,0.0,0
6,PAYMENT,27383.84,9754.0,0.0,0.0,0.0,0
6,PAYMENT,21510.43,2061.0,0.0,0.0,0.0,0
6,PAYMENT,6539.91,0.0,0.0,0.0,0.0,0
6,PAYMENT,5399.32,0.0,0.0,0.0,0.0,0
6,PAYMENT,13594.65,0.0,0.0,0.0,0.0,0
6,PAYMENT,21650.08,0.0,0.0,0.0,0.0,0
6,PAYMENT,6193.97,0.0,0.0,0.0,0.0,0
6,PAYMENT,2444.71,0.0,0.0,0.0,0.0,0
6,PAYMENT,6716.16,0.0,0.0,0.0,0.0,0
6,PAYMENT,55954.74,0.0,0.0,0.0,0.0,0
6,PAYMENT,22923.28,0.0,0.0,0.0,0.0,0
6,PAYMENT,6686.45,0.0,0.0,0.0,0.0,0
6,PAYMENT,15147.34,0.0,0.0,0.0,0.0,0
6,PAYMENT,56058.18,0.0,0.0,0.0,0.0,0
6,PAYMENT,12107.21,0.0,0.0,0.0,0.0,0
6,PAYMENT,25699.58,0.0,0.0,0.0,0.0,0
6,PAYMENT,6814.2,0.0,0.0,0.0,0.0,0
6,PAYMENT,7331.46,0.0,0.0,0.0,0.0,0
6,PAYMENT,2443.54,0.0,0.0,0.0,0.0,0
6,PAYMENT,13407.06,0.0,0.0,0.0,0.0,0
6,PAYMENT,6524.09,0.0,0.0,0.0,0.0,0
6,PAYMENT,7237.08,116978.97,109741.89,0.0,0.0,0
6,PAYMENT,10475.55,109741.89,99266.34,0.0,0.0,0
6,PAYMENT,17987.71,10635.0,0.0,0.0,0.0,0
6,PAYMENT,13916.14,0.0,0.0,0.0,0.0,0
6,PAYMENT,6330.23,0.0,0.0,0.0,0.0,0
6,PAYMENT,15580.12,12913.0,0.0,0.0,0.0,0
6,PAYMENT,1161.45,0.0,0.0,0.0,0.0,0
6,PAYMENT,17332.62,0.0,0.0,0.0,0.0,0
6,PAYMENT,8661.5,32409.0,23747.5,0.0,0.0,0
6,PAYMENT,12295.28,22373.0,10077.72,0.0,0.0,0
6,TRANSFER,56538.75,10077.72,0.0,57886.0,192703.2,0
6,PAYMENT,16666.64,426.0,0.0,0.0,0.0,0
6,PAYMENT,4581.31,271152.52,266571.2,0.0,0.0,0
6,CASH_OUT,242407.62,266571.2,24163.59,512064.99,631354.92,0
6,TRANSFER,50570.65,148.0,0.0,0.0,50570.65,0
6,PAYMENT,13194.66,0.0,0.0,0.0,0.0,0
6,PAYMENT,438.55,72504.61,72066.06,0.0,0.0,0
6,CASH_OUT,404491.79,72066.06,0.0,874685.77,1279177.56,0
6,PAYMENT,3263.58,1509.0,0.0,0.0,0.0,0
6,PAYMENT,22946.31,62884.0,39937.69,0.0,0.0,0
6,PAYMENT,260.23,8020.0,7759.77,0.0,0.0,0
6,PAYMENT,18888.95,3370.0,0.0,0.0,0.0,0
6,PAYMENT,12795.92,17020.26,4224.34,0.0,0.0,0
6,PAYMENT,947.91,4224.34,3276.43,0.0,0.0,0
6,PAYMENT,16169.9,24556.0,8386.1,0.0,0.0,0
6,TRANSFER,160869.97,7042.0,0.0,139506.0,905385.44,0
6,PAYMENT,6705.12,0.0,0.0,0.0,0.0,0
6,PAYMENT,18995.99,11637.0,0.0,0.0,0.0,0
6,PAYMENT,24690.36,572.0,0.0,0.0,0.0,0
6,DEBIT,477.13,99308.0,98830.87,41371.0,41848.13,0
6,CASH_OUT,385123.59,98830.87,0.0,607328.0,982743.75,0
6,PAYMENT,26843.78,4996.0,0.0,0.0,0.0,0
6,PAYMENT,15242.55,241996.0,226753.45,0.0,0.0,0
6,TRANSFER,356511.88,41186.0,0.0,7289.2,148304.02,0
6,PAYMENT,27535.02,36029.0,8493.98,0.0,0.0,0
6,PAYMENT,4974.35,69777.0,64802.65,0.0,0.0,0
6,PAYMENT,8888.88,64802.65,55913.77,0.0,0.0,0
6,PAYMENT,8921.69,9260.0,338.31,0.0,0.0,0
6,PAYMENT,24469.38,2886.0,0.0,0.0,0.0,0
6,CASH_OUT,119341.71,0.0,0.0,865660.0,2258295.49,0
6,PAYMENT,19227.1,20765.0,1537.9,0.0,0.0,0
6,PAYMENT,17737.81,30864.0,13126.19,0.0,0.0,0
6,PAYMENT,14143.87,22385.0,8241.13,0.0,0.0,0
6,PAYMENT,4041.67,29144.0,25102.33,0.0,0.0,0
6,PAYMENT,5187.5,25102.33,19914.82,0.0,0.0,0
6,PAYMENT,24579.11,11923.0,0.0,0.0,0.0,0
6,PAYMENT,6936.56,10920.0,3983.44,0.0,0.0,0
6,PAYMENT,13522.25,3983.44,0.0,0.0,0.0,0
6,PAYMENT,12303.52,0.0,0.0,0.0,0.0,0
6,PAYMENT,18219.9,15710.0,0.0,0.0,0.0,0
6,TRANSFER,104087.72,61241.0,0.0,51533.0,823.49,0
6,PAYMENT,22655.09,256386.0,233730.91,0.0,0.0,0
6,PAYMENT,20547.38,29786.99,9239.62,0.0,0.0,0
6,PAYMENT,16917.51,9239.62,0.0,0.0,0.0,0
6,PAYMENT,1072.27,5657.0,4584.73,0.0,0.0,0
6,PAYMENT,5106.61,69731.0,64624.39,0.0,0.0,0
6,PAYMENT,6727.32,20569.0,13841.68,0.0,0.0,0
6,PAYMENT,6312.27,211771.0,205458.73,0.0,0.0,0
6,PAYMENT,17145.26,96.0,0.0,0.0,0.0,0
6,PAYMENT,24544.47,11511.0,0.0,0.0,0.0,0
6,PAYMENT,12689.5,12421.94,0.0,0.0,0.0,0
6,PAYMENT,15642.1,0.0,0.0,0.0,0.0,0
6,PAYMENT,3860.03,0.0,0.0,0.0,0.0,0
6,PAYMENT,11251.54,0.0,0.0,0.0,0.0,0
6,PAYMENT,13590.74,0.0,0.0,0.0,0.0,0
6,PAYMENT,4276.73,0.0,0.0,0.0,0.0,0
6,PAYMENT,3643.48,0.0,0.0,0.0,0.0,0
6,PAYMENT,35485.18,0.0,0.0,0.0,0.0,0
6,PAYMENT,9893.57,0.0,0.0,0.0,0.0,0
6,PAYMENT,11004.31,0.0,0.0,0.0,0.0,0
6,PAYMENT,15751.31,0.0,0.0,0.0,0.0,0
6,PAYMENT,12613.83,0.0,0.0,0.0,0.0,0
6,PAYMENT,38677.12,0.0,0.0,0.0,0.0,0
6,PAYMENT,11515.03,0.0,0.0,0.0,0.0,0
6,PAYMENT,6945.84,0.0,0.0,0.0,0.0,0
6,PAYMENT,548.44,0.0,0.0,0.0,0.0,0
6,PAYMENT,18655.15,0.0,0.0,0.0,0.0,0
6,PAYMENT,3765.68,0.0,0.0,0.0,0.0,0
6,PAYMENT,21625.13,0.0,0.0,0.0,0.0,0
6,PAYMENT,2901.34,0.0,0.0,0.0,0.0,0
6,PAYMENT,4922.27,0.0,0.0,0.0,0.0,0
6,PAYMENT,19858.46,309068.21,289209.75,0.0,0.0,0
6,PAYMENT,9538.96,289209.75,279670.79,0.0,0.0,0
6,PAYMENT,15593.41,1665.0,0.0,0.0,0.0,0
6,PAYMENT,23258.69,128744.5,105485.8,0.0,0.0,0
6,PAYMENT,1636.72,105485.8,103849.08,0.0,0.0,0
6,PAYMENT,4293.83,103849.08,99555.25,0.0,0.0,0
6,PAYMENT,6737.87,6867.0,129.13,0.0,0.0,0
6,PAYMENT,20491.58,103089.0,82597.42,0.0,0.0,0
6,PAYMENT,45279.83,20953.0,0.0,0.0,0.0,0
6,PAYMENT,8278.63,0.0,0.0,0.0,0.0,0
6,TRANSFER,6870.64,2888.0,0.0,35632.33,42502.98,0
6,PAYMENT,5624.29,53469.0,47844.71,0.0,0.0,0
6,PAYMENT,15768.41,30064.0,14295.59,0.0,0.0,0
6,TRANSFER,394310.01,150810.0,0.0,36430.39,9973139.6,0
6,TRANSFER,264367.48,15789.0,0.0,29445.99,16365.64,0
6,PAYMENT,14164.55,149698.0,135533.45,0.0,0.0,0
6,PAYMENT,314.67,22046.0,21731.33,0.0,0.0,0
6,CASH_OUT,71868.61,21731.33,0.0,133096.0,5005.78,0
6,TRANSFER,334889.22,50165.0,0.0,15011.03,349900.25,0
6,CASH_OUT,83184.28,0.0,0.0,179072.77,113988.19,0
6,PAYMENT,206.66,6791.09,6584.43,0.0,0.0,0
6,CASH_OUT,139283.22,6584.43,0.0,889431.9,1431686.33,0
6,PAYMENT,27008.46,86120.0,59111.54,0.0,0.0,0
6,PAYMENT,5734.4,23423.0,17688.6,0.0,0.0,0
6,CASH_OUT,21128.42,17688.6,0.0,102399.0,52795.84,0
6,CASH_OUT,196775.47,0.0,0.0,255358.0,397273.75,0
6,PAYMENT,4197.94,20129.0,15931.06,0.0,0.0,0
6,PAYMENT,13794.64,25455.0,11660.36,0.0,0.0,0
6,PAYMENT,4630.35,11660.36,7030.01,0.0,0.0,0
6,TRANSFER,251644.29,489088.0,237443.71,0.0,99358.0,0
6,PAYMENT,33025.94,58728.72,25702.78,0.0,0.0,0
6,CASH_OUT,440165.52,25702.78,0.0,649695.0,960188.98,0
6,PAYMENT,2091.2,31581.0,29489.8,0.0,0.0,0
6,PAYMENT,10960.92,185063.0,174102.08,0.0,0.0,0
6,PAYMENT,15171.48,12577.0,0.0,0.0,0.0,0
6,PAYMENT,12968.1,11222.0,0.0,0.0,0.0,0
6,PAYMENT,11473.98,22479.0,11005.02,0.0,0.0,0
6,PAYMENT,17078.55,132600.0,115521.45,0.0,0.0,0
6,PAYMENT,5427.12,37817.0,32389.88,0.0,0.0,0
6,PAYMENT,8719.82,383.0,0.0,0.0,0.0,0
6,PAYMENT,17949.84,61750.0,43800.16,0.0,0.0,0
6,CASH_IN,94933.34,52030.0,146963.34,0.0,7828.57,0
6,PAYMENT,10088.16,11501.0,1412.84,0.0,0.0,0
6,TRANSFER,128505.21,27940.0,0.0,19224.44,22257.86,0
6,CASH_OUT,142705.55,0.0,0.0,542942.3,1120608.72,0
6,PAYMENT,1538.49,21022.0,19483.51,0.0,0.0,0
6,PAYMENT,2472.54,37797.23,35324.69,0.0,0.0,0
6,PAYMENT,1314.57,35324.69,34010.12,0.0,0.0,0
6,PAYMENT,3583.64,34010.12,30426.48,0.0,0.0,0
6,PAYMENT,18657.24,22099.0,3441.76,0.0,0.0,0
6,CASH_IN,271666.26,20580.0,292246.26,0.0,0.0,0
6,TRANSFER,125527.29,10489.0,0.0,312620.0,371.65,0
6,PAYMENT,17689.59,24753.0,7063.41,0.0,0.0,0
6,PAYMENT,18960.49,259.0,0.0,0.0,0.0,0
6,PAYMENT,16703.28,106442.0,89738.72,0.0,0.0,0
6,PAYMENT,20703.33,201639.0,180935.67,0.0,0.0,0
6,PAYMENT,20677.95,18064.0,0.0,0.0,0.0,0
6,PAYMENT,16427.31,297956.68,281529.37,0.0,0.0,0
6,PAYMENT,3320.7,281529.37,278208.67,0.0,0.0,0
6,PAYMENT,11483.48,278208.67,266725.19,0.0,0.0,0
6,PAYMENT,15129.45,359.0,0.0,0.0,0.0,0
6,PAYMENT,14904.51,0.0,0.0,0.0,0.0,0
6,PAYMENT,32542.48,71496.23,38953.75,0.0,0.0,0
6,PAYMENT,9903.87,38953.75,29049.88,0.0,0.0,0
6,PAYMENT,15638.89,29049.88,13410.99,0.0,0.0,0
6,PAYMENT,8720.99,13410.99,4690.01,0.0,0.0,0
6,PAYMENT,4534.37,4690.01,155.64,0.0,0.0,0
6,PAYMENT,7672.07,155.64,0.0,0.0,0.0,0
6,PAYMENT,34027.34,0.0,0.0,0.0,0.0,0
6,PAYMENT,20982.22,0.0,0.0,0.0,0.0,0
6,PAYMENT,5842.48,0.0,0.0,0.0,0.0,0
6,PAYMENT,17.42,0.0,0.0,0.0,0.0,0
6,PAYMENT,5484.94,0.0,0.0,0.0,0.0,0
6,PAYMENT,8667.21,0.0,0.0,0.0,0.0,0
6,PAYMENT,14390.28,0.0,0.0,0.0,0.0,0
6,PAYMENT,4664.21,0.0,0.0,0.0,0.0,0
6,PAYMENT,11240.64,0.0,0.0,0.0,0.0,0
6,PAYMENT,1044.38,0.0,0.0,0.0,0.0,0
6,PAYMENT,10134.78,0.0,0.0,0.0,0.0,0
6,PAYMENT,15093.73,0.0,0.0,0.0,0.0,0
6,PAYMENT,4786.79,0.0,0.0,0.0,0.0,0
6,PAYMENT,11675.92,0.0,0.0,0.0,0.0,0
6,PAYMENT,2022.78,0.0,0.0,0.0,0.0,0
6,PAYMENT,5055.67,0.0,0.0,0.0,0.0,0
6,PAYMENT,1392.66,0.0,0.0,0.0,0.0,0
6,PAYMENT,15719.2,110.0,0.0,0.0,0.0,0
6,CASH_OUT,212665.96,0.0,0.0,13900000.0,14700000.0,0
6,PAYMENT,18079.63,200242.0,182162.37,0.0,0.0,0
6,PAYMENT,17456.35,16877.0,0.0,0.0,0.0,0
6,PAYMENT,3621.47,0.0,0.0,0.0,0.0,0
6,PAYMENT,8208.25,19808.0,11599.75,0.0,0.0,0
6,TRANSFER,250371.89,12711.0,0.0,49213.86,333751.15,0
6,PAYMENT,9524.45,0.0,0.0,0.0,0.0,0
6,PAYMENT,12586.69,14843.0,2256.31,0.0,0.0,0
6,PAYMENT,38874.87,5685.0,0.0,0.0,0.0,0
6,PAYMENT,17658.97,10687.0,0.0,0.0,0.0,0
6,PAYMENT,103.64,12846.0,12742.36,0.0,0.0,0
6,PAYMENT,5691.85,98149.66,92457.81,0.0,0.0,0
6,PAYMENT,128.03,92457.81,92329.79,0.0,0.0,0
6,PAYMENT,25885.94,27575.0,1689.06,0.0,0.0,0
6,TRANSFER,340936.73,205908.67,0.0,5009.0,108483.43,0
6,PAYMENT,5938.85,0.0,0.0,0.0,0.0,0
6,PAYMENT,36825.83,863.0,0.0,0.0,0.0,0
6,PAYMENT,1035.3,0.0,0.0,0.0,0.0,0
6,PAYMENT,1144.61,1324.0,179.39,0.0,0.0,0
6,PAYMENT,10626.74,102793.0,92166.26,0.0,0.0,0
6,PAYMENT,7163.87,117108.0,109944.13,0.0,0.0,0
6,PAYMENT,9133.33,21202.0,12068.67,0.0,0.0,0
6,CASH_OUT,47097.56,12068.67,0.0,120074.73,161722.17,0
6,CASH_OUT,284467.43,0.0,0.0,2283034.88,5352935.74,0
6,CASH_OUT,559782.41,0.0,0.0,3105859.14,7488671.79,0
6,CASH_OUT,274475.45,0.0,0.0,985001.71,2258295.49,0
6,CASH_OUT,181231.33,0.0,0.0,181733.94,77922.92,0
6,CASH_OUT,264351.0,0.0,0.0,362965.28,77922.92,0
6,CASH_OUT,193896.28,0.0,0.0,237106.0,182117.56,0
6,CASH_OUT,292220.17,0.0,0.0,2567502.31,5352935.74,0
6,CASH_OUT,102210.04,0.0,0.0,7526564.89,8730306.03,0
6,CASH_OUT,376400.31,0.0,0.0,388040.0,779659.14,0
6,CASH_OUT,273119.31,0.0,0.0,565529.07,346139.62,0
6,CASH_OUT,97771.23,0.0,0.0,3654690.97,4861702.48,0
6,CASH_OUT,129717.52,0.0,0.0,244776.0,521100.91,0
6,PAYMENT,20452.81,743272.0,722819.19,0.0,0.0,0
6,PAYMENT,13407.42,29802.0,16394.58,0.0,0.0,0
6,PAYMENT,43728.01,136754.0,93025.99,0.0,0.0,0
6,PAYMENT,8953.88,242.0,0.0,0.0,0.0,0
6,PAYMENT,25580.96,249.0,0.0,0.0,0.0,0
6,PAYMENT,18799.27,48061.0,29261.73,0.0,0.0,0
6,DEBIT,2411.42,21589.0,19177.58,9437.5,232681.17,0
6,PAYMENT,273.61,19177.58,18903.97,0.0,0.0,0
6,PAYMENT,39268.73,462936.0,423667.27,0.0,0.0,0
6,DEBIT,7374.81,133699.89,126325.09,142060.0,7859.25,0
6,PAYMENT,1559.81,126325.09,124765.28,0.0,0.0,0
6,PAYMENT,3626.07,48949.0,45322.93,0.0,0.0,0
6,PAYMENT,7185.9,71783.0,64597.1,0.0,0.0,0
6,TRANSFER,102145.81,31393.0,0.0,16400.0,230459.06,0
6,TRANSFER,330262.78,11389.0,0.0,51827.53,0.0,0
6,PAYMENT,20669.8,62022.0,41352.2,0.0,0.0,0
6,PAYMENT,2689.41,2136.0,0.0,0.0,0.0,0
6,PAYMENT,7712.29,0.0,0.0,0.0,0.0,0
6,TRANSFER,211207.36,0.0,0.0,424008.0,484595.24,0
6,TRANSFER,93296.5,50762.0,0.0,393.0,8748005.25,0
6,PAYMENT,2247.29,93366.0,91118.71,0.0,0.0,0
6,PAYMENT,13203.01,19969.0,6765.99,0.0,0.0,0
6,TRANSFER,111691.03,5006.0,0.0,0.0,117562.47,0
6,CASH_OUT,343046.11,0.0,0.0,3382000.83,5632383.36,0
6,PAYMENT,13048.61,21308.0,8259.39,0.0,0.0,0
6,CASH_OUT,205908.12,8259.39,0.0,368486.32,7837942.9,0
6,PAYMENT,1813.39,274.0,0.0,0.0,0.0,0
6,PAYMENT,7515.48,73252.0,65736.52,0.0,0.0,0
6,PAYMENT,6920.66,260072.0,253151.34,0.0,0.0,0
6,PAYMENT,18591.22,264732.0,246140.78,0.0,0.0,0
6,PAYMENT,12028.83,50898.0,38869.17,0.0,0.0,0
6,PAYMENT,16.29,5418.0,5401.71,0.0,0.0,0
6,PAYMENT,15806.57,32627.0,16820.43,0.0,0.0,0
6,PAYMENT,5471.85,29226.22,23754.36,0.0,0.0,0
6,CASH_OUT,57737.75,23754.36,0.0,65490.0,140821.4,0
6,TRANSFER,36863.19,20780.0,0.0,36746.0,73609.19,0
6,PAYMENT,18096.37,9074.0,0.0,0.0,0.0,0
6,PAYMENT,15314.84,30993.0,15678.16,0.0,0.0,0
6,TRANSFER,73844.55,11101.0,0.0,0.0,69295.43,0
6,PAYMENT,774.43,2287.0,1512.57,0.0,0.0,0
6,CASH_OUT,43145.46,1512.57,0.0,55445.0,0.0,0
6,PAYMENT,16771.05,17916.0,1144.95,0.0,0.0,0
6,PAYMENT,17373.62,37306.0,19932.38,0.0,0.0,0
6,PAYMENT,6800.9,173416.0,166615.1,0.0,0.0,0
6,PAYMENT,28084.57,110.0,0.0,0.0,0.0,0
6,TRANSFER,491920.0,725.0,0.0,13494.74,682530.5,0
6,PAYMENT,4115.83,10289.0,6173.17,0.0,0.0,0
6,TRANSFER,109865.4,82030.0,0.0,59560.0,355690.69,0
6,PAYMENT,83.01,2116.0,2032.99,0.0,0.0,0
6,PAYMENT,11132.52,10673.0,0.0,0.0,0.0,0
6,PAYMENT,12450.02,23565.35,11115.34,0.0,0.0,0
6,PAYMENT,16970.45,11115.34,0.0,0.0,0.0,0
6,PAYMENT,14608.67,11618.0,0.0,0.0,0.0,0
6,PAYMENT,2818.53,189.0,0.0,0.0,0.0,0
6,PAYMENT,16231.43,30392.0,14160.57,0.0,0.0,0
6,PAYMENT,1639.3,14160.57,12521.27,0.0,0.0,0
6,PAYMENT,10420.26,19809.0,9388.74,0.0,0.0,0
6,PAYMENT,41.93,9388.74,9346.81,0.0,0.0,0
6,PAYMENT,2132.75,9346.81,7214.06,0.0,0.0,0
6,PAYMENT,33857.1,110981.8,77124.71,0.0,0.0,0
6,PAYMENT,5711.32,77124.71,71413.38,0.0,0.0,0
6,PAYMENT,2694.66,6962.0,4267.34,0.0,0.0,0
6,PAYMENT,531.45,4267.34,3735.89,0.0,0.0,0
6,CASH_IN,284657.93,26903.0,311560.93,29482.0,0.0,0
6,PAYMENT,7463.22,9071.0,1607.78,0.0,0.0,0
6,PAYMENT,6322.81,6020.0,0.0,0.0,0.0,0
6,CASH_IN,56151.12,0.0,56151.12,128064.0,71912.88,0
6,CASH_IN,6441.93,56151.12,62593.04,153018.4,9701.14,0
6,CASH_IN,180870.42,62593.04,243463.47,1512928.31,2084795.89,0
6,CASH_IN,177793.46,243463.47,421256.92,180641.0,0.0,0
6,CASH_IN,403393.65,421256.92,824650.57,9197383.11,9092634.94,0
6,CASH_IN,374378.57,824650.57,1199029.14,434023.44,59644.87,0
6,CASH_IN,555921.6,1199029.14,1754950.74,587075.51,31153.91,0
6,CASH_IN,399998.92,1754950.74,2154949.66,9563426.09,10200000.0,0
6,CASH_IN,107588.94,2154949.66,2262538.6,2675419.22,5827219.22,0
6,CASH_IN,349084.96,2262538.6,2611623.56,583583.0,17298.53,0
6,CASH_IN,259049.85,2611623.56,2870673.41,1332057.89,2084795.89,0
6,CASH_IN,162410.51,2870673.41,3033083.92,373930.0,8208.1,0
6,CASH_IN,139209.07,3033083.92,3172292.99,166049.82,493580.49,0
6,CASH_IN,221584.67,3172292.99,3393877.66,805754.92,253888.02,0
6,CASH_IN,33975.45,3393877.66,3427853.11,66221.72,32246.27,0
6,CASH_IN,189095.53,3427853.11,3616948.64,583691.14,228783.05,0
6,CASH_IN,51696.89,3616948.64,3668645.53,211519.49,8208.1,0
6,CASH_IN,97173.8,3668645.53,3765819.34,117500.0,20326.2,0
6,CASH_IN,170656.02,3765819.34,3936475.35,299585.75,333751.15,0
6,CASH_IN,46644.73,3936475.35,3983120.08,78028.0,611272.03,0
6,CASH_IN,17923.87,3983120.08,4001043.95,46515.29,28591.42,0
6,CASH_IN,42874.29,4001043.95,4043918.24,123227.75,140821.4,0
6,CASH_IN,276974.44,4043918.24,4320892.68,6724357.4,5670581.45,0
6,CASH_IN,88549.9,4320892.68,4409442.58,107358.0,18808.1,0
6,CASH_IN,154372.69,4409442.58,4563815.27,822068.0,0.0,0
6,CASH_IN,113859.94,4563815.27,4677675.22,10800000.0,12900000.0,0
6,CASH_IN,278369.25,4677675.22,4956044.47,575658.59,1640349.09,0
6,CASH_IN,194642.4,4956044.47,5150686.87,220407.0,25764.6,0
6,CASH_IN,277447.82,5150686.87,5428134.69,293813.47,16365.64,0
6,CASH_IN,123601.07,5428134.69,5551735.75,188974.0,66761.47,0
6,CASH_IN,299234.56,5551735.75,5850970.32,482565.0,96037.24,0
6,CASH_IN,20606.91,5850970.32,5871577.23,44461.0,77986.84,0
6,CASH_IN,353210.38,5871577.23,6224787.6,12800000.0,12500000.0,0
6,CASH_IN,90206.82,6224787.6,6314994.42,261902.35,90640.96,0
6,CASH_IN,145697.63,6314994.42,6460692.05,11900000.0,15000000.0,0
6,CASH_IN,117372.63,6460692.05,6578064.68,215582.32,594958.48,0
6,CASH_IN,22883.86,6578064.68,6600948.54,29728.0,6844.14,0
6,CASH_IN,26775.37,6600948.54,6627723.92,30356.0,2405.31,0
6,CASH_IN,228957.76,6627723.92,6856681.68,1089860.52,960188.98,0
6,CASH_IN,276215.93,6856681.68,7132897.62,311670.75,0.0,0
6,CASH_IN,147303.27,7132897.62,7280200.89,901518.84,14659.86,0
6,CASH_IN,81947.39,7280200.89,7362148.27,228889.0,146941.61,0
6,CASH_IN,160681.58,7362148.27,7522829.85,635215.36,484595.24,0
6,CASH_IN,104695.79,7522829.85,7627525.64,229922.0,69362.32,0
6,CASH_IN,85360.76,7627525.64,7712886.4,110572.0,0.0,0
6,CASH_IN,141561.27,7712886.4,7854447.67,10700000.0,14900000.0,0
6,CASH_IN,206810.15,7854447.67,8061257.82,6525826.68,6129845.09,0
6,CASH_IN,25976.3,8061257.82,8087234.12,30703.0,4726.7,0
6,CASH_IN,117770.95,8087234.12,8205005.07,266725.19,225460.97,0
6,CASH_IN,162271.77,8205005.07,8367276.84,764440.31,779659.14,0
6,CASH_IN,44264.07,8367276.84,8411540.91,262257.05,113988.19,0
6,CASH_IN,292307.46,8411540.91,8703848.37,546224.26,40362.35,0
6,CASH_IN,151301.14,8703848.37,8855149.51,5188539.32,6712636.97,0
6,CASH_IN,343371.38,8855149.51,9198520.89,17300000.0,18100000.0,0
6,CASH_IN,8477.85,9198520.89,9206998.74,404445.0,757779.01,0
6,CASH_IN,400377.11,9206998.74,9607375.85,2567830.28,5827219.22,0
6,CASH_IN,204307.03,9607375.85,9811682.88,278646.0,0.0,0
6,CASH_IN,391209.48,9811682.88,10200000.0,8245234.16,7852593.45,0
6,CASH_IN,369168.98,10200000.0,10600000.0,754215.57,14659.86,0
6,CASH_IN,116215.63,10600000.0,10700000.0,430740.4,9973139.6,0
6,CASH_IN,299261.26,10700000.0,11000000.0,420710.0,266931.55,0
6,CASH_IN,241605.17,11000000.0,11200000.0,434626.99,24156.59,0
6,PAYMENT,23861.38,31318.0,7456.62,0.0,0.0,0
6,PAYMENT,4398.44,60228.0,55829.56,0.0,0.0,0
6,TRANSFER,141189.81,12906.0,0.0,67995.0,367724.8,0
6,PAYMENT,6210.12,0.0,0.0,0.0,0.0,0
6,PAYMENT,4759.68,0.0,0.0,0.0,0.0,0
6,PAYMENT,41727.65,0.0,0.0,0.0,0.0,0
6,PAYMENT,19869.17,0.0,0.0,0.0,0.0,0
6,PAYMENT,31546.47,0.0,0.0,0.0,0.0,0
6,PAYMENT,5718.98,0.0,0.0,0.0,0.0,0
6,PAYMENT,7749.22,0.0,0.0,0.0,0.0,0
6,PAYMENT,16362.86,0.0,0.0,0.0,0.0,0
6,PAYMENT,336.05,0.0,0.0,0.0,0.0,0
6,PAYMENT,414.32,0.0,0.0,0.0,0.0,0
6,PAYMENT,44660.63,0.0,0.0,0.0,0.0,0
6,PAYMENT,8844.72,0.0,0.0,0.0,0.0,0
6,PAYMENT,7955.58,0.0,0.0,0.0,0.0,0
6,PAYMENT,37887.08,344.0,0.0,0.0,0.0,0
6,PAYMENT,15033.16,11538.0,0.0,0.0,0.0,0
6,TRANSFER,262301.96,50537.0,0.0,3735.89,16804.47,0
6,PAYMENT,31211.8,11302.0,0.0,0.0,0.0,0
6,PAYMENT,3392.19,64738.71,61346.52,0.0,0.0,0
6,PAYMENT,5501.57,61346.52,55844.95,0.0,0.0,0
6,PAYMENT,6382.5,21022.0,14639.5,0.0,0.0,0
6,PAYMENT,17826.95,10506.0,0.0,0.0,0.0,0
6,PAYMENT,2945.31,20275.0,17329.69,0.0,0.0,0
6,PAYMENT,27668.81,13713.0,0.0,0.0,0.0,0
6,PAYMENT,18714.61,4157.0,0.0,0.0,0.0,0
6,TRANSFER,312895.63,40171.0,0.0,0.0,1556799.98,0
6,PAYMENT,4411.9,10441.0,6029.1,0.0,0.0,0
6,TRANSFER,245997.24,72503.0,0.0,0.0,210538.44,0
6,PAYMENT,7426.32,0.0,0.0,0.0,0.0,0
6,PAYMENT,9282.83,31167.0,21884.17,0.0,0.0,0
7,PAYMENT,9023.63,159253.0,150229.37,0.0,0.0,0
7,PAYMENT,13266.85,14358.0,1091.15,0.0,0.0,0
7,CASH_OUT,77253.21,1091.15,0.0,471444.0,336403.65,0
7,TRANSFER,360373.89,925.28,0.0,0.0,234828.48,0
7,PAYMENT,1526.5,0.0,0.0,0.0,0.0,0
7,PAYMENT,18747.29,0.0,0.0,0.0,0.0,0
7,PAYMENT,5248.34,134912.0,129663.66,0.0,0.0,0
7,PAYMENT,4944.21,48167.0,43222.79,0.0,0.0,0
7,PAYMENT,11933.67,183330.44,171396.76,0.0,0.0,0
7,CASH_OUT,75359.52,171396.76,96037.24,99910.0,45394.67,0
7,PAYMENT,5624.78,25211.24,19586.46,0.0,0.0,0
7,CASH_OUT,67787.89,19586.46,0.0,431002.28,182117.56,0
7,PAYMENT,5272.45,11681.0,6408.55,0.0,0.0,0
7,PAYMENT,5947.18,6408.55,461.38,0.0,0.0,0
7,PAYMENT,2392.42,75045.0,72652.58,0.0,0.0,0
7,PAYMENT,7046.53,72652.58,65606.05,0.0,0.0,0
7,TRANSFER,761871.16,1248.0,0.0,284974.0,777700.37,0
7,PAYMENT,3408.19,43047.0,39638.81,0.0,0.0,0
7,TRANSFER,905112.26,23316.0,0.0,31091.0,1328510.04,0
7,PAYMENT,3615.16,114.0,0.0,0.0,0.0,0
7,CASH_OUT,112681.95,0.0,0.0,121448.74,266931.55,0
7,PAYMENT,11877.65,15107.0,3229.35,0.0,0.0,0
7,PAYMENT,9065.86,5082.0,0.0,0.0,0.0,0
7,PAYMENT,12672.81,30515.0,17842.19,0.0,0.0,0
7,PAYMENT,5528.36,8043.0,2514.64,0.0,0.0,0
7,TRANSFER,437415.9,129552.0,0.0,623.0,0.0,0
7,TRANSFER,837439.12,0.0,0.0,2081530.01,3504660.25,0
7,PAYMENT,17864.89,152123.0,134258.11,0.0,0.0,0
7,TRANSFER,542435.88,8049.0,0.0,0.0,628574.97,0
7,CASH_OUT,30918.53,0.0,0.0,155620.72,823.49,0
7,PAYMENT,12691.35,48894.0,36202.65,0.0,0.0,0
7,PAYMENT,3790.42,8414.4,4623.98,0.0,0.0,0
7,PAYMENT,1966.5,4623.98,2657.47,0.0,0.0,0
7,PAYMENT,2627.97,26212.0,23584.03,0.0,0.0,0
7,CASH_OUT,3336.48,23584.03,20247.55,408205.0,0.0,0
7,CASH_OUT,252322.27,20247.55,0.0,503204.0,1273838.38,0
7,CASH_OUT,271308.11,0.0,0.0,8960118.08,10800000.0,0
7,CASH_OUT,560156.47,0.0,0.0,16900000.0,18000000.0,0
7,CASH_OUT,265115.26,0.0,0.0,298544.45,828787.26,0
7,CASH_OUT,160642.36,0.0,0.0,190539.16,1674676.75,0
7,CASH_OUT,23691.12,0.0,0.0,34225.0,57916.12,0
7,CASH_OUT,24971.08,0.0,0.0,41401.0,66372.08,0
7,DEBIT,2226.78,30674.0,28447.22,34858.0,19622.4,0
7,PAYMENT,3358.66,22409.0,19050.34,0.0,0.0,0
7,CASH_OUT,4339.89,17897.0,13557.11,101607.0,105946.89,0
7,PAYMENT,12294.76,11167.0,0.0,0.0,0.0,0
7,PAYMENT,12091.12,2847.54,0.0,0.0,0.0,0
7,PAYMENT,1620.17,0.0,0.0,0.0,0.0,0
7,PAYMENT,10364.69,14903.0,4538.31,0.0,0.0,0
7,PAYMENT,9621.65,23639.0,14017.35,0.0,0.0,0
7,PAYMENT,14852.76,302874.0,288021.24,0.0,0.0,0
7,PAYMENT,1748.86,1455.0,0.0,0.0,0.0,0
7,PAYMENT,8257.29,57116.0,48858.71,0.0,0.0,0
7,PAYMENT,4680.12,48858.71,44178.59,0.0,0.0,0
7,PAYMENT,1221.33,11246.0,10024.67,0.0,0.0,0
7,PAYMENT,4286.24,10024.67,5738.43,0.0,0.0,0
7,CASH_OUT,181882.49,143.0,0.0,0.0,16323.17,0
7,PAYMENT,3764.45,314524.77,310760.33,0.0,0.0,0
7,CASH_IN,39922.66,310760.33,350682.99,62731.0,22808.34,0
7,CASH_IN,234527.64,350682.99,585210.63,474533.78,484595.24,0
7,CASH_IN,908091.47,585210.63,1493302.1,3752462.19,4861702.48,0
7,CASH_IN,357932.51,1493302.1,1851234.61,15900000.0,17800000.0,0
7,CASH_IN,214662.24,1851234.61,2065896.84,15400000.0,15700000.0,0
7,CASH_IN,34511.23,2065896.84,2100408.07,122781.0,0.0,0
7,CASH_IN,185741.02,2100408.07,2286149.09,198374.07,12633.05,0
7,CASH_IN,23303.97,2286149.09,2309453.07,310198.0,484137.19,0
7,CASH_IN,85766.59,2309453.07,2395219.66,542435.88,628574.97,0
7,CASH_IN,99504.49,2395219.66,2494724.15,584170.24,253888.02,0
7,CASH_IN,201011.68,2494724.15,2695735.83,6153407.58,10000000.0,0
7,CASH_IN,166686.78,2695735.83,2862422.61,301294.72,98525.69,0
7,CASH_IN,306426.01,2862422.61,3168848.62,313234.0,6807.99,0
7,CASH_IN,19247.53,3168848.62,3188096.15,67867.28,61899.11,0
7,CASH_IN,42025.29,3188096.15,3230121.44,101427.0,53006.9,0
7,CASH_IN,159171.56,3230121.44,3389293.0,404503.76,561712.86,0
7,CASH_IN,173928.45,3389293.0,3563221.45,234143.0,15316.39,0
7,CASH_IN,324145.15,3563221.45,3887366.6,548697.21,336403.65,0
7,CASH_IN,75247.56,3887366.6,3962614.16,171695.52,90640.96,0
7,CASH_IN,40765.68,3962614.16,4003379.84,1073008.04,2084795.89,0
7,CASH_IN,24638.55,4003379.84,4028018.39,119345.51,40278.39,0
7,CASH_IN,56289.54,4028018.39,4084307.94,62111.53,5821.98,0
7,CASH_IN,33919.56,4084307.94,4118227.49,373103.0,7569059.16,0
7,CASH_IN,302915.15,4118227.49,4421142.64,377903.22,0.0,0
7,CASH_IN,213765.78,4421142.64,4634908.42,345283.88,211120.9,0
7,CASH_IN,340505.75,4634908.42,4975414.18,860902.76,960188.98,0
7,CASH_IN,193558.01,4975414.18,5168972.19,9163427.18,10200000.0,0
7,CASH_IN,271866.95,5168972.19,5440839.13,339183.44,7569059.16,0
7,CASH_IN,468052.79,5440839.13,5908891.92,15600000.0,17800000.0,0
7,CASH_IN,519071.69,5908891.92,6427963.61,15200000.0,15700000.0,0
7,CASH_IN,439105.26,6427963.61,6867068.87,11200000.0,9689179.38,0
7,CASH_IN,223666.66,6867068.87,7090735.53,442599.75,209838.16,0
7,CASH_IN,193318.64,7090735.53,7284054.17,10700000.0,12900000.0,0
7,CASH_IN,288038.89,7284054.17,7572093.06,498474.72,303190.22,0
7,CASH_IN,355458.78,7572093.06,7927551.84,627316.28,77922.92,0
7,CASH_IN,116884.29,7927551.84,8044436.13,10600000.0,14900000.0,0
7,CASH_IN,43698.21,8044436.13,8088134.34,158919.0,8444298.53,0
7,CASH_IN,47369.84,8088134.34,8135504.18,90056.0,0.0,0
7,CASH_IN,146117.38,8135504.18,8281621.57,15100000.0,17800000.0,0
7,CASH_IN,45157.63,8281621.57,8326779.2,563659.72,828787.26,0
7,CASH_IN,111430.78,8326779.2,8438209.98,115108.49,3677.71,0
7,CASH_IN,158274.46,8438209.98,8596484.44,992451.59,982743.75,0
7,CASH_IN,94712.61,8596484.44,8691197.05,300375.97,905385.44,0
7,TRANSFER,27609.08,7050.0,0.0,721.42,28330.5,0
7,CASH_OUT,128549.2,0.0,0.0,160349.0,25332.01,0
7,PAYMENT,16906.09,8104.0,0.0,0.0,0.0,0
7,PAYMENT,5689.82,0.0,0.0,0.0,0.0,0
7,PAYMENT,8309.37,0.0,0.0,0.0,0.0,0
7,PAYMENT,13870.79,99718.0,85847.21,0.0,0.0,0
7,PAYMENT,1149.98,4632.0,3482.02,0.0,0.0,0
7,CASH_OUT,206659.26,3482.02,0.0,12400000.0,12500000.0,0
7,CASH_OUT,85736.76,0.0,0.0,94706.96,40278.39,0
7,CASH_OUT,120817.37,0.0,0.0,165344.97,141644.5,0
7,CASH_OUT,261651.77,0.0,0.0,5952395.9,10000000.0,0
7,CASH_OUT,291944.52,0.0,0.0,2223039.23,3885428.17,0
7,CASH_OUT,125312.0,0.0,0.0,141509.0,896903.33,0
7,CASH_OUT,367180.86,0.0,0.0,518502.09,828787.26,0
7,CASH_OUT,414678.51,0.0,0.0,438147.29,371.65,0
7,CASH_OUT,171810.63,0.0,0.0,574394.44,7837942.9,0
7,PAYMENT,7863.57,202823.0,194959.43,0.0,0.0,0
7,PAYMENT,8818.98,147823.0,139004.02,0.0,0.0,0
7,PAYMENT,9769.56,86025.0,76255.44,0.0,0.0,0
7,PAYMENT,7590.75,20780.0,13189.25,0.0,0.0,0
7,PAYMENT,3153.75,13189.25,10035.5,0.0,0.0,0
7,PAYMENT,17951.43,10298.0,0.0,0.0,0.0,0
7,PAYMENT,8711.52,107881.0,99169.48,0.0,0.0,0
7,PAYMENT,12616.4,21175.0,8558.6,0.0,0.0,0
7,PAYMENT,8235.45,9923.0,1687.55,0.0,0.0,0
7,CASH_OUT,12375.97,30652.0,18276.03,137.0,12512.97,0
7,PAYMENT,2328.84,11510.0,9181.16,0.0,0.0,0
7,PAYMENT,546.23,19963.87,19417.63,0.0,0.0,0
7,PAYMENT,17352.02,19417.63,2065.61,0.0,0.0,0
7,PAYMENT,6856.57,10157.0,3300.43,0.0,0.0,0
7,PAYMENT,1910.23,3300.43,1390.2,0.0,0.0,0
7,TRANSFER,41664.88,123703.0,82038.12,23132.0,0.0,0
7,TRANSFER,7828.57,35454.82,27626.25,0.0,7828.57,0
7,CASH_OUT,462312.19,27626.25,0.0,17000000.0,18100000.0,0
7,PAYMENT,5941.84,50152.0,44210.16,0.0,0.0,0
7,CASH_OUT,207998.16,44210.16,0.0,746205.07,7837942.9,0
7,PAYMENT,5810.61,115406.38,109595.77,0.0,0.0,0
7,CASH_OUT,192841.14,109595.77,0.0,852825.81,371.65,0
7,CASH_OUT,5871.44,0.0,0.0,111691.03,117562.47,0
7,PAYMENT,6551.14,15839.0,9287.86,0.0,0.0,0
7,PAYMENT,1284.56,153.0,0.0,0.0,0.0,0
7,TRANSFER,329937.9,307.0,0.0,0.0,158489.25,0
7,PAYMENT,9455.05,0.0,0.0,0.0,0.0,0
7,PAYMENT,3326.56,83083.0,79756.44,0.0,0.0,0
7,PAYMENT,2391.85,398410.0,396018.15,0.0,0.0,0
7,PAYMENT,1074.55,27194.0,26119.45,0.0,0.0,0
7,DEBIT,5541.9,62048.0,56506.1,40407.0,90711.57,0
7,PAYMENT,5721.25,51347.0,45625.75,0.0,0.0,0
7,PAYMENT,553.84,5000.0,4446.16,0.0,0.0,0
7,PAYMENT,845.59,201071.0,200225.41,0.0,0.0,0
7,PAYMENT,11571.03,798628.0,787056.97,0.0,0.0,0
7,PAYMENT,6082.55,22403.0,16320.45,0.0,0.0,0
7,PAYMENT,15650.79,137413.0,121762.21,0.0,0.0,0
7,TRANSFER,159485.63,50496.0,0.0,99876.0,344137.53,0
7,CASH_OUT,304316.59,0.0,0.0,520397.01,960188.98,0
7,CASH_OUT,103305.97,0.0,0.0,473582.0,237615.79,0
7,PAYMENT,632.88,5053.0,4420.12,0.0,0.0,0
7,TRANSFER,131062.59,362.0,0.0,0.0,131062.59,0
7,DEBIT,1167.94,538.0,0.0,3042.0,7207.24,0
7,CASH_OUT,77235.45,15475.0,0.0,23854.09,77986.84,0
7,PAYMENT,2211.07,0.0,0.0,0.0,0.0,0
7,PAYMENT,824.63,0.0,0.0,0.0,0.0,0
7,CASH_OUT,86833.04,19860.0,0.0,106142.0,34524.7,0
7,TRANSFER,38342.4,114021.0,75678.6,0.0,38342.4,0
7,PAYMENT,8374.77,791.0,0.0,0.0,0.0,0
7,CASH_OUT,121722.45,0.0,0.0,326380.88,0.0,0
7,PAYMENT,7202.15,302095.0,294892.85,0.0,0.0,0
7,PAYMENT,10784.52,69164.0,58379.48,0.0,0.0,0
7,PAYMENT,4663.37,3091.0,0.0,0.0,0.0,0
7,DEBIT,2006.44,31555.0,29548.56,14900000.0,17800000.0,0
7,TRANSFER,234076.51,92938.0,0.0,248118.45,1193550.39,0
7,PAYMENT,10958.77,11430.0,471.23,0.0,0.0,0
7,CASH_OUT,429539.78,471.23,0.0,10400000.0,14900000.0,0
7,CASH_OUT,117635.7,0.0,0.0,6214047.68,10000000.0,0
7,CASH_OUT,207013.89,0.0,0.0,11800000.0,15000000.0,0
7,CASH_OUT,116112.9,0.0,0.0,167172.29,161722.17,0
7,CASH_OUT,52950.04,0.0,0.0,123527.42,52795.84,0
7,CASH_OUT,254340.65,0.0,0.0,3938671.15,3267222.75,0
7,CASH_OUT,444533.15,0.0,0.0,14100000.0,14700000.0,0
7,CASH_OUT,180681.32,0.0,0.0,8969869.17,10200000.0,0
7,CASH_OUT,65655.35,0.0,0.0,100272.0,916266.8,0
7,CASH_OUT,231151.17,0.0,0.0,384746.03,755381.3,0
7,CASH_OUT,58470.79,0.0,0.0,71225.39,47634.67,0
7,CASH_OUT,42079.24,0.0,0.0,123832.0,174354.81,0
7,CASH_OUT,173774.13,0.0,0.0,847149.78,1626304.94,0
7,CASH_OUT,79602.79,0.0,0.0,131518.1,211120.9,0
7,CASH_OUT,70587.22,0.0,0.0,108597.29,31831.51,0
7,CASH_OUT,278506.83,0.0,0.0,1715110.83,1655753.7,0
7,CASH_OUT,138373.64,0.0,0.0,279670.79,1906158.59,0
7,PAYMENT,3107.72,10177.0,7069.28,0.0,0.0,0
7,CASH_OUT,359216.69,7069.28,0.0,2514983.75,3885428.17,0
7,CASH_IN,103932.55,54.0,103986.55,2868.86,0.0,0
7,PAYMENT,971.73,103986.55,103014.81,0.0,0.0,0
7,PAYMENT,3544.17,103014.81,99470.64,0.0,0.0,0
7,PAYMENT,926.85,99470.64,98543.79,0.0,0.0,0
7,PAYMENT,31108.12,98543.79,67435.67,0.0,0.0,0
7,PAYMENT,1935.26,67435.67,65500.41,0.0,0.0,0
7,PAYMENT,27690.45,65500.41,37809.96,0.0,0.0,0
7,PAYMENT,11771.65,37809.96,26038.31,0.0,0.0,0
7,PAYMENT,18861.09,26038.31,7177.22,0.0,0.0,0
7,PAYMENT,2214.56,7177.22,4962.67,0.0,0.0,0
7,PAYMENT,1309.91,4962.67,3652.75,0.0,0.0,0
7,PAYMENT,9866.63,3652.75,0.0,0.0,0.0,0
7,PAYMENT,10330.01,0.0,0.0,0.0,0.0,0
7,PAYMENT,10536.99,0.0,0.0,0.0,0.0,0
7,PAYMENT,12317.87,0.0,0.0,0.0,0.0,0
7,PAYMENT,9633.05,0.0,0.0,0.0,0.0,0
7,PAYMENT,2515.77,0.0,0.0,0.0,0.0,0
7,PAYMENT,7544.82,0.0,0.0,0.0,0.0,0
7,PAYMENT,12241.43,0.0,0.0,0.0,0.0,0
7,CASH_OUT,105091.11,23061.0,0.0,180443.72,40278.39,0
7,PAYMENT,6664.42,135669.0,129004.58,0.0,0.0,0
7,PAYMENT,6112.75,17767.0,11654.25,0.0,0.0,0
7,PAYMENT,1339.12,257710.0,256370.88,0.0,0.0,0
7,CASH_IN,227204.83,256370.88,483575.72,6447382.96,5670581.45,0
7,CASH_IN,213554.46,483575.72,697130.17,253916.8,40362.35,0
7,CASH_IN,153124.3,697130.17,850254.47,155551.0,0.0,0
7,CASH_IN,162902.6,850254.47,1013157.07,2077254.38,2813795.5,0
7,CASH_IN,193980.81,1013157.07,1207137.88,211963.2,17982.39,0
7,CASH_IN,115440.53,1207137.88,1322578.41,128596.0,0.0,0
7,CASH_IN,315210.66,1322578.41,1637789.07,2918969.13,3504660.25,0
7,CASH_IN,121981.71,1637789.07,1759770.79,314262.63,499000.92,0
7,CASH_IN,336410.5,1759770.79,2096181.29,411541.48,0.0,0
7,CASH_IN,274903.54,2096181.29,2371084.83,13400000.0,13100000.0,0
7,CASH_IN,7818.14,2371084.83,2378902.97,31570.0,23751.86,0
7,CASH_IN,70318.64,2378902.97,2449221.61,251644.29,99358.0,0
7,CASH_IN,395368.45,2449221.61,2844590.06,6220178.13,5670581.45,0
7,CASH_IN,35015.29,2844590.06,2879605.35,51361.91,16346.62,0
7,CASH_IN,140934.36,2879605.35,3020539.71,142672.0,0.0,0
7,CASH_IN,80222.52,3020539.71,3100762.23,97544.43,649298.27,0
7,CASH_IN,439348.62,3100762.23,3540110.85,5037238.17,6712636.97,0
7,CASH_IN,182036.49,3540110.85,3722147.34,185023.0,2986.51,0
7,CASH_IN,77816.36,3722147.34,3799963.7,157217.94,79401.58,0
7,CASH_IN,78369.94,3799963.7,3878333.64,204838.0,243068.85,0
7,CASH_IN,51260.1,3878333.64,3929593.74,102413.2,51153.1,0
7,CASH_IN,124646.3,3929593.74,4054240.04,6319016.53,6129845.09,0
7,PAYMENT,2997.84,1498.0,0.0,0.0,0.0,0
7,CASH_OUT,123372.55,34521.0,0.0,0.0,360880.92,0
7,PAYMENT,2693.26,0.0,0.0,0.0,0.0,0
7,PAYMENT,4798.8,0.0,0.0,0.0,0.0,0
7,PAYMENT,5756.56,0.0,0.0,0.0,0.0,0
7,PAYMENT,25404.53,0.0,0.0,0.0,0.0,0
7,PAYMENT,827.69,0.0,0.0,0.0,0.0,0
7,PAYMENT,5501.2,0.0,0.0,0.0,0.0,0
7,PAYMENT,14766.83,0.0,0.0,0.0,0.0,0
7,PAYMENT,10382.73,0.0,0.0,0.0,0.0,0
7,PAYMENT,10469.87,0.0,0.0,0.0,0.0,0
7,PAYMENT,16319.94,0.0,0.0,0.0,0.0,0
7,PAYMENT,17978.68,0.0,0.0,0.0,0.0,0
7,PAYMENT,9230.32,0.0,0.0,0.0,0.0,0
7,PAYMENT,1370.69,0.0,0.0,0.0,0.0,0
7,PAYMENT,10533.04,0.0,0.0,0.0,0.0,0
7,PAYMENT,285.59,0.0,0.0,0.0,0.0,0
7,PAYMENT,4800.76,0.0,0.0,0.0,0.0,0
7,PAYMENT,10156.0,0.0,0.0,0.0,0.0,0
7,PAYMENT,9414.48,0.0,0.0,0.0,0.0,0
7,PAYMENT,2674.73,0.0,0.0,0.0,0.0,0
7,PAYMENT,1571.83,0.0,0.0,0.0,0.0,0
7,PAYMENT,1803.28,0.0,0.0,0.0,0.0,0
7,PAYMENT,3633.39,0.0,0.0,0.0,0.0,0
7,PAYMENT,4178.46,52289.0,48110.54,0.0,0.0,0
7,PAYMENT,4456.99,19167.0,14710.01,0.0,0.0,0
7,TRANSFER,400444.34,589.0,0.0,0.0,421984.74,0
7,PAYMENT,930.18,20493.0,19562.82,0.0,0.0,0
7,PAYMENT,218.27,85326.0,85107.73,0.0,0.0,0
7,PAYMENT,1041.96,70789.0,69747.04,0.0,0.0,0
7,TRANSFER,451568.12,51178.0,0.0,9150550.49,10200000.0,0
7,TRANSFER,104539.76,1288.0,0.0,0.0,98172.83,0
7,PAYMENT,8061.1,12624.0,4562.9,0.0,0.0,0
7,PAYMENT,3866.19,4562.9,696.71,0.0,0.0,0
7,PAYMENT,2865.64,779.0,0.0,0.0,0.0,0
7,DEBIT,5418.64,3088.0,0.0,45155.0,98719.13,0
7,TRANSFER,632361.53,158925.0,0.0,1848371.68,1995598.25,0
7,PAYMENT,10229.88,100351.0,90121.12,0.0,0.0,0
7,TRANSFER,469688.29,44459.0,0.0,99266.34,522428.46,0
7,TRANSFER,591464.21,383075.0,0.0,5043.0,1657750.89,0
7,CASH_IN,105860.8,11318.0,117178.8,0.0,0.0,0
7,PAYMENT,3535.08,5187.0,1651.92,0.0,0.0,0
7,PAYMENT,5565.73,72723.0,67157.27,0.0,0.0,0
7,PAYMENT,2513.17,67157.27,64644.11,0.0,0.0,0
7,PAYMENT,24324.01,64644.11,40320.09,0.0,0.0,0
7,PAYMENT,10620.41,40320.09,29699.68,0.0,0.0,0
7,PAYMENT,4996.41,29699.68,24703.27,0.0,0.0,0
7,PAYMENT,20328.6,24703.27,4374.67,0.0,0.0,0
7,PAYMENT,35279.33,4374.67,0.0,0.0,0.0,0
7,PAYMENT,3169.16,0.0,0.0,0.0,0.0,0
7,PAYMENT,8358.83,0.0,0.0,0.0,0.0,0
7,PAYMENT,2320.65,0.0,0.0,0.0,0.0,0
7,PAYMENT,5733.09,0.0,0.0,0.0,0.0,0
7,PAYMENT,14441.29,0.0,0.0,0.0,0.0,0
7,PAYMENT,2518.63,0.0,0.0,0.0,0.0,0
7,PAYMENT,13517.94,0.0,0.0,0.0,0.0,0
7,PAYMENT,7925.72,0.0,0.0,0.0,0.0,0
7,PAYMENT,24034.28,0.0,0.0,0.0,0.0,0
7,PAYMENT,17036.48,0.0,0.0,0.0,0.0,0
7,PAYMENT,27888.72,0.0,0.0,0.0,0.0,0
7,PAYMENT,3417.61,0.0,0.0,0.0,0.0,0
7,PAYMENT,10558.24,0.0,0.0,0.0,0.0,0
7,PAYMENT,1847.37,0.0,0.0,0.0,0.0,0
7,TRANSFER,411399.71,20471.0,0.0,0.0,68216.27,0
7,TRANSFER,121362.51,121950.0,587.49,3665641.55,7488671.79,0
7,CASH_OUT,54395.2,587.49,0.0,189573.05,561728.05,0
7,CASH_OUT,59416.73,81576.0,22159.27,5734.0,65150.73,0
7,PAYMENT,565.49,239.0,0.0,0.0,0.0,0
7,PAYMENT,2395.77,20170.0,17774.23,0.0,0.0,0
7,PAYMENT,6864.68,98530.0,91665.32,0.0,0.0,0
7,PAYMENT,19551.26,234498.04,214946.78,0.0,0.0,0
7,CASH_OUT,197648.26,214946.78,17298.53,14600000.0,15700000.0,0
7,PAYMENT,6779.67,38786.0,32006.33,0.0,0.0,0
7,PAYMENT,412.18,10252.0,9839.82,0.0,0.0,0
7,PAYMENT,2780.75,30107.0,27326.25,0.0,0.0,0
7,PAYMENT,7466.06,32510.0,25043.94,0.0,0.0,0
7,PAYMENT,7769.72,3874.0,0.0,0.0,0.0,0
7,CASH_IN,37603.83,106664.0,144267.83,105917.0,0.0,0
7,PAYMENT,9173.09,918.0,0.0,0.0,0.0,0
7,TRANSFER,1242030.96,61454.0,0.0,37019.0,1074318.86,0
7,PAYMENT,883.88,31447.0,30563.12,0.0,0.0,0
7,CASH_OUT,268049.77,30563.12,0.0,286162.34,141644.5,0
7,CASH_OUT,157442.78,0.0,0.0,9231426.19,10800000.0,0
7,PAYMENT,1593.64,3545.0,1951.36,0.0,0.0,0
7,CASH_OUT,158333.5,1951.36,0.0,165911.24,174354.81,0
7,PAYMENT,10808.4,20839.0,10030.6,0.0,0.0,0
7,PAYMENT,3439.96,10030.6,6590.64,0.0,0.0,0
7,PAYMENT,2322.82,6590.64,4267.83,0.0,0.0,0
7,PAYMENT,6585.38,4267.83,0.0,0.0,0.0,0
7,PAYMENT,23513.69,0.0,0.0,0.0,0.0,0
7,PAYMENT,4095.71,1853.0,0.0,0.0,0.0,0
7,PAYMENT,15006.45,8239.0,0.0,0.0,0.0,0
7,TRANSFER,129859.44,10659.0,0.0,185118.0,14230.4,0
7,PAYMENT,2570.96,198381.0,195810.04,0.0,0.0,0
7,DEBIT,4163.28,276649.0,272485.72,4583.0,19340.53,0
7,CASH_IN,314929.23,5007.0,319936.23,14945.52,0.0,0
7,PAYMENT,23492.26,319936.23,296443.96,0.0,0.0,0
7,TRANSFER,599342.88,51763.0,0.0,59566.12,148900.44,0
7,PAYMENT,4607.26,48639.0,44031.74,0.0,0.0,0
7,PAYMENT,15973.19,39517.0,23543.81,0.0,0.0,0
7,TRANSFER,9738.48,38712.0,28973.52,48167.0,41376.39,0
7,PAYMENT,8500.77,10846.0,2345.23,0.0,0.0,0
7,PAYMENT,309.78,2345.23,2035.45,0.0,0.0,0
7,PAYMENT,13239.13,29481.0,16241.87,0.0,0.0,0
7,PAYMENT,1557.36,11300.0,9742.64,0.0,0.0,0
7,PAYMENT,9801.45,49758.0,39956.55,0.0,0.0,0
7,PAYMENT,3984.14,59401.71,55417.56,0.0,0.0,0
7,PAYMENT,2410.67,55417.56,53006.9,0.0,0.0,0
7,PAYMENT,5078.24,41733.0,36654.76,0.0,0.0,0
7,PAYMENT,17126.04,8476.0,0.0,0.0,0.0,0
7,CASH_OUT,141917.76,0.0,0.0,10400000.0,10200000.0,0
7,PAYMENT,6624.39,10487.0,3862.61,0.0,0.0,0
7,PAYMENT,1194.51,20230.0,19035.49,0.0,0.0,0
7,TRANSFER,118404.75,70815.0,0.0,28212.0,0.0,0
7,CASH_IN,10781.11,5591.0,16372.11,0.0,314551.85,0
7,CASH_OUT,217460.33,16372.11,0.0,14800000.0,15700000.0,0
7,PAYMENT,9773.88,111980.0,102206.12,0.0,0.0,0
7,PAYMENT,7826.37,102206.12,94379.74,0.0,0.0,0
7,CASH_IN,173696.06,29738.0,203434.06,150194.0,0.0,0
7,PAYMENT,15258.14,1986.0,0.0,0.0,0.0,0
7,PAYMENT,6356.01,10787.0,4430.99,0.0,0.0,0
7,PAYMENT,480.03,9375.0,8894.97,0.0,0.0,0
7,CASH_OUT,141289.74,8894.97,0.0,5388625.07,5214288.59,0
7,PAYMENT,10200.43,20141.0,9940.57,0.0,0.0,0
7,PAYMENT,9802.73,211764.0,201961.27,0.0,0.0,0
7,PAYMENT,9383.43,1177.0,0.0,0.0,0.0,0
7,PAYMENT,5123.99,16936.0,11812.01,0.0,0.0,0
7,PAYMENT,5422.72,11812.01,6389.29,0.0,0.0,0
7,PAYMENT,34866.59,6389.29,0.0,0.0,0.0,0
7,PAYMENT,3679.63,272.0,0.0,0.0,0.0,0
7,CASH_OUT,259743.76,0.0,0.0,2844370.72,4861702.48,0
7,PAYMENT,12835.96,28597.0,15761.04,0.0,0.0,0
7,PAYMENT,1062.06,103256.0,102193.94,0.0,0.0,0
7,CASH_IN,182452.71,102193.94,284646.65,482194.95,1193550.39,0
7,CASH_IN,172588.84,284646.65,457235.5,4074392.42,5020386.7,0
7,CASH_IN,212127.94,457235.5,669363.43,425769.98,55290.48,0
7,CASH_IN,267716.65,669363.43,937080.09,1045666.95,371.65,0
7,CASH_IN,140852.52,937080.09,1077932.61,834177.13,982743.75,0
7,CASH_IN,23966.48,1077932.61,1101899.09,64836.97,40870.49,0
7,CASH_IN,137985.07,1101899.09,1239884.16,418044.43,1906158.59,0
7,CASH_IN,207762.47,1239884.16,1447646.63,12600000.0,12500000.0,0
7,CASH_IN,101075.48,1447646.63,1548722.12,138188.44,37112.96,0
7,CASH_IN,282150.32,1548722.12,1830872.44,4923997.0,5251235.25,0
7,CASH_IN,245256.44,1830872.44,2076128.88,285534.83,40278.39,0
7,CASH_IN,26884.31,2076128.88,2103013.19,139962.0,113077.69,0
7,CASH_IN,33051.37,2103013.19,2136064.56,159822.6,8208.1,0
7,CASH_IN,64525.15,2136064.56,2200589.71,6194370.23,6129845.09,0
7,CASH_IN,185113.63,2200589.71,2385703.34,6739716.03,6779118.04,0
7,CASH_IN,39244.81,2385703.34,2424948.15,209184.81,367724.8,0
7,CASH_IN,250578.65,2424948.15,2675526.8,996391.0,1699431.84,0
7,CASH_IN,374031.59,2675526.8,3049558.38,9602118.61,10200000.0,0
7,PAYMENT,4435.37,6052.0,1616.63,0.0,0.0,0
7,PAYMENT,10903.02,5626.0,0.0,0.0,0.0,0
7,PAYMENT,6291.23,10445.0,4153.77,0.0,0.0,0
7,PAYMENT,2206.56,20857.0,18650.44,0.0,0.0,0
7,PAYMENT,5370.06,15380.0,10009.94,0.0,0.0,0
7,PAYMENT,3136.92,19990.0,16853.08,0.0,0.0,0
7,DEBIT,499.86,47547.0,47047.14,277478.0,277977.86,0
7,PAYMENT,7706.46,47047.14,39340.68,0.0,0.0,0
7,PAYMENT,4411.68,195660.0,191248.32,0.0,0.0,0
7,PAYMENT,7939.48,10744.0,2804.52,0.0,0.0,0
7,PAYMENT,7548.35,30419.0,22870.65,0.0,0.0,0
7,PAYMENT,967.31,30387.0,29419.69,0.0,0.0,0
7,TRANSFER,10594.26,14660.0,4065.74,8746.28,19340.53,0
7,PAYMENT,5368.23,98643.0,93274.77,0.0,0.0,0
7,PAYMENT,7533.07,21880.0,14346.93,0.0,0.0,0
7,PAYMENT,651.54,92281.0,91629.46,0.0,0.0,0
7,PAYMENT,5585.31,91629.46,86044.14,0.0,0.0,0
7,PAYMENT,3397.33,85916.0,82518.67,0.0,0.0,0
7,PAYMENT,276.04,14607.0,14330.96,0.0,0.0,0
7,TRANSFER,363063.88,14330.96,0.0,2859722.47,5352935.74,0
7,PAYMENT,2605.08,10313.0,7707.92,0.0,0.0,0
7,PAYMENT,4908.85,7707.92,2799.07,0.0,0.0,0
7,PAYMENT,15969.13,420059.0,404089.87,0.0,0.0,0
7,CASH_OUT,38323.66,13746.0,0.0,73147.6,111471.26,0
7,PAYMENT,10476.7,0.0,0.0,0.0,0.0,0
7,CASH_OUT,61922.54,103119.0,41196.46,165927.35,916266.8,0
7,PAYMENT,4603.71,62522.0,57918.29,0.0,0.0,0
7,PAYMENT,6163.43,3850.0,0.0,0.0,0.0,0
7,PAYMENT,6951.07,104432.0,97480.93,0.0,0.0,0
7,PAYMENT,4630.4,122.0,0.0,0.0,0.0,0
7,CASH_OUT,47779.84,0.0,0.0,104078.0,151857.84,0
7,CASH_IN,197390.5,64949.0,262339.5,21521.0,0.0,0
7,PAYMENT,4355.69,20143.0,15787.31,0.0,0.0,0
7,PAYMENT,3643.48,40570.0,36926.52,0.0,0.0,0
7,CASH_OUT,209202.05,312873.0,103670.95,1390.2,1005781.48,0
7,PAYMENT,483.98,36953.0,36469.02,0.0,0.0,0
7,PAYMENT,3214.67,46181.0,42966.33,0.0,0.0,0
7,PAYMENT,11611.66,42966.33,31354.67,0.0,0.0,0
7,PAYMENT,15116.37,31354.67,16238.3,0.0,0.0,0
7,PAYMENT,2878.68,240.0,0.0,0.0,0.0,0
7,PAYMENT,6849.71,50432.0,43582.29,0.0,0.0,0
7,TRANSFER,668885.18,28308.0,0.0,280059.36,1906158.59,0
7,CASH_OUT,105124.6,0.0,0.0,113612.92,347091.08,0
7,PAYMENT,15036.18,166598.0,151561.82,0.0,0.0,0
7,PAYMENT,5070.28,312342.0,307271.72,0.0,0.0,0
7,PAYMENT,6821.43,11252.0,4430.57,0.0,0.0,0
7,PAYMENT,2928.73,5065.0,2136.27,0.0,0.0,0
7,TRANSFER,328175.59,45378.0,0.0,12400000.0,12500000.0,0
7,PAYMENT,3946.88,89504.0,85557.12,0.0,0.0,0
7,PAYMENT,2910.53,51256.0,48345.47,0.0,0.0,0
7,PAYMENT,12650.89,48345.47,35694.58,0.0,0.0,0
7,PAYMENT,2519.4,35694.58,33175.17,0.0,0.0,0
7,PAYMENT,14021.39,125701.0,111679.61,0.0,0.0,0
7,PAYMENT,9138.62,21564.0,12425.38,0.0,0.0,0
7,PAYMENT,8166.04,22136.0,13969.96,0.0,0.0,0
7,PAYMENT,4796.19,20774.0,15977.81,0.0,0.0,0
7,PAYMENT,9682.0,15977.81,6295.81,0.0,0.0,0
7,PAYMENT,3567.99,130873.0,127305.01,0.0,0.0,0
7,PAYMENT,15974.63,25746.0,9771.37,0.0,0.0,0
7,PAYMENT,1538.51,479.0,0.0,0.0,0.0,0
7,PAYMENT,8987.61,0.0,0.0,0.0,0.0,0
7,PAYMENT,35532.03,0.0,0.0,0.0,0.0,0
7,PAYMENT,16034.17,1521.0,0.0,0.0,0.0,0
7,PAYMENT,13204.3,0.0,0.0,0.0,0.0,0
7,PAYMENT,21131.52,0.0,0.0,0.0,0.0,0
7,PAYMENT,5874.22,21850.0,15975.78,0.0,0.0,0
7,PAYMENT,4854.86,20379.0,15524.14,0.0,0.0,0
7,PAYMENT,5238.34,20454.0,15215.66,0.0,0.0,0
7,PAYMENT,2337.09,41378.0,39040.91,0.0,0.0,0
7,CASH_IN,135364.07,39040.91,174404.98,205828.0,70463.93,0
7,CASH_IN,372848.83,174404.98,547253.81,7854024.68,7852593.45,0
7,CASH_IN,66732.14,547253.81,613985.95,105758.0,20966.38,0
7,CASH_IN,273499.22,613985.95,887485.18,754472.61,631354.92,0
7,CASH_IN,529190.35,887485.18,1416675.53,17400000.0,18100000.0,0
7,CASH_IN,193934.58,1416675.53,1610610.1,271857.5,77922.92,0
7,CASH_IN,186699.23,1610610.1,1797309.34,2874200.44,3885428.17,0
7,CASH_IN,276651.07,1797309.34,2073960.4,10600000.0,10200000.0,0
7,CASH_IN,231126.61,2073960.4,2305087.02,718609.35,1289357.76,0
7,CASH_IN,249233.37,2305087.02,2554320.39,266037.85,16804.47,0
7,CASH_IN,44453.81,2554320.39,2598774.2,175269.52,45394.67,0
7,CASH_IN,154228.23,2598774.2,2753002.43,5824809.68,5670581.45,0
7,CASH_IN,225798.64,2753002.43,2978801.08,3049558.38,5876339.66,0
7,CASH_IN,194451.87,2978801.08,3173252.94,345945.73,108483.43,0
7,CASH_IN,49431.49,3173252.94,3222684.43,72112.0,22680.51,0
7,CASH_IN,245484.78,3222684.43,3468169.21,462232.0,947554.33,0
7,CASH_IN,21954.96,3468169.21,3490124.17,245332.21,561712.86,0
7,CASH_IN,868684.99,3490124.17,4358809.16,4193011.8,3267222.75,0
7,CASH_IN,29010.6,4358809.16,4387819.76,73844.55,69295.43,0
7,CASH_IN,14809.24,4387819.76,4402629.0,100664.0,85854.76,0
7,CASH_IN,97806.47,4402629.0,4500435.47,124765.28,0.0,0
7,PAYMENT,5385.54,55858.0,50472.46,0.0,0.0,0
7,PAYMENT,14439.4,11545.0,0.0,0.0,0.0,0
7,CASH_OUT,178514.46,51383.0,0.0,0.0,588891.42,0
7,PAYMENT,599.0,525.0,0.0,0.0,0.0,0
7,CASH_IN,131892.09,30087.0,161979.09,20934.0,0.0,0
7,TRANSFER,585116.33,12047.0,0.0,0.0,115640.96,0
7,PAYMENT,2136.5,9306.0,7169.5,0.0,0.0,0
7,TRANSFER,914938.38,9965.0,0.0,20839.0,4625599.45,0
7,PAYMENT,3005.72,31403.0,28397.28,0.0,0.0,0
7,CASH_IN,132499.75,10269.0,142768.75,135327.21,2827.46,0
7,PAYMENT,203.52,41522.0,41318.48,0.0,0.0,0
7,TRANSFER,547982.86,437.0,0.0,189527.57,1239108.91,0
7,PAYMENT,5610.22,180899.0,175288.78,0.0,0.0,0
7,DEBIT,1839.45,149434.81,147595.36,87251.18,89090.63,0
7,PAYMENT,7162.79,147595.36,140432.57,0.0,0.0,0
7,PAYMENT,14060.49,140432.57,126372.08,0.0,0.0,0
7,TRANSFER,740455.48,14827.0,0.0,30496.0,2324423.73,0
7,PAYMENT,12880.69,0.0,0.0,0.0,0.0,0
7,PAYMENT,8282.81,177501.0,169218.19,0.0,0.0,0
7,CASH_OUT,239692.36,169218.19,0.0,10500000.0,12900000.0,0
7,TRANSFER,77606.35,674.0,0.0,94379.74,322941.28,0
7,PAYMENT,7054.83,336688.0,329633.17,0.0,0.0,0
7,TRANSFER,85459.53,124736.0,39276.47,0.0,85459.53,0
7,DEBIT,4270.25,12571.0,8300.75,88269.77,0.0,0
7,PAYMENT,7624.65,8300.75,676.11,0.0,0.0,0
7,PAYMENT,2375.97,676.11,0.0,0.0,0.0,0
7,PAYMENT,4270.36,0.0,0.0,0.0,0.0,0
7,PAYMENT,41749.41,0.0,0.0,0.0,0.0,0
7,PAYMENT,1561.11,0.0,0.0,0.0,0.0,0
7,PAYMENT,14734.61,0.0,0.0,0.0,0.0,0
7,PAYMENT,12443.21,0.0,0.0,0.0,0.0,0
7,PAYMENT,3727.23,0.0,0.0,0.0,0.0,0
7,PAYMENT,10.48,0.0,0.0,0.0,0.0,0
7,PAYMENT,10131.78,20125.0,9993.22,0.0,0.0,0
7,PAYMENT,1713.7,9993.22,8279.52,0.0,0.0,0
7,TRANSFER,287284.26,32981.0,0.0,1032242.36,2084795.89,0
7,PAYMENT,8170.1,176168.0,167997.9,0.0,0.0,0
7,PAYMENT,4702.01,404.0,0.0,0.0,0.0,0
7,PAYMENT,1519.45,106483.0,104963.55,0.0,0.0,0
7,PAYMENT,3036.06,20867.0,17830.94,0.0,0.0,0
7,PAYMENT,4259.68,405624.0,401364.32,0.0,0.0,0
7,PAYMENT,5435.84,22704.0,17268.16,0.0,0.0,0
7,PAYMENT,3232.99,51202.0,47969.01,0.0,0.0,0
7,PAYMENT,10110.26,21889.0,11778.74,0.0,0.0,0
7,PAYMENT,16807.66,11778.74,0.0,0.0,0.0,0
7,PAYMENT,7670.1,0.0,0.0,0.0,0.0,0
7,PAYMENT,16913.76,288.0,0.0,0.0,0.0,0
7,PAYMENT,2077.39,10927.0,8849.61,0.0,0.0,0
7,PAYMENT,12917.05,335954.0,323036.95,0.0,0.0,0
7,PAYMENT,10752.66,37700.0,26947.34,0.0,0.0,0
7,PAYMENT,6069.86,593291.0,587221.14,0.0,0.0,0
7,CASH_IN,141256.14,11523.0,152779.14,18903.97,0.0,0
7,PAYMENT,2402.8,5020.0,2617.2,0.0,0.0,0
7,PAYMENT,2826.25,74338.97,71512.73,0.0,0.0,0
7,CASH_OUT,193646.29,71512.73,0.0,17400000.0,18000000.0,0
7,PAYMENT,6314.93,198.0,0.0,0.0,0.0,0
7,TRANSFER,1306489.06,0.0,0.0,12000000.0,15000000.0,0
7,TRANSFER,2576294.8,0.0,0.0,10900000.0,14900000.0,0
7,TRANSFER,1675530.06,0.0,0.0,4901809.61,6385836.94,0
7,TRANSFER,1757588.0,0.0,0.0,3104114.48,4861702.48,0
7,TRANSFER,12717.38,0.0,0.0,6331683.38,10000000.0,0
7,TRANSFER,553290.0,0.0,0.0,6554602.4,6779118.04,0
7,TRANSFER,323892.84,0.0,0.0,745812.35,1699431.84,0
7,TRANSFER,1632164.9,0.0,0.0,16900000.0,18100000.0,0
7,PAYMENT,3814.15,5087.0,1272.85,0.0,0.0,0
7,PAYMENT,11887.32,37481.0,25593.68,0.0,0.0,0
7,TRANSFER,334334.42,2040.0,0.0,41206.0,0.0,0
7,PAYMENT,215.05,195401.0,195185.95,0.0,0.0,0
7,PAYMENT,6382.19,154723.0,148340.81,0.0,0.0,0
7,TRANSFER,498910.36,148340.81,0.0,12800000.0,12500000.0,0
7,TRANSFER,1322921.3,0.0,0.0,2823759.74,5876339.66,0
7,TRANSFER,1168723.46,0.0,0.0,3222786.36,5352935.74,0
7,TRANSFER,423316.32,0.0,0.0,15100000.0,15700000.0,0
7,TRANSFER,428331.88,0.0,0.0,716745.1,5652054.58,0
7,TRANSFER,913805.64,0.0,0.0,2687501.21,3885428.17,0
7,TRANSFER,792727.79,0.0,0.0,3787004.06,7488671.79,0
7,TRANSFER,997659.79,0.0,0.0,9388868.97,10800000.0,0
7,TRANSFER,152351.18,0.0,0.0,405952.0,558303.18,0
7,TRANSFER,611874.69,0.0,0.0,1069705.19,1699431.84,0
7,TRANSFER,391868.6,30096.0,0.0,0.0,7965.05,0
7,PAYMENT,1376.57,54767.0,53390.43,0.0,0.0,0
7,PAYMENT,1434.08,79925.0,78490.92,0.0,0.0,0
7,CASH_OUT,248605.85,199311.0,0.0,10370.0,0.0,0
7,PAYMENT,4566.06,116044.0,111477.94,0.0,0.0,0
7,PAYMENT,4734.66,10132.0,5397.34,0.0,0.0,0
7,PAYMENT,6228.16,5397.34,0.0,0.0,0.0,0
7,PAYMENT,10283.64,61245.0,50961.36,0.0,0.0,0
7,PAYMENT,3905.77,50961.36,47055.59,0.0,0.0,0
7,PAYMENT,4079.46,0.0,0.0,0.0,0.0,0
7,CASH_OUT,138456.64,0.0,0.0,14600000.0,14700000.0,0
7,PAYMENT,6072.7,30195.0,24122.3,0.0,0.0,0
7,PAYMENT,10777.16,198.0,0.0,0.0,0.0,0
7,PAYMENT,19591.87,149591.0,129999.13,0.0,0.0,0
7,TRANSFER,518041.64,42686.16,0.0,0.0,1305828.01,0
7,PAYMENT,14851.49,0.0,0.0,0.0,0.0,0
7,PAYMENT,15915.1,54978.0,39062.9,0.0,0.0,0
7,PAYMENT,12887.33,60574.0,47686.67,0.0,0.0,0
7,PAYMENT,3182.69,99831.0,96648.31,0.0,0.0,0
7,PAYMENT,3656.12,35758.0,32101.88,0.0,0.0,0
7,PAYMENT,9311.9,21772.0,12460.1,0.0,0.0,0
7,PAYMENT,6205.12,69335.0,63129.88,0.0,0.0,0
7,PAYMENT,3393.07,3856.0,462.93,0.0,0.0,0
7,PAYMENT,8071.86,462.93,0.0,0.0,0.0,0
7,PAYMENT,7550.59,108761.0,101210.41,0.0,0.0,0
7,PAYMENT,665.74,142.0,0.0,0.0,0.0,0
7,CASH_OUT,84096.66,0.0,0.0,169939.99,367724.8,0
7,CASH_OUT,200773.62,0.0,0.0,596507.21,1657750.89,0
7,CASH_OUT,113261.2,0.0,0.0,329937.9,158489.25,0
7,CASH_OUT,60467.94,0.0,0.0,80353.46,140821.4,0
7,CASH_OUT,133988.46,0.0,0.0,151801.0,297659.82,0
7,CASH_OUT,75157.07,0.0,0.0,210592.25,1005781.48,0
7,CASH_OUT,114482.31,0.0,0.0,13200000.0,13100000.0,0
7,CASH_OUT,578580.68,0.0,0.0,797280.83,1657750.89,0
7,CASH_OUT,4036.83,0.0,0.0,4134.0,0.0,0
7,CASH_OUT,109261.69,0.0,0.0,226519.0,48630.5,0
7,CASH_OUT,5746.92,0.0,0.0,165622.0,171368.92,0
7,CASH_OUT,296590.49,0.0,0.0,400444.34,421984.74,0
7,CASH_OUT,62068.94,0.0,0.0,275033.0,354023.23,0
7,CASH_OUT,132361.54,0.0,0.0,160101.66,112275.31,0
7,CASH_OUT,150082.76,0.0,0.0,299693.0,321014.14,0
7,CASH_OUT,156103.3,0.0,0.0,3324326.81,3267222.75,0
7,CASH_OUT,65619.81,0.0,0.0,84362.06,61127.87,0
7,CASH_OUT,123472.0,0.0,0.0,243968.25,561728.05,0
7,CASH_OUT,32123.83,0.0,0.0,41794.93,73918.76,0
7,CASH_OUT,37027.98,0.0,0.0,59905.0,96932.98,0
7,CASH_OUT,125535.62,0.0,0.0,3725046.94,5632383.36,0
7,CASH_OUT,114355.57,0.0,0.0,438038.9,0.0,0
7,CASH_OUT,227897.04,0.0,0.0,693324.61,982743.75,0
7,CASH_OUT,303393.13,0.0,0.0,8691197.05,9973139.6,0
7,CASH_OUT,50090.81,0.0,0.0,61676.39,905734.51,0
7,CASH_OUT,128353.55,0.0,0.0,218737.53,347091.08,0
7,CASH_OUT,191484.93,0.0,0.0,223361.33,1078685.56,0
7,CASH_OUT,183655.61,0.0,0.0,374493.52,521100.91,0
7,CASH_OUT,290908.18,0.0,0.0,954203.23,7837942.9,0
7,CASH_OUT,474349.67,0.0,0.0,487482.74,1289357.76,0
7,CASH_OUT,249361.32,0.0,0.0,498790.16,182117.56,0
7,CASH_OUT,140215.27,0.0,0.0,192280.92,499000.92,0
7,CASH_OUT,44265.45,0.0,0.0,80592.0,124857.45,0
7,CASH_OUT,328596.61,0.0,0.0,5290290.1,6465767.14,0
7,CASH_OUT,7203.57,0.0,0.0,395967.15,757779.01,0
7,CASH_OUT,139237.68,0.0,0.0,1993617.65,1655753.7,0
7,CASH_OUT,164890.89,0.0,0.0,223377.25,561712.86,0
7,CASH_OUT,16181.01,0.0,0.0,50555.0,54646.5,0
7,CASH_OUT,13305.52,0.0,0.0,34856.89,48162.41,0
7,CASH_OUT,132516.81,0.0,0.0,448103.33,0.0,0
7,CASH_OUT,208855.95,0.0,0.0,218933.09,209838.16,0
7,CASH_OUT,129635.19,0.0,0.0,166267.21,169554.94,0
7,CASH_OUT,174535.28,0.0,0.0,6344400.76,10000000.0,0
7,CASH_OUT,14863.78,0.0,0.0,53517.0,0.0,0
7,CASH_OUT,54504.93,0.0,0.0,227849.89,916266.8,0
7,CASH_OUT,90208.77,0.0,0.0,133827.1,378002.16,0
7,TRANSFER,161885.95,30424.0,0.0,0.0,770830.57,0
7,PAYMENT,777.86,7670.0,6892.14,0.0,0.0,0
7,PAYMENT,11375.84,6892.14,0.0,0.0,0.0,0
7,PAYMENT,53.51,7002.0,6948.49,0.0,0.0,0
7,PAYMENT,9215.58,10599.0,1383.42,0.0,0.0,0
7,PAYMENT,9459.33,1747.0,0.0,0.0,0.0,0
7,PAYMENT,8894.1,11947.0,3052.9,0.0,0.0,0
7,PAYMENT,1470.5,82475.0,81004.5,0.0,0.0,0
7,PAYMENT,2701.58,121560.0,118858.42,0.0,0.0,0
7,PAYMENT,8368.62,22416.0,14047.38,0.0,0.0,0
7,PAYMENT,11493.55,99634.0,88140.45,0.0,0.0,0
7,PAYMENT,9155.27,88140.45,78985.19,0.0,0.0,0
7,CASH_OUT,217084.88,25986.0,0.0,205663.36,905385.44,0
7,DEBIT,3878.71,32589.0,28710.29,11035.27,0.0,0
7,CASH_IN,23557.42,28710.29,52267.72,31037.0,7479.58,0
7,CASH_IN,240477.96,52267.72,292745.67,349845.92,183517.82,0
7,CASH_IN,123295.69,292745.67,416041.36,14900000.0,17800000.0,0
7,CASH_IN,75237.76,416041.36,491279.12,169593.48,141673.25,0
7,CASH_IN,32728.22,491279.12,524007.33,47971.0,15242.78,0
7,CASH_IN,611448.91,524007.33,1135456.25,612045.0,0.0,0
7,CASH_IN,17824.23,1135456.25,1153280.48,324244.74,174354.81,0
7,CASH_IN,469475.38,1153280.48,1622755.85,585116.33,115640.96,0
7,CASH_IN,31609.95,1622755.85,1654365.8,107998.0,3225.83,0
7,PAYMENT,8311.17,20653.0,12341.83,0.0,0.0,0
7,CASH_OUT,302560.42,12341.83,0.0,3284714.1,5597078.49,0
7,PAYMENT,12731.99,337.0,0.0,0.0,0.0,0
7,PAYMENT,3807.3,1073.0,0.0,0.0,0.0,0
7,TRANSFER,1685701.48,0.0,0.0,4146681.04,5876339.66,0
7,PAYMENT,9069.93,20239.0,11169.07,0.0,0.0,0
7,PAYMENT,3115.71,414535.0,411419.29,0.0,0.0,0
7,PAYMENT,8955.81,13158.0,4202.19,0.0,0.0,0
7,TRANSFER,232400.67,60096.0,0.0,4114.0,272559.94,0
7,DEBIT,1847.63,13438.0,11590.37,126771.23,8208.1,0
7,CASH_OUT,134024.22,11590.37,0.0,580620.14,0.0,0
7,CASH_OUT,226287.19,0.0,0.0,249272.0,345069.81,0
7,PAYMENT,8152.06,21789.0,13636.94,0.0,0.0,0
7,PAYMENT,3751.13,983668.0,979916.87,0.0,0.0,0
7,PAYMENT,11085.06,10686.0,0.0,0.0,0.0,0
7,CASH_OUT,259134.71,0.0,0.0,335780.69,48630.5,0
7,CASH_OUT,201063.22,0.0,0.0,7628774.93,8730306.03,0
7,PAYMENT,2973.89,21293.0,18319.11,0.0,0.0,0
7,PAYMENT,4947.12,204163.0,199215.88,0.0,0.0,0
7,PAYMENT,4379.29,60214.55,55835.25,0.0,0.0,0
7,PAYMENT,8333.67,55835.25,47501.58,0.0,0.0,0
7,PAYMENT,10757.28,104684.0,93926.72,0.0,0.0,0
7,TRANSFER,817307.46,87084.0,0.0,0.0,815762.64,0
7,PAYMENT,4658.88,93379.0,88720.12,0.0,0.0,0
7,CASH_OUT,331229.81,88720.12,0.0,388268.14,561712.86,0
7,PAYMENT,4708.6,67940.0,63231.4,0.0,0.0,0
7,TRANSFER,160710.01,14884.0,0.0,458.0,162844.14,0
7,PAYMENT,7440.6,281282.0,273841.4,0.0,0.0,0
7,PAYMENT,1874.02,53047.0,51172.98,0.0,0.0,0
7,CASH_IN,283263.79,40371.0,323634.79,11054.67,164382.42,0
7,PAYMENT,1952.41,323634.79,321682.38,0.0,0.0,0
7,PAYMENT,2.39,41086.0,41083.61,0.0,0.0,0
7,PAYMENT,6772.71,1279049.96,1272277.25,0.0,0.0,0
7,PAYMENT,8065.93,1272277.25,1264211.32,0.0,0.0,0
7,TRANSFER,226837.37,61910.0,0.0,0.0,314551.85,0
7,PAYMENT,6183.38,5592.0,0.0,0.0,0.0,0
7,PAYMENT,2366.88,221.0,0.0,0.0,0.0,0
7,PAYMENT,6746.37,262053.0,255306.63,0.0,0.0,0
7,TRANSFER,420976.7,86738.0,0.0,18389.0,842508.92,0
7,PAYMENT,219.68,0.0,0.0,0.0,0.0,0
7,CASH_IN,281620.9,786.0,282406.9,49174.49,23553.39,0
7,PAYMENT,10937.55,10871.0,0.0,0.0,0.0,0
7,CASH_IN,165049.65,20851.0,185900.65,5003.0,0.0,0
7,PAYMENT,4322.08,57565.0,53242.92,0.0,0.0,0
7,PAYMENT,4672.36,32816.0,28143.64,0.0,0.0,0
7,CASH_IN,130597.52,100637.0,231234.52,0.0,0.0,0
7,PAYMENT,1294.8,231234.52,229939.72,0.0,0.0,0
7,CASH_IN,143860.77,12249.0,156109.77,16052.0,0.0,0
7,CASH_OUT,151940.71,156109.77,4169.05,4597889.56,6712636.97,0
7,PAYMENT,8869.78,30948.0,22078.22,0.0,0.0,0
7,PAYMENT,4041.77,6065.0,2023.23,0.0,0.0,0
7,PAYMENT,2018.64,2023.23,4.58,0.0,0.0,0
7,PAYMENT,15933.16,4.58,0.0,0.0,0.0,0
7,TRANSFER,77911.42,73140.0,0.0,93689.5,8748005.25,0
7,PAYMENT,6094.01,41334.0,35239.99,0.0,0.0,0
7,CASH_OUT,47317.52,35239.99,0.0,94355.73,141673.25,0
7,PAYMENT,8249.72,545.0,0.0,0.0,0.0,0
7,CASH_OUT,69954.85,0.0,0.0,13300000.0,13100000.0,0
7,CASH_OUT,233539.88,0.0,0.0,234130.68,266931.55,0
7,PAYMENT,4314.27,2176.0,0.0,0.0,0.0,0
7,TRANSFER,328026.09,68313.17,0.0,11201.36,67923.23,0
7,PAYMENT,5276.97,0.0,0.0,0.0,0.0,0
7,PAYMENT,6112.72,3639.0,0.0,0.0,0.0,0
7,PAYMENT,4736.45,196815.0,192078.55,0.0,0.0,0
7,PAYMENT,5111.64,30866.0,25754.36,0.0,0.0,0
7,PAYMENT,6799.88,70244.0,63444.12,0.0,0.0,0
7,TRANSFER,221158.99,315066.0,93907.01,7.0,433084.38,0
7,CASH_IN,93081.43,33703.0,126784.43,73281.65,0.0,0
7,CASH_IN,39336.08,126784.43,166120.51,7829838.15,8730306.03,0
7,CASH_IN,201289.94,166120.51,367410.45,375540.42,0.0,0
7,CASH_IN,225438.37,367410.45,592848.83,385046.59,14659.86,0
7,CASH_IN,387222.06,592848.83,980070.88,685647.85,1120608.72,0
7,CASH_IN,84367.69,980070.88,1064438.58,2132855.33,1655753.7,0
7,CASH_IN,521813.61,1064438.58,1586252.19,2048487.64,1655753.7,0
7,CASH_IN,217950.88,1586252.19,1804203.07,427789.04,209838.16,0
7,CASH_IN,133997.01,1804203.07,1938200.08,187208.0,0.0,0
7,CASH_IN,474739.89,1938200.08,2412939.96,936203.26,1328510.04,0
7,CASH_IN,332258.01,2412939.96,2745197.97,409735.86,27964.11,0
7,CASH_IN,85034.63,2745197.97,2830232.59,205483.65,117034.28,0
7,CASH_IN,19080.47,2830232.59,2849313.06,262408.0,105004.27,0
7,CASH_IN,104427.87,2849313.06,2953740.93,6703099.06,6779300.28,0
7,CASH_IN,183861.9,2953740.93,3137602.83,576887.97,237615.79,0
7,CASH_IN,81967.65,3137602.83,3219570.48,181325.65,99358.0,0
7,CASH_IN,102072.07,3219570.48,3321642.55,160577.57,5471.55,0
7,CASH_IN,69185.05,3321642.55,3390827.6,84681.0,15495.95,0
7,CASH_IN,316959.89,3390827.6,3707787.49,714644.35,0.0,0
7,CASH_IN,58292.75,3707787.49,3766080.24,714645.0,341084.81,0
7,CASH_IN,10256.2,3766080.24,3776336.45,109985.65,99729.44,0
7,CASH_IN,3433.0,3776336.45,3779769.45,452133.47,397273.75,0
7,CASH_IN,49378.84,3779769.45,3829148.29,60868.75,11489.91,0
7,CASH_IN,36773.05,3829148.29,3865921.35,99793.0,63019.95,0
7,CASH_IN,17488.73,3865921.35,3883410.08,213642.05,55290.48,0
7,CASH_IN,217136.62,3883410.08,4100546.7,236514.67,272559.94,0
7,CASH_IN,203443.12,4100546.7,4303989.81,13400000.0,13100000.0,0
7,CASH_IN,497735.31,4303989.81,4801725.13,755526.27,1273838.38,0
7,CASH_IN,105342.59,4801725.13,4907067.72,283285.19,161722.17,0
7,CASH_IN,166315.21,4907067.72,5073382.93,209971.07,43655.86,0
7,CASH_IN,443285.86,5073382.93,5516668.79,1046845.16,777700.37,0
7,CASH_IN,107581.14,5516668.79,5624249.93,246190.0,0.0,0
7,CASH_IN,24252.98,5624249.93,5648502.91,93992.0,69739.02,0
7,CASH_IN,180389.34,5648502.91,5828892.25,208151.0,27761.66,0
7,CASH_IN,27863.15,5828892.25,5856755.4,203634.0,460470.54,0
7,CASH_IN,101582.06,5856755.4,5958337.47,4579731.85,7488671.79,0
7,CASH_IN,223662.13,5958337.47,6181999.6,257790.95,1273838.38,0
7,CASH_IN,119473.2,6181999.6,6301472.8,205034.0,27945.5,0
7,CASH_IN,57911.56,6301472.8,6359384.36,70010.0,12098.44,0
7,CASH_IN,22459.28,6359384.36,6381843.64,46840.0,24380.72,0
7,CASH_IN,32185.19,6381843.64,6414028.83,47501.58,15316.39,0
7,CASH_IN,222204.07,6414028.83,6636232.9,2480733.22,1995598.25,0
7,CASH_IN,120410.76,6636232.9,6756643.66,128618.86,8208.1,0
7,CASH_IN,188878.92,6756643.66,6945522.58,777950.29,371.65,0
7,CASH_IN,16774.9,6945522.58,6962297.48,4478149.79,7488671.79,0
7,CASH_IN,194628.84,6962297.48,7156926.32,2315350.49,4441465.94,0
7,CASH_IN,32564.14,7156926.32,7189490.46,217992.97,113988.19,0
7,CASH_IN,29898.01,7189490.46,7219388.47,121521.0,47958.66,0
7,CASH_IN,146850.79,7219388.47,7366239.26,4461374.89,7488671.79,0
7,CASH_IN,8893.16,7366239.26,7375132.42,36793.27,0.0,0
7,CASH_IN,170422.95,7375132.42,7545555.37,719497.95,561712.86,0
7,CASH_IN,147849.9,7545555.37,7693405.27,2258529.15,1995598.25,0
7,CASH_IN,11587.98,7693405.27,7704993.25,18513.0,6925.02,0
7,CASH_IN,145667.12,7704993.25,7850660.37,204964.61,5005.78,0
7,CASH_IN,6970.58,7850660.37,7857630.95,17559.49,10588.91,0
7,CASH_IN,89533.09,7857630.95,7947164.04,360373.89,234828.48,0
7,CASH_IN,86072.98,7947164.04,8033237.02,10300000.0,10200000.0,0
7,CASH_IN,265361.44,8033237.02,8298598.46,296443.96,31082.53,0
7,CASH_IN,183992.49,8298598.46,8482590.94,312895.63,1556799.98,0
7,CASH_IN,297162.61,8482590.94,8779753.56,8793989.46,9092634.94,0
7,CASH_IN,263566.2,8779753.56,9043319.75,288898.2,25332.01,0
7,CASH_IN,65600.8,9043319.75,9108920.55,817307.46,815762.64,0
7,CASH_IN,230777.73,9108920.55,9339698.28,484665.75,253888.02,0
7,CASH_IN,79074.37,9339698.28,9418772.66,106072.0,19565.45,0
7,CASH_IN,476710.9,9418772.66,9895483.55,589071.38,371.65,0
7,CASH_IN,269362.19,9895483.55,10200000.0,7790502.07,8730306.03,0
7,CASH_IN,231808.43,10200000.0,10400000.0,656352.25,341084.81,0
7,PAYMENT,7629.75,3040.0,0.0,0.0,0.0,0
7,PAYMENT,3431.74,0.0,0.0,0.0,0.0,0
7,DEBIT,2579.01,383.0,0.0,63011.84,43835.75,0
7,PAYMENT,12351.68,4382.0,0.0,0.0,0.0,0
7,TRANSFER,453605.59,0.0,0.0,13300000.0,15000000.0,0
7,TRANSFER,338961.93,0.0,0.0,394595.62,228783.05,0
7,PAYMENT,3580.42,11058.0,7477.58,0.0,0.0,0
7,PAYMENT,13071.27,35215.0,22143.73,0.0,0.0,0
7,CASH_OUT,383568.25,22143.73,0.0,403170.71,757779.01,0
7,PAYMENT,9763.77,212033.0,202269.23,0.0,0.0,0
7,DEBIT,1476.27,2522.0,1045.73,9127.0,10603.27,0
7,PAYMENT,4230.69,8057.0,3826.31,0.0,0.0,0
7,TRANSFER,295474.84,72134.0,0.0,0.0,480670.65,0
7,PAYMENT,10827.23,0.0,0.0,0.0,0.0,0
7,PAYMENT,21230.26,0.0,0.0,0.0,0.0,0
7,TRANSFER,27755.35,741.0,0.0,164636.56,192391.91,0
7,TRANSFER,1223547.78,0.0,0.0,4766045.33,5677417.44,0
7,PAYMENT,551.48,9107.0,8555.52,0.0,0.0,0
7,PAYMENT,1146.54,10191.0,9044.46,0.0,0.0,0
7,CASH_OUT,77565.79,48726.0,0.0,9141.0,44791.98,0
7,PAYMENT,8287.96,26337.0,18049.04,0.0,0.0,0
7,PAYMENT,8502.04,5283.0,0.0,0.0,0.0,0
7,PAYMENT,11496.9,0.0,0.0,0.0,0.0,0
7,PAYMENT,7781.9,0.0,0.0,0.0,0.0,0
7,PAYMENT,15883.71,0.0,0.0,0.0,0.0,0
7,PAYMENT,22903.8,0.0,0.0,0.0,0.0,0
7,PAYMENT,22295.62,0.0,0.0,0.0,0.0,0
7,PAYMENT,68824.38,0.0,0.0,0.0,0.0,0
7,PAYMENT,13303.29,0.0,0.0,0.0,0.0,0
7,PAYMENT,10137.76,0.0,0.0,0.0,0.0,0
7,PAYMENT,10573.69,0.0,0.0,0.0,0.0,0
7,PAYMENT,6770.2,0.0,0.0,0.0,0.0,0
7,PAYMENT,17014.53,0.0,0.0,0.0,0.0,0
7,PAYMENT,14260.56,0.0,0.0,0.0,0.0,0
7,PAYMENT,5189.73,0.0,0.0,0.0,0.0,0
7,PAYMENT,6913.23,0.0,0.0,0.0,0.0,0
7,PAYMENT,3846.9,0.0,0.0,0.0,0.0,0
7,PAYMENT,4375.67,0.0,0.0,0.0,0.0,0
7,PAYMENT,19050.04,0.0,0.0,0.0,0.0,0
7,PAYMENT,1996.74,0.0,0.0,0.0,0.0,0
7,PAYMENT,1838.56,0.0,0.0,0.0,0.0,0
7,PAYMENT,12579.53,49738.0,37158.47,0.0,0.0,0
7,PAYMENT,6188.09,50349.0,44160.91,0.0,0.0,0
7,PAYMENT,7016.75,19592.0,12575.25,0.0,0.0,0
7,CASH_OUT,134103.27,12575.25,0.0,169425.4,355690.69,0
7,CASH_OUT,65593.85,0.0,0.0,147470.0,267798.33,0
7,CASH_OUT,22346.99,0.0,0.0,99548.0,121894.99,0
7,CASH_OUT,397407.29,0.0,0.0,935777.38,4625599.45,0
7,CASH_OUT,56543.95,0.0,0.0,82357.0,138900.95,0
7,CASH_OUT,498747.45,0.0,0.0,4391509.82,5352935.74,0
7,CASH_OUT,139484.1,0.0,0.0,615897.2,755381.3,0
7,CASH_OUT,256226.2,0.0,0.0,518041.64,1305828.01,0
7,PAYMENT,11204.04,5508.0,0.0,0.0,0.0,0
7,PAYMENT,2490.82,235025.0,232534.18,0.0,0.0,0
7,PAYMENT,5893.04,55822.0,49928.96,0.0,0.0,0
7,PAYMENT,689.28,11126.0,10436.72,0.0,0.0,0
7,PAYMENT,6855.46,67316.5,60461.04,0.0,0.0,0
7,CASH_IN,215497.06,60461.04,275958.1,363801.08,148304.02,0
7,CASH_IN,189451.99,275958.1,465410.09,18500000.0,18100000.0,0
7,CASH_IN,263867.55,465410.09,729277.63,4314524.1,7488671.79,0
7,CASH_IN,144948.36,729277.63,874225.99,159608.22,14659.86,0
7,CASH_IN,272314.63,874225.99,1146540.62,733557.55,228783.05,0
7,CASH_IN,336763.21,1146540.62,1483303.83,5989593.11,5677417.44,0
7,CASH_IN,164110.03,1483303.83,1647413.86,448700.47,397273.75,0
7,CASH_IN,442134.08,1647413.86,2089547.94,10800000.0,9689179.38,0
7,CASH_IN,116495.63,2089547.94,2206043.57,5652829.91,5677417.44,0
7,CASH_IN,106151.41,2206043.57,2312194.99,128272.44,22121.02,0
7,CASH_IN,83459.0,2312194.99,2395653.99,424543.81,341084.81,0
7,CASH_IN,136875.33,2395653.99,2532529.32,146576.47,9701.14,0
7,CASH_IN,138927.96,2532529.32,2671457.28,239264.0,100336.04,0
7,CASH_IN,309741.86,2671457.28,2981199.14,618730.52,1360079.51,0
7,CASH_IN,88141.39,2981199.14,3069340.53,1681579.88,1699431.84,0
7,CASH_IN,210085.11,3069340.53,3279425.64,6657466.63,6216828.05,0
7,CASH_IN,370786.7,3279425.64,3650212.34,10300000.0,9689179.38,0
7,CASH_IN,710443.79,3650212.34,4360656.13,9228087.02,10200000.0,0
7,CASH_IN,29091.31,4360656.13,4389747.44,89435.23,60343.92,0
7,CASH_IN,40685.1,4389747.44,4430432.54,60962.0,20276.9,0
7,CASH_IN,77220.41,4430432.54,4507652.96,17600000.0,18000000.0,0
7,CASH_IN,67833.45,4507652.96,4575486.41,15500000.0,15700000.0,0
7,CASH_IN,156704.19,4575486.41,4732190.6,3901803.58,5020386.7,0
7,CASH_IN,180187.9,4732190.6,4912378.49,292463.21,112275.31,0
7,CASH_IN,185715.77,4912378.49,5098094.27,186539.26,823.49,0
7,CASH_IN,416366.53,5098094.27,5514460.8,838648.39,346139.62,0
7,CASH_IN,257656.05,5514460.8,5772116.86,1020923.91,1626304.94,0
7,CASH_IN,314770.11,5772116.86,6086886.97,8496826.84,9092634.94,0
7,CASH_IN,444482.74,6086886.97,6531369.71,594915.4,48630.5,0
7,CASH_IN,207880.29,6531369.71,6739250.01,13200000.0,13100000.0,0
7,CASH_IN,523736.96,6739250.01,7262986.97,1264211.32,1074318.86,0
7,CASH_IN,49565.82,7262986.97,7312552.79,94873.55,45307.73,0
7,CASH_IN,272493.95,7312552.79,7585046.74,14700000.0,14700000.0,0
7,CASH_IN,45144.38,7585046.74,7630191.12,68425.0,23280.62,0
7,CASH_IN,251239.53,7630191.12,7881430.66,748151.48,182117.56,0
7,CASH_IN,123681.62,7881430.66,8005112.28,176477.46,52795.84,0
7,CASH_IN,47412.4,8005112.28,8052524.68,299742.24,1193550.39,0
7,CASH_IN,22910.06,8052524.68,8075434.74,23568.91,658.85,0
7,PAYMENT,9099.13,146.0,0.0,0.0,0.0,0
7,PAYMENT,2344.84,4492.0,2147.16,0.0,0.0,0
7,PAYMENT,4913.94,388.0,0.0,0.0,0.0,0
7,PAYMENT,6059.38,17108.0,11048.62,0.0,0.0,0
7,PAYMENT,557.16,49498.0,48940.84,0.0,0.0,0
7,PAYMENT,4335.19,11612.0,7276.81,0.0,0.0,0
7,PAYMENT,5594.04,371.0,0.0,0.0,0.0,0
7,CASH_OUT,101717.84,15348.0,0.0,0.0,101717.84,0
7,TRANSFER,874562.86,31429.0,0.0,0.0,359869.33,0
7,PAYMENT,2418.83,0.0,0.0,0.0,0.0,0
7,PAYMENT,1194.12,0.0,0.0,0.0,0.0,0
7,PAYMENT,9260.35,32230.0,22969.65,0.0,0.0,0
7,TRANSFER,692484.38,81918.0,0.0,45953.0,153556.92,0
7,PAYMENT,3999.34,3715.0,0.0,0.0,0.0,0
7,CASH_OUT,141427.48,0.0,0.0,961832.41,1289357.76,0
7,TRANSFER,447478.26,5081.0,0.0,49488.0,952478.33,0
7,PAYMENT,9299.31,605.0,0.0,0.0,0.0,0
7,PAYMENT,2504.15,595.0,0.0,0.0,0.0,0
7,PAYMENT,10115.13,32050.0,21934.87,0.0,0.0,0
7,PAYMENT,1495.79,9119.0,7623.21,0.0,0.0,0
7,PAYMENT,6022.93,16914.0,10891.07,0.0,0.0,0
7,TRANSFER,23553.39,52701.0,29147.61,0.0,23553.39,0
7,PAYMENT,5941.42,50087.0,44145.58,0.0,0.0,0
7,CASH_OUT,269750.94,61588.0,0.0,22991.0,705242.01,0
7,PAYMENT,7125.4,590.0,0.0,0.0,0.0,0
7,PAYMENT,6905.52,59836.0,52930.48,0.0,0.0,0
7,CASH_OUT,266061.33,134.0,0.0,0.0,373118.84,0
7,PAYMENT,1820.34,0.0,0.0,0.0,0.0,0
7,TRANSFER,231564.18,149742.0,0.0,20582.0,53924.65,0
7,PAYMENT,11226.69,145486.0,134259.31,0.0,0.0,0
7,TRANSFER,362349.62,12242.0,0.0,25796.0,922645.99,0
7,PAYMENT,14440.44,0.0,0.0,0.0,0.0,0
7,PAYMENT,18745.74,0.0,0.0,0.0,0.0,0
7,PAYMENT,12489.85,0.0,0.0,0.0,0.0,0
7,PAYMENT,5218.64,0.0,0.0,0.0,0.0,0
7,PAYMENT,23532.24,0.0,0.0,0.0,0.0,0
7,PAYMENT,13337.69,0.0,0.0,0.0,0.0,0
7,PAYMENT,4493.34,31359.0,26865.66,0.0,0.0,0
7,PAYMENT,5693.58,29541.0,23847.42,0.0,0.0,0
7,PAYMENT,5672.3,510.0,0.0,0.0,0.0,0
7,PAYMENT,11109.58,29890.0,18780.42,0.0,0.0,0
7,CASH_OUT,391811.34,27374.0,0.0,0.0,168705.77,0
7,PAYMENT,7090.13,345.0,0.0,0.0,0.0,0
7,PAYMENT,160.54,51420.0,51259.46,0.0,0.0,0
7,PAYMENT,5874.76,60089.0,54214.24,0.0,0.0,0
7,PAYMENT,15568.94,10474.0,0.0,0.0,0.0,0
7,PAYMENT,4721.88,60504.0,55782.12,0.0,0.0,0
7,PAYMENT,6596.11,69507.0,62910.89,0.0,0.0,0
7,PAYMENT,13517.23,102407.0,88889.77,0.0,0.0,0
7,PAYMENT,11105.62,9224.0,0.0,0.0,0.0,0
7,PAYMENT,405.9,186318.0,185912.1,0.0,0.0,0
7,PAYMENT,15988.24,53759.0,37770.76,0.0,0.0,0
7,CASH_OUT,47855.19,37770.76,0.0,1515372.59,2575739.64,0
7,PAYMENT,17236.25,39025.86,21789.61,0.0,0.0,0
7,PAYMENT,823.23,21789.61,20966.38,0.0,0.0,0
7,PAYMENT,6904.78,4402.0,0.0,0.0,0.0,0
7,CASH_IN,81624.34,160709.0,242333.34,35228.81,0.0,0
7,PAYMENT,3206.32,148.0,0.0,0.0,0.0,0
7,PAYMENT,548.52,3067.0,2518.48,0.0,0.0,0
7,PAYMENT,2494.55,19491.0,16996.45,0.0,0.0,0
7,PAYMENT,19258.16,106553.0,87294.84,0.0,0.0,0
7,PAYMENT,3064.28,31413.0,28348.72,0.0,0.0,0
7,TRANSFER,385674.22,128.0,0.0,0.0,571846.3,0
7,PAYMENT,8336.7,144928.0,136591.3,0.0,0.0,0
7,PAYMENT,11856.98,156795.0,144938.02,0.0,0.0,0
7,PAYMENT,16092.52,20219.0,4126.48,0.0,0.0,0
7,CASH_IN,20439.44,31023.0,51462.44,10342.0,0.0,0
7,PAYMENT,6234.94,74988.07,68753.13,0.0,0.0,0
7,CASH_OUT,6266.97,68753.13,62486.16,4395659.09,7255066.28,0
7,CASH_OUT,16921.29,62486.16,45564.87,337101.94,354023.23,0
7,CASH_OUT,294345.35,45564.87,0.0,297289.34,1640349.09,0
7,PAYMENT,8448.99,55611.0,47162.01,0.0,0.0,0
7,PAYMENT,3947.29,47162.01,43214.72,0.0,0.0,0
7,PAYMENT,9895.37,17187.0,7291.63,0.0,0.0,0
7,TRANSFER,400589.96,654103.0,253513.04,128903.15,1556799.98,0
7,PAYMENT,10350.66,52105.0,41754.34,0.0,0.0,0
7,PAYMENT,12054.47,179179.0,167124.53,0.0,0.0,0
7,PAYMENT,1841.69,124930.52,123088.83,0.0,0.0,0
7,CASH_OUT,204028.57,123088.83,0.0,15400000.0,15700000.0,0
7,PAYMENT,1853.22,28228.0,26374.78,0.0,0.0,0
7,PAYMENT,6483.34,26374.78,19891.44,0.0,0.0,0
7,CASH_OUT,11006.68,552394.47,541387.8,270840.8,234828.48,0
7,TRANSFER,1284837.02,541387.8,0.0,13700000.0,15000000.0,0
7,PAYMENT,5268.25,30098.0,24829.75,0.0,0.0,0
7,CASH_OUT,116488.0,24829.75,0.0,1914351.78,2813795.5,0
7,PAYMENT,11236.53,78342.0,67105.47,0.0,0.0,0
7,DEBIT,285.71,551.0,265.29,2150.0,2435.71,0
7,PAYMENT,2813.84,567160.0,564346.16,0.0,0.0,0
7,PAYMENT,1839.63,580.0,0.0,0.0,0.0,0
7,CASH_IN,79069.17,5392.0,84461.17,10076.87,0.0,0
7,PAYMENT,10089.51,16805.0,6715.49,0.0,0.0,0
7,PAYMENT,4096.05,9751.0,5654.95,0.0,0.0,0
7,PAYMENT,5093.97,54770.0,49676.03,0.0,0.0,0
7,PAYMENT,5807.09,2050.0,0.0,0.0,0.0,0
7,TRANSFER,375736.37,0.0,0.0,770951.48,2324423.73,0
7,TRANSFER,1946101.41,0.0,0.0,2167453.17,5827219.22,0
7,TRANSFER,128806.24,0.0,0.0,439365.7,842508.92,0
7,TRANSFER,717318.86,0.0,0.0,8994590.18,9973139.6,0
7,PAYMENT,1789.39,331.0,0.0,0.0,0.0,0
7,PAYMENT,12280.47,20018.0,7737.53,0.0,0.0,0
7,PAYMENT,7105.09,10717.0,3611.91,0.0,0.0,0
7,TRANSFER,1170389.4,3611.91,0.0,4401926.06,7255066.28,0
7,CASH_OUT,166347.32,151.0,0.0,178514.46,588891.42,0
7,TRANSFER,941502.27,0.0,0.0,2120721.65,4441465.94,0
7,TRANSFER,451044.54,0.0,0.0,5572315.46,7255066.28,0
7,TRANSFER,2102252.96,0.0,0.0,10400000.0,14100000.0,0
7,TRANSFER,798540.41,0.0,0.0,1145076.98,5652054.58,0
7,TRANSFER,558601.07,0.0,0.0,15600000.0,15700000.0,0
7,TRANSFER,261399.78,0.0,0.0,282354.82,916266.8,0
7,TRANSFER,1008022.35,0.0,0.0,14800000.0,17800000.0,0
7,TRANSFER,237177.84,0.0,0.0,1146687.85,2324423.73,0
7,TRANSFER,185530.93,0.0,0.0,344861.78,588891.42,0
7,TRANSFER,819668.37,0.0,0.0,6518936.04,10000000.0,0
7,TRANSFER,436436.54,0.0,0.0,2030839.78,2813795.5,0
7,TRANSFER,59453.13,0.0,0.0,123372.55,360880.92,0
7,TRANSFER,107226.8,0.0,0.0,285789.46,297659.82,0
7,TRANSFER,177107.38,0.0,0.0,4054240.04,4598815.2,0
7,TRANSFER,194287.8,0.0,0.0,367440.25,561728.05,0
7,TRANSFER,123726.5,0.0,0.0,461463.37,1328510.04,0
7,TRANSFER,809801.18,0.0,0.0,1103259.89,1289357.76,0
7,TRANSFER,93999.6,0.0,0.0,104561.14,233350.47,0
7,TRANSFER,91099.24,0.0,0.0,99457.04,171172.6,0
7,TRANSFER,48108.93,0.0,0.0,85560.8,27945.5,0
7,TRANSFER,133544.47,0.0,0.0,5536334.27,5677417.44,0
7,TRANSFER,86923.76,0.0,0.0,208048.14,4847.15,0
7,TRANSFER,20671.86,0.0,0.0,41712.0,24713.54,0
7,TRANSFER,44029.69,0.0,0.0,150764.0,37015.12,0
7,PAYMENT,15217.98,55773.0,40555.02,0.0,0.0,0
7,PAYMENT,930.35,21315.0,20384.65,0.0,0.0,0
7,PAYMENT,11899.28,34594.0,22694.72,0.0,0.0,0
7,TRANSFER,548784.5,22694.72,0.0,3587274.52,5597078.49,0
7,TRANSFER,487344.19,0.0,0.0,529493.11,1556799.98,0
7,PAYMENT,3445.22,266.0,0.0,0.0,0.0,0
7,PAYMENT,7991.47,100526.0,92534.53,0.0,0.0,0
7,PAYMENT,8336.62,402584.0,394247.38,0.0,0.0,0
7,PAYMENT,22094.36,14454.0,0.0,0.0,0.0,0
7,DEBIT,3352.99,15066.0,11713.01,41614.0,11501.46,0
7,CASH_IN,56641.09,16038.0,72679.09,20896.0,0.0,0
7,TRANSFER,371417.6,72679.09,0.0,7481175.85,7852593.45,0
7,PAYMENT,9778.97,203240.0,193461.03,0.0,0.0,0
7,PAYMENT,15349.39,9301.0,0.0,0.0,0.0,0
7,PAYMENT,8374.99,0.0,0.0,0.0,0.0,0
7,PAYMENT,1384.33,41515.0,40130.67,0.0,0.0,0
7,CASH_OUT,79043.83,40130.67,0.0,104539.76,98172.83,0
7,CASH_OUT,175207.2,0.0,0.0,414846.27,1078685.56,0
7,PAYMENT,5624.03,110153.0,104528.97,0.0,0.0,0
7,PAYMENT,4133.41,10849.0,6715.59,0.0,0.0,0
7,CASH_OUT,75837.12,8892.0,0.0,0.0,113877.36,0
7,PAYMENT,21.49,1265.0,1243.51,0.0,0.0,0
7,PAYMENT,17902.82,2080.0,0.0,0.0,0.0,0
7,PAYMENT,4203.33,58426.0,54222.67,0.0,0.0,0
7,PAYMENT,10023.27,91285.0,81261.73,0.0,0.0,0
7,CASH_OUT,13025.29,75130.98,62105.69,45418.0,16169.71,0
7,PAYMENT,536.63,62105.69,61569.06,0.0,0.0,0
7,PAYMENT,12697.33,61569.06,48871.73,0.0,0.0,0
7,PAYMENT,9545.89,48871.73,39325.84,0.0,0.0,0
7,PAYMENT,18951.06,39325.84,20374.78,0.0,0.0,0
7,PAYMENT,4057.77,20374.78,16317.01,0.0,0.0,0
7,PAYMENT,43063.97,16317.01,0.0,0.0,0.0,0
7,PAYMENT,4732.59,0.0,0.0,0.0,0.0,0
7,PAYMENT,8565.08,0.0,0.0,0.0,0.0,0
7,PAYMENT,17992.53,552.0,0.0,0.0,0.0,0
7,TRANSFER,251157.83,292.0,0.0,52845.35,234087.07,0
7,PAYMENT,14482.64,150761.0,136278.36,0.0,0.0,0
7,CASH_OUT,429567.2,136278.36,0.0,4749830.27,6712636.97,0
7,PAYMENT,1278.75,81947.0,80668.25,0.0,0.0,0
7,PAYMENT,2499.7,131438.0,128938.3,0.0,0.0,0
7,PAYMENT,5203.51,10545.0,5341.49,0.0,0.0,0
7,PAYMENT,2446.2,221.0,0.0,0.0,0.0,0
7,PAYMENT,9201.08,107384.0,98182.92,0.0,0.0,0
7,PAYMENT,5363.19,442347.0,436983.81,0.0,0.0,0
7,PAYMENT,5002.55,130.0,0.0,0.0,0.0,0
7,PAYMENT,5277.76,20940.0,15662.24,0.0,0.0,0
7,PAYMENT,3666.25,33604.0,29937.75,0.0,0.0,0
7,PAYMENT,1007.43,29937.75,28930.31,0.0,0.0,0
7,PAYMENT,6919.03,12705.0,5785.97,0.0,0.0,0
7,CASH_IN,237220.07,24510.0,261730.07,9222.92,0.0,0
7,PAYMENT,382.59,6744.0,6361.41,0.0,0.0,0
7,PAYMENT,594.83,74923.0,74328.17,0.0,0.0,0
7,PAYMENT,2304.65,337.0,0.0,0.0,0.0,0
7,PAYMENT,3200.09,130298.0,127097.91,0.0,0.0,0
7,TRANSFER,1486199.17,127097.91,0.0,13400000.0,14900000.0,0
7,PAYMENT,12700.77,10859.0,0.0,0.0,0.0,0
7,PAYMENT,9518.45,34438.0,24919.55,0.0,0.0,0
7,PAYMENT,7590.33,24919.55,17329.22,0.0,0.0,0
7,PAYMENT,1106.78,17329.22,16222.44,0.0,0.0,0
7,PAYMENT,2395.01,16222.44,13827.43,0.0,0.0,0
7,PAYMENT,34873.6,13827.43,0.0,0.0,0.0,0
7,PAYMENT,5803.86,0.0,0.0,0.0,0.0,0
7,PAYMENT,44835.22,0.0,0.0,0.0,0.0,0
7,PAYMENT,13854.48,0.0,0.0,0.0,0.0,0
7,PAYMENT,16782.56,0.0,0.0,0.0,0.0,0
7,PAYMENT,27007.74,0.0,0.0,0.0,0.0,0
7,PAYMENT,4274.53,0.0,0.0,0.0,0.0,0
7,PAYMENT,16525.68,0.0,0.0,0.0,0.0,0
7,PAYMENT,14815.88,0.0,0.0,0.0,0.0,0
7,PAYMENT,10669.29,0.0,0.0,0.0,0.0,0
7,PAYMENT,973.96,0.0,0.0,0.0,0.0,0
7,PAYMENT,12157.95,0.0,0.0,0.0,0.0,0
7,PAYMENT,14914.14,0.0,0.0,0.0,0.0,0
7,PAYMENT,3209.51,0.0,0.0,0.0,0.0,0
7,PAYMENT,1283.84,0.0,0.0,0.0,0.0,0
7,PAYMENT,3421.25,0.0,0.0,0.0,0.0,0
7,PAYMENT,4063.65,0.0,0.0,0.0,0.0,0
7,PAYMENT,809.43,0.0,0.0,0.0,0.0,0
7,PAYMENT,323.16,0.0,0.0,0.0,0.0,0
7,PAYMENT,5728.21,0.0,0.0,0.0,0.0,0
7,PAYMENT,3333.34,8412.0,5078.66,0.0,0.0,0
7,PAYMENT,127.87,5078.66,4950.79,0.0,0.0,0
7,CASH_OUT,131687.79,47443.0,0.0,12469.0,0.0,0
7,PAYMENT,14182.4,52038.0,37855.6,0.0,0.0,0
7,PAYMENT,5997.84,37855.6,31857.75,0.0,0.0,0
7,PAYMENT,2619.73,65248.0,62628.27,0.0,0.0,0
7,PAYMENT,12024.66,2585.0,0.0,0.0,0.0,0
7,PAYMENT,10715.15,133.0,0.0,0.0,0.0,0
7,PAYMENT,1856.11,24410.0,22553.89,0.0,0.0,0
7,PAYMENT,1303.15,10604.0,9300.85,0.0,0.0,0
7,CASH_OUT,84694.13,9300.85,0.0,303528.68,355690.69,0
7,CASH_OUT,127520.73,0.0,0.0,179184.52,31831.51,0
7,CASH_OUT,77895.39,0.0,0.0,116829.0,573514.06,0
7,CASH_OUT,1388.54,0.0,0.0,65372.93,66761.47,0
7,CASH_OUT,265088.15,0.0,0.0,298425.79,1120608.72,0
7,CASH_OUT,7538.7,0.0,0.0,5669878.74,5677417.44,0
7,CASH_OUT,55861.27,0.0,0.0,85844.0,60584.47,0
7,CASH_OUT,63166.8,0.0,0.0,252329.84,1193550.39,0
7,PAYMENT,9586.99,9048.0,0.0,0.0,0.0,0
7,PAYMENT,13684.75,10795.0,0.0,0.0,0.0,0
7,PAYMENT,6291.93,79995.0,73703.07,0.0,0.0,0
7,PAYMENT,10704.2,9859.0,0.0,0.0,0.0,0
7,PAYMENT,5656.37,16440.0,10783.63,0.0,0.0,0
7,PAYMENT,450.21,1195.0,744.79,0.0,0.0,0
7,CASH_OUT,343435.88,744.79,0.0,351181.52,1674676.75,0
7,CASH_IN,193433.79,17050.0,210483.79,135960.54,0.0,0
7,PAYMENT,4931.8,72439.0,67507.2,0.0,0.0,0
7,PAYMENT,9906.29,23076.0,13169.71,0.0,0.0,0
7,PAYMENT,11586.8,1119.0,0.0,0.0,0.0,0
7,PAYMENT,3226.62,35419.0,32192.38,0.0,0.0,0
7,PAYMENT,1790.23,51479.0,49688.77,0.0,0.0,0
7,PAYMENT,131.97,595917.0,595785.03,0.0,0.0,0
7,PAYMENT,1405.24,16315.0,14909.76,0.0,0.0,0
7,PAYMENT,738.07,9607.02,8868.95,0.0,0.0,0
7,TRANSFER,180599.7,8868.95,0.0,449775.76,321014.14,0
7,TRANSFER,181896.67,37999.0,0.0,0.0,460050.16,0
7,PAYMENT,12640.76,96447.96,83807.2,0.0,0.0,0
7,PAYMENT,14338.89,83807.2,69468.31,0.0,0.0,0
7,PAYMENT,3042.49,131429.0,128386.51,0.0,0.0,0
7,PAYMENT,11771.68,100273.0,88501.32,0.0,0.0,0
7,TRANSFER,137899.53,20136.0,0.0,40797.0,69514.39,0
7,CASH_OUT,59189.32,0.0,0.0,630375.46,321014.14,0
7,PAYMENT,13128.66,3760.0,0.0,0.0,0.0,0
7,TRANSFER,1197991.95,20651.0,0.0,124476.0,1610328.43,0
7,PAYMENT,7382.31,240126.0,232743.69,0.0,0.0,0
7,PAYMENT,9280.72,24553.0,15272.28,0.0,0.0,0
7,PAYMENT,15918.62,15272.28,0.0,0.0,0.0,0
7,PAYMENT,3774.03,186633.0,182858.97,0.0,0.0,0
7,PAYMENT,7262.43,149.0,0.0,0.0,0.0,0
7,CASH_IN,77391.31,0.0,77391.31,190556.29,171172.6,0
7,PAYMENT,5507.6,454.0,0.0,0.0,0.0,0
7,TRANSFER,941410.58,14766.0,0.0,0.0,814471.57,0
7,PAYMENT,1842.71,30697.0,28854.29,0.0,0.0,0
7,PAYMENT,15171.58,215114.0,199942.42,0.0,0.0,0
7,PAYMENT,1399.07,27499.0,26099.93,0.0,0.0,0
7,PAYMENT,11239.89,12213.0,973.11,0.0,0.0,0
7,TRANSFER,149478.58,49745.0,0.0,24074.25,157993.5,0
7,DEBIT,4213.82,3153.0,0.0,7845.0,0.0,0
7,PAYMENT,6998.25,20601.0,13602.75,0.0,0.0,0
7,PAYMENT,3317.5,64486.0,61168.5,0.0,0.0,0
7,PAYMENT,4972.49,51636.0,46663.51,0.0,0.0,0
7,PAYMENT,38.92,496911.95,496873.04,0.0,0.0,0
7,PAYMENT,8521.16,496873.04,488351.88,0.0,0.0,0
7,PAYMENT,2498.82,11758.0,9259.18,0.0,0.0,0
7,TRANSFER,787766.57,9259.18,0.0,1563227.78,2575739.64,0
7,PAYMENT,13979.52,11442.0,0.0,0.0,0.0,0
7,PAYMENT,3285.43,591.0,0.0,0.0,0.0,0
7,PAYMENT,6166.59,0.0,0.0,0.0,0.0,0
7,PAYMENT,28085.91,0.0,0.0,0.0,0.0,0
7,PAYMENT,2944.03,0.0,0.0,0.0,0.0,0
7,PAYMENT,24936.23,0.0,0.0,0.0,0.0,0
7,PAYMENT,12186.86,0.0,0.0,0.0,0.0,0
7,PAYMENT,2981.14,0.0,0.0,0.0,0.0,0
7,PAYMENT,11107.59,0.0,0.0,0.0,0.0,0
7,PAYMENT,10445.05,0.0,0.0,0.0,0.0,0
7,PAYMENT,10311.31,0.0,0.0,0.0,0.0,0
7,PAYMENT,418.38,0.0,0.0,0.0,0.0,0
7,PAYMENT,36617.58,0.0,0.0,0.0,0.0,0
7,PAYMENT,10930.96,0.0,0.0,0.0,0.0,0
7,PAYMENT,18039.3,0.0,0.0,0.0,0.0,0
7,PAYMENT,936.44,0.0,0.0,0.0,0.0,0
7,PAYMENT,5078.28,0.0,0.0,0.0,0.0,0
7,PAYMENT,7402.51,5508.0,0.0,0.0,0.0,0
7,PAYMENT,5503.71,102714.0,97210.29,0.0,0.0,0
7,PAYMENT,6331.43,99504.0,93172.57,0.0,0.0,0
7,PAYMENT,7596.59,69632.0,62035.41,0.0,0.0,0
7,PAYMENT,2059.07,9234.0,7174.93,0.0,0.0,0
7,PAYMENT,1015.6,151493.87,150478.27,0.0,0.0,0
7,PAYMENT,9386.08,150478.27,141092.19,0.0,0.0,0
7,PAYMENT,45047.16,141092.19,96045.02,0.0,0.0,0
7,PAYMENT,4801.94,15169.0,10367.06,0.0,0.0,0
7,PAYMENT,4186.36,10496.0,6309.64,0.0,0.0,0
7,PAYMENT,8144.35,36005.0,27860.65,0.0,0.0,0
7,PAYMENT,3788.13,62032.0,58243.87,0.0,0.0,0
7,PAYMENT,7456.44,68553.0,61096.56,0.0,0.0,0
7,TRANSFER,538645.8,77266.0,0.0,0.0,211301.36,0
7,PAYMENT,6230.44,20880.0,14649.56,0.0,0.0,0
7,PAYMENT,803.32,51979.0,51175.68,0.0,0.0,0
7,TRANSFER,57573.06,122.0,0.0,77477.85,27964.11,0
7,PAYMENT,1147.41,0.0,0.0,0.0,0.0,0
7,PAYMENT,5867.74,0.0,0.0,0.0,0.0,0
7,PAYMENT,18615.15,10324.0,0.0,0.0,0.0,0
7,PAYMENT,8251.07,0.0,0.0,0.0,0.0,0
7,PAYMENT,5401.29,76388.05,70986.76,0.0,0.0,0
7,PAYMENT,2626.7,70986.76,68360.07,0.0,0.0,0
7,PAYMENT,3259.83,68360.07,65100.24,0.0,0.0,0
7,PAYMENT,406.26,107.0,0.0,0.0,0.0,0
7,PAYMENT,14589.17,0.0,0.0,0.0,0.0,0
7,TRANSFER,255588.22,602254.0,346665.78,98209.69,594958.48,0
7,PAYMENT,12999.97,13390.0,390.03,0.0,0.0,0
7,TRANSFER,412292.82,64796.88,0.0,0.0,412292.82,0
7,CASH_OUT,263470.87,0.0,0.0,17500000.0,18000000.0,0
7,PAYMENT,2486.24,11684.0,9197.76,0.0,0.0,0
7,PAYMENT,11946.93,24426.0,12479.07,0.0,0.0,0
7,CASH_OUT,78749.2,12479.07,0.0,5832382.52,5876339.66,0
7,PAYMENT,8350.49,24289.0,15938.51,0.0,0.0,0
7,PAYMENT,2388.79,23339.0,20950.21,0.0,0.0,0
7,PAYMENT,8475.28,410446.0,401970.72,0.0,0.0,0
7,PAYMENT,2359.89,327883.0,325523.11,0.0,0.0,0
7,PAYMENT,7201.17,30512.0,23310.83,0.0,0.0,0
7,CASH_IN,47599.58,413230.0,460829.58,0.0,0.0,0
7,PAYMENT,17125.12,18422.0,1296.88,0.0,0.0,0
7,PAYMENT,16981.52,32186.0,15204.48,0.0,0.0,0
7,PAYMENT,2367.97,495850.0,493482.03,0.0,0.0,0
7,PAYMENT,1698.43,206791.0,205092.57,0.0,0.0,0
7,PAYMENT,3149.64,15122.0,11972.36,0.0,0.0,0
7,CASH_IN,168865.24,11972.36,180837.59,193021.83,24156.59,0
7,CASH_IN,42273.58,180837.59,223111.17,58443.29,16169.71,0
7,CASH_IN,230553.47,223111.17,453664.64,6447381.51,6216828.05,0
7,CASH_IN,373377.64,453664.64,827042.28,2350994.35,2575739.64,0
7,CASH_IN,16589.84,827042.28,843632.12,112154.0,5651.0,0
7,CASH_IN,391107.94,843632.12,1234740.06,3850582.55,5632383.36,0
7,CASH_IN,198259.74,1234740.06,1432999.8,393026.08,237615.79,0
7,CASH_IN,383903.55,1432999.8,1816903.35,391868.6,7965.05,0
7,CASH_IN,168494.53,1816903.35,1985397.88,543754.6,916266.8,0
7,CASH_IN,9258.63,1985397.88,1994656.51,26405.84,17147.21,0
7,CASH_IN,157949.14,1994656.51,2152605.66,181896.67,460050.16,0
7,CASH_IN,73821.85,2152605.66,2226427.51,5179397.47,6712636.97,0
7,CASH_IN,109184.86,2226427.51,2335612.36,306420.51,174354.81,0
7,CASH_IN,187907.16,2335612.36,2523519.52,3480430.11,3267222.75,0
7,CASH_IN,93809.09,2523519.52,2617328.61,164491.46,70682.37,0
7,CASH_IN,56895.69,2617328.61,2674224.29,885682.94,828787.26,0
7,CASH_IN,171845.69,2674224.29,2846069.99,554212.11,141644.5,0
7,CASH_IN,648692.12,2846069.99,3494762.11,4136059.02,5597078.49,0
7,CASH_IN,29910.72,3494762.11,3524672.83,133669.73,27945.5,0
7,CASH_IN,69916.1,3524672.83,3594588.93,304003.17,234087.07,0
7,CASH_IN,21599.4,3594588.93,3616188.32,28415.0,6815.6,0
7,CASH_IN,37048.22,3616188.32,3653236.55,558149.13,521100.91,0
7,CASH_IN,89141.18,3653236.55,3742377.73,90320.27,1179.09,0
7,CASH_IN,41303.17,3742377.73,3783680.89,75125.76,33822.59,0
7,CASH_IN,123226.55,3783680.89,3906907.44,13300000.0,12500000.0,0
7,CASH_IN,16220.42,3906907.44,3923127.86,177942.6,161722.17,0
7,CASH_IN,85410.75,3923127.86,4008538.61,183583.59,98172.83,0
7,CASH_IN,200247.34,4008538.61,4208785.95,658909.0,148900.44,0
7,CASH_IN,170483.99,4208785.95,4379269.94,530392.72,588891.42,0
7,CASH_IN,111147.63,4379269.94,4490417.58,207378.0,96230.37,0
7,CASH_IN,111324.2,4490417.58,4601741.78,135698.74,24374.54,0
7,CASH_IN,65228.2,4601741.78,4666969.98,70864.0,5635.8,0
7,CASH_IN,117158.12,4666969.98,4784128.1,1913061.07,1289357.76,0
7,CASH_IN,107086.8,4784128.1,4891214.9,135050.91,27964.11,0
7,CASH_IN,87046.13,4891214.9,4978261.03,312882.0,225835.87,0
7,CASH_IN,273252.15,4978261.03,5251513.17,6598671.19,6779300.28,0
7,CASH_IN,25300.21,5251513.17,5276813.38,3292522.95,3267222.75,0
7,CASH_IN,227301.31,5276813.38,5504114.69,549075.0,561712.86,0
7,CASH_IN,157778.57,5504114.69,5661893.26,194793.69,37015.12,0
7,CASH_IN,149708.54,5661893.26,5811601.8,2110679.25,1995598.25,0
7,CASH_IN,22880.85,5811601.8,5834482.65,197235.65,174354.81,0
7,CASH_IN,47019.01,5834482.65,5881501.66,281847.48,234828.48,0
7,CASH_IN,10210.72,5881501.66,5891712.38,11668.0,0.0,0
7,CASH_IN,159219.3,5891712.38,6050931.68,1383865.69,2324423.73,0
7,CASH_IN,43573.75,6050931.68,6094505.43,295902.4,169554.94,0
7,CASH_IN,138323.26,6094505.43,6232828.69,243327.53,105004.27,0
7,CASH_IN,87674.24,6232828.69,6320502.93,131228.48,43554.24,0
7,CASH_IN,210269.66,6320502.93,6530772.59,443199.1,158489.25,0
7,CASH_IN,89913.16,6530772.59,6620685.75,95564.16,5651.0,0
7,TRANSFER,359325.17,99112.0,0.0,694617.4,1674676.75,0
7,PAYMENT,8290.76,32051.0,23760.24,0.0,0.0,0
7,PAYMENT,2253.07,126996.0,124742.93,0.0,0.0,0
7,PAYMENT,3262.18,4477.0,1214.82,0.0,0.0,0
7,PAYMENT,3830.42,31132.0,27301.58,0.0,0.0,0
7,PAYMENT,19203.29,9622.0,0.0,0.0,0.0,0
7,PAYMENT,54.35,106434.0,106379.65,0.0,0.0,0
7,PAYMENT,9177.19,26716.0,17538.81,0.0,0.0,0
7,TRANSFER,126588.51,12635.0,0.0,17086.84,143675.35,0
7,PAYMENT,8251.18,9312.0,1060.82,0.0,0.0,0
7,TRANSFER,253181.89,77145.0,0.0,19378.05,272559.94,0
7,CASH_OUT,11461.85,0.0,0.0,19805.0,0.0,0
7,PAYMENT,2533.81,56753.0,54219.19,0.0,0.0,0
7,CASH_OUT,45311.22,54219.19,8907.97,79911.0,125222.22,0
7,DEBIT,1970.73,91622.99,89652.25,51251.0,53221.73,0
7,CASH_OUT,41693.6,89652.25,47958.66,54666.14,56676.23,0
7,TRANSFER,1123213.77,20738.0,0.0,0.0,1033096.57,0
7,PAYMENT,3805.94,0.0,0.0,0.0,0.0,0
7,PAYMENT,2974.37,288.0,0.0,0.0,0.0,0
7,PAYMENT,6323.42,204573.0,198249.58,0.0,0.0,0
7,TRANSFER,1103184.69,83873.0,0.0,10090.0,986103.34,0
7,PAYMENT,15051.54,30097.0,15045.46,0.0,0.0,0
7,TRANSFER,1094308.58,15045.46,0.0,1245111.41,7837942.9,0
7,TRANSFER,192197.94,23640.0,0.0,3487366.89,5597078.49,0
7,PAYMENT,4838.62,223669.0,218830.38,0.0,0.0,0
7,TRANSFER,356342.94,5042.0,0.0,1122.0,0.0,0
7,PAYMENT,7716.74,0.0,0.0,0.0,0.0,0
7,PAYMENT,6158.36,101089.54,94931.18,0.0,0.0,0
7,PAYMENT,8528.94,94931.18,86402.24,0.0,0.0,0
7,PAYMENT,8415.4,86402.24,77986.84,0.0,0.0,0
7,PAYMENT,7257.41,9811.0,2553.59,0.0,0.0,0
7,PAYMENT,6324.09,2553.59,0.0,0.0,0.0,0
7,PAYMENT,28342.33,0.0,0.0,0.0,0.0,0
7,PAYMENT,924.35,1275.0,350.65,0.0,0.0,0
7,PAYMENT,7817.4,87806.0,79988.6,0.0,0.0,0
7,TRANSFER,164242.82,447.0,0.0,0.0,244360.74,0
7,PAYMENT,7848.76,14036.0,6187.24,0.0,0.0,0
7,PAYMENT,6581.53,15935.0,9353.47,0.0,0.0,0
7,PAYMENT,2114.18,9353.47,7239.3,0.0,0.0,0
7,PAYMENT,7624.43,415659.0,408034.57,0.0,0.0,0
7,PAYMENT,8484.52,540.0,0.0,0.0,0.0,0
7,PAYMENT,885.48,19876.0,18990.52,0.0,0.0,0
7,PAYMENT,6929.14,16523.0,9593.86,0.0,0.0,0
7,PAYMENT,4341.19,9593.86,5252.67,0.0,0.0,0
7,PAYMENT,10291.86,5252.67,0.0,0.0,0.0,0
7,PAYMENT,4625.8,10470.0,5844.2,0.0,0.0,0
7,CASH_IN,81120.8,29852.0,110972.8,141705.27,60584.47,0
7,CASH_IN,465827.4,26414.0,492241.4,382090.31,0.0,0
7,PAYMENT,1046.58,492241.4,491194.82,0.0,0.0,0
7,PAYMENT,1757.74,491194.82,489437.08,0.0,0.0,0
7,PAYMENT,3446.28,489437.08,485990.8,0.0,0.0,0
7,PAYMENT,11821.83,485990.8,474168.97,0.0,0.0,0
7,PAYMENT,14584.16,474168.97,459584.82,0.0,0.0,0
7,PAYMENT,1296.53,459584.82,458288.29,0.0,0.0,0
7,PAYMENT,4171.83,458288.29,454116.45,0.0,0.0,0
7,PAYMENT,20251.95,454116.45,433864.5,0.0,0.0,0
7,PAYMENT,5014.22,433864.5,428850.28,0.0,0.0,0
7,PAYMENT,4073.2,428850.28,424777.08,0.0,0.0,0
7,PAYMENT,32605.51,424777.08,392171.58,0.0,0.0,0
7,PAYMENT,1269.98,392171.58,390901.59,0.0,0.0,0
7,PAYMENT,9129.7,390901.59,381771.9,0.0,0.0,0
7,PAYMENT,5274.97,381771.9,376496.92,0.0,0.0,0
7,PAYMENT,11774.37,376496.92,364722.56,0.0,0.0,0
7,PAYMENT,1926.79,364722.56,362795.77,0.0,0.0,0
7,PAYMENT,13176.82,362795.77,349618.95,0.0,0.0,0
7,PAYMENT,14936.17,349618.95,334682.78,0.0,0.0,0
7,PAYMENT,1795.75,334682.78,332887.03,0.0,0.0,0
7,PAYMENT,5428.2,332887.03,327458.82,0.0,0.0,0
7,CASH_IN,68442.07,31105.0,99547.07,0.0,0.0,0
7,PAYMENT,10164.97,62383.86,52218.88,0.0,0.0,0
7,PAYMENT,170.96,52218.88,52047.92,0.0,0.0,0
7,PAYMENT,27334.38,52047.92,24713.54,0.0,0.0,0
7,PAYMENT,13223.51,165.0,0.0,0.0,0.0,0
7,TRANSFER,2222097.28,0.0,0.0,8298716.77,10900000.0,0
7,DEBIT,1827.57,8170.83,6343.26,1113274.69,986103.34,0
7,PAYMENT,10030.92,6343.26,0.0,0.0,0.0,0
7,PAYMENT,8353.25,277082.0,268728.75,0.0,0.0,0
7,PAYMENT,8554.21,51847.0,43292.79,0.0,0.0,0
7,PAYMENT,8561.36,43292.79,34731.43,0.0,0.0,0
7,PAYMENT,4494.29,11653.0,7158.71,0.0,0.0,0
7,TRANSFER,34987.81,107265.0,72277.19,0.0,34987.81,0
7,TRANSFER,445189.67,2073.0,0.0,5850.0,1092234.24,0
7,PAYMENT,2427.57,261.0,0.0,0.0,0.0,0
7,CASH_OUT,94275.66,12163.0,0.0,23947.52,460050.16,0
7,PAYMENT,7031.7,0.0,0.0,0.0,0.0,0
7,PAYMENT,635.12,79660.0,79024.88,0.0,0.0,0
7,PAYMENT,7672.76,689564.78,681892.02,0.0,0.0,0
7,PAYMENT,19607.97,681892.02,662284.06,0.0,0.0,0
7,PAYMENT,5662.97,475.0,0.0,0.0,0.0,0
7,PAYMENT,136.37,5083.0,4946.63,0.0,0.0,0
7,CASH_OUT,12837.77,29867.0,17029.23,7063.0,19900.77,0
7,PAYMENT,1497.25,76916.0,75418.75,0.0,0.0,0
7,PAYMENT,14609.16,41425.0,26815.84,0.0,0.0,0
7,PAYMENT,5826.48,14621.0,8794.52,0.0,0.0,0
7,PAYMENT,14463.47,107055.0,92591.53,0.0,0.0,0
7,TRANSFER,216297.45,393016.26,176718.81,315496.64,1193550.39,0
7,PAYMENT,4252.44,176718.81,172466.38,0.0,0.0,0
7,PAYMENT,2632.9,31013.0,28380.1,0.0,0.0,0
7,PAYMENT,4738.28,10266.0,5527.72,0.0,0.0,0
7,PAYMENT,9325.37,695.0,0.0,0.0,0.0,0
7,CASH_OUT,239781.45,0.0,0.0,763267.86,1626304.94,0
7,CASH_OUT,256193.3,0.0,0.0,422748.24,905385.44,0
7,CASH_OUT,307111.99,0.0,0.0,12900000.0,13100000.0,0
7,CASH_OUT,585853.28,0.0,0.0,1977616.71,2575739.64,0
7,CASH_OUT,211258.63,0.0,0.0,740474.35,1074318.86,0
7,CASH_OUT,276036.61,0.0,0.0,15800000.0,17800000.0,0
7,CASH_OUT,92754.39,0.0,0.0,210435.83,303190.22,0
7,CASH_OUT,488632.1,0.0,0.0,590053.46,1078685.56,0
7,CASH_OUT,93077.0,0.0,0.0,109861.0,112449.9,0
7,TRANSFER,234734.39,84879.0,0.0,136365.0,52136.82,0
7,PAYMENT,2162.91,191839.0,189676.09,0.0,0.0,0
7,PAYMENT,7456.1,21686.0,14229.9,0.0,0.0,0
7,PAYMENT,1601.61,239.0,0.0,0.0,0.0,0
7,TRANSFER,675184.96,2140.0,0.0,0.0,392128.01,0
7,PAYMENT,7285.45,24607.0,17321.55,0.0,0.0,0
7,PAYMENT,9250.16,17321.55,8071.39,0.0,0.0,0
7,TRANSFER,297193.49,15184.0,0.0,10400000.0,10800000.0,0
7,TRANSFER,1465989.27,0.0,0.0,2339419.98,7837942.9,0
7,PAYMENT,68.09,28785.0,28716.91,0.0,0.0,0
7,PAYMENT,3263.66,155.0,0.0,0.0,0.0,0
7,PAYMENT,7735.32,7050.0,0.0,0.0,0.0,0
7,PAYMENT,10264.83,0.0,0.0,0.0,0.0,0
7,PAYMENT,10024.27,0.0,0.0,0.0,0.0,0
7,PAYMENT,2329.92,0.0,0.0,0.0,0.0,0
7,CASH_OUT,288884.1,41357.0,0.0,15799.0,0.0,0
7,PAYMENT,2638.93,0.0,0.0,0.0,0.0,0
7,PAYMENT,7033.55,0.0,0.0,0.0,0.0,0
7,PAYMENT,4219.8,60898.0,56678.2,0.0,0.0,0
7,PAYMENT,6786.69,56678.2,49891.51,0.0,0.0,0
7,PAYMENT,890.64,58240.0,57349.36,0.0,0.0,0
7,PAYMENT,3597.59,10826.0,7228.41,0.0,0.0,0
7,TRANSFER,840288.07,42120.0,0.0,0.0,592376.6,0
7,PAYMENT,6983.25,20386.0,13402.75,0.0,0.0,0
7,DEBIT,3168.21,702.0,0.0,7550.03,10718.23,0
7,CASH_IN,223803.19,0.0,223803.19,585189.87,1328510.04,0
7,CASH_IN,318962.57,223803.19,542765.76,371099.39,52136.82,0
7,CASH_IN,341269.92,542765.76,884035.68,662284.06,321014.14,0
7,CASH_IN,116822.62,884035.68,1000858.3,1224646.39,2324423.73,0
7,CASH_IN,543093.48,1000858.3,1543951.78,6577339.67,6385836.94,0
7,CASH_IN,181623.29,1543951.78,1725575.06,3679564.83,5597078.49,0
7,CASH_IN,25646.09,1725575.06,1751221.16,28355.0,2708.91,0
7,CASH_IN,33034.11,1751221.16,1784255.27,391811.34,168705.77,0
7,CASH_IN,343183.45,1784255.27,2127438.71,411399.71,68216.27,0
7,CASH_IN,77050.37,2127438.71,2204489.08,104624.0,27573.63,0
7,CASH_IN,131162.37,2204489.08,2335651.45,1943617.39,5652054.58,0
7,CASH_IN,35884.67,2335651.45,2371536.12,71413.38,35528.72,0
7,CASH_IN,232459.86,2371536.12,2603995.97,461242.91,228783.05,0
7,CASH_IN,195773.44,2603995.97,2799769.42,667695.31,0.0,0
7,CASH_IN,18743.6,2799769.42,2818513.02,29158.68,10415.08,0
7,CASH_IN,266769.46,2818513.02,3085282.47,488351.88,182117.56,0
7,CASH_IN,198221.54,3085282.47,3283504.01,252146.18,53924.65,0
7,CASH_IN,300747.04,3283504.01,3584251.05,314977.44,14230.4,0
7,CASH_IN,88854.0,3584251.05,3673105.05,149981.87,61127.87,0
7,CASH_IN,42464.05,3673105.05,3715569.1,99136.69,56672.63,0
7,CASH_IN,81605.5,3715569.1,3797174.61,475559.18,345069.81,0
7,CASH_IN,328774.36,3797174.61,4125948.97,7107892.4,6779118.04,0
7,CASH_IN,32512.41,4125948.97,4158461.38,60237.85,428593.84,0
7,CASH_IN,36082.25,4158461.38,4194543.63,134607.94,98525.69,0
7,CASH_IN,69286.21,4194543.63,4263829.84,1016837.3,1556799.98,0
7,CASH_IN,356050.39,4263829.84,4619880.24,6023360.0,7255066.28,0
7,CASH_IN,367673.83,4619880.24,4987554.06,2563469.99,2575739.64,0
7,CASH_IN,85912.14,4987554.06,5073466.2,96524.69,10612.55,0
7,CASH_IN,434599.15,5073466.2,5508065.35,738437.38,153556.92,0
7,CASH_IN,35217.29,5508065.35,5543282.64,187362.12,71835.64,0
7,CASH_IN,1699.38,5543282.64,5544982.02,30471.0,7921.29,0
7,CASH_IN,37190.91,5544982.02,5582172.94,173552.83,157993.5,0
7,CASH_IN,35458.8,5582172.94,5617631.74,245997.24,210538.44,0
7,CASH_IN,91793.34,5617631.74,5709425.08,287772.32,195978.99,0
7,CASH_IN,167569.88,5709425.08,5876994.96,382366.42,141644.5,0
7,CASH_IN,238928.64,5876994.96,6115923.6,327458.82,26044.72,0
7,CASH_IN,314094.74,6115923.6,6430018.34,786738.97,757779.01,0
7,CASH_IN,101802.15,6430018.34,6531820.49,150432.65,48630.5,0
7,CASH_IN,125471.79,6531820.49,6657292.28,147729.65,22257.86,0
7,CASH_IN,191862.15,6657292.28,6849154.44,18400000.0,18100000.0,0
7,CASH_IN,197656.33,6849154.44,7046810.77,840288.07,592376.6,0
7,CASH_IN,184246.71,7046810.77,7231057.48,215691.41,31444.7,0
7,CASH_IN,62915.49,7231057.48,7293972.97,10800000.0,12900000.0,0
7,CASH_IN,154690.87,7293972.97,7448663.85,385674.22,571846.3,0
7,CASH_IN,384933.62,7448663.85,7833597.47,874562.86,359869.33,0
7,CASH_IN,66285.09,7833597.47,7899882.55,70032.0,0.0,0
7,CASH_IN,75820.36,7899882.55,7975702.92,306213.48,104468.87,0
7,CASH_IN,7416.07,7975702.92,7983118.99,21227.0,13810.93,0
7,CASH_IN,54980.53,7983118.99,8038099.52,1960970.71,1995598.25,0
7,CASH_IN,80309.19,8038099.52,8118408.71,152144.83,71835.64,0
7,CASH_IN,118512.83,8118408.71,8236921.54,126372.08,7859.25,0
7,CASH_IN,61874.41,8236921.54,8298795.95,65100.24,3225.83,0
7,CASH_IN,53033.94,8298795.95,8351829.89,58505.5,5471.55,0
7,CASH_IN,16805.03,8351829.89,8368634.92,129696.18,47634.67,0
7,CASH_IN,264788.06,8368634.92,8633422.98,948944.54,1906158.59,0
7,CASH_IN,398322.86,8633422.98,9031745.84,10700000.0,12900000.0,0
7,CASH_IN,327344.43,9031745.84,9359090.28,538645.8,211301.36,0
7,CASH_IN,57483.87,9359090.28,9416574.15,221582.42,182117.56,0
7,CASH_IN,340150.56,9416574.15,9756724.71,921221.65,982743.75,0
7,CASH_IN,445805.73,9756724.71,10200000.0,3216387.7,2770581.98,0
7,CASH_IN,124840.02,10200000.0,10300000.0,642631.74,592376.6,0
7,CASH_IN,135249.93,10300000.0,10500000.0,397684.46,0.0,0
7,CASH_IN,187825.52,10500000.0,10700000.0,1123213.77,1033096.57,0
7,CASH_IN,25554.54,10700000.0,10700000.0,12700000.0,12700000.0,0
7,CASH_IN,285639.93,10700000.0,11000000.0,304683.1,0.0,0
7,CASH_IN,170689.79,11000000.0,11100000.0,5854252.35,5460002.91,0
7,PAYMENT,2682.82,338628.0,335945.18,0.0,0.0,0
7,PAYMENT,13443.71,350252.0,336808.29,0.0,0.0,0
7,PAYMENT,594.18,824713.6,824119.42,0.0,0.0,0
7,CASH_OUT,103928.78,824119.42,720190.64,185922.0,49145.16,0
7,TRANSFER,296833.68,11528.0,0.0,11848.91,232681.17,0
7,PAYMENT,11695.85,16815.0,5119.15,0.0,0.0,0
7,CASH_OUT,341128.83,5119.15,0.0,4641846.68,5251235.25,0
7,PAYMENT,2990.38,20685.0,17694.62,0.0,0.0,0
7,PAYMENT,16251.8,54347.0,38095.2,0.0,0.0,0
7,PAYMENT,1353.75,38095.2,36741.44,0.0,0.0,0
7,PAYMENT,5297.9,21413.0,16115.1,0.0,0.0,0
7,PAYMENT,6081.69,303838.23,297756.54,0.0,0.0,0
7,PAYMENT,5067.26,297756.54,292689.28,0.0,0.0,0
7,PAYMENT,4264.39,292689.28,288424.89,0.0,0.0,0
7,PAYMENT,6109.04,1593438.49,1587329.45,0.0,0.0,0
7,CASH_OUT,24050.25,1587329.45,1563279.2,480973.39,631354.92,0
7,TRANSFER,472132.78,11087.0,0.0,34128.82,1273838.38,0
7,PAYMENT,2752.29,75303.0,72550.71,0.0,0.0,0
7,PAYMENT,12102.76,32821.0,20718.24,0.0,0.0,0
7,PAYMENT,4400.63,1737.64,0.0,0.0,0.0,0
7,TRANSFER,34789.73,0.0,0.0,198560.74,233350.47,0
7,PAYMENT,8047.0,84063.0,76016.0,0.0,0.0,0
7,PAYMENT,6692.42,21323.0,14630.58,0.0,0.0,0
7,PAYMENT,2362.37,14630.58,12268.21,0.0,0.0,0
7,PAYMENT,4897.95,24944.0,20046.05,0.0,0.0,0
7,CASH_OUT,223690.38,101769.0,0.0,122.0,279042.57,0
7,PAYMENT,16636.0,40191.0,23555.0,0.0,0.0,0
7,PAYMENT,19860.3,29571.0,9710.7,0.0,0.0,0
7,CASH_OUT,530888.87,9710.7,0.0,563513.94,1120608.72,0
7,PAYMENT,11167.76,20091.0,8923.24,0.0,0.0,0
7,PAYMENT,3674.17,41907.0,38232.83,0.0,0.0,0
7,CASH_OUT,167410.09,38232.83,0.0,216747.22,947554.33,0
7,PAYMENT,7298.21,28162.0,20863.79,0.0,0.0,0
7,PAYMENT,4741.37,21651.0,16909.63,0.0,0.0,0
7,PAYMENT,4602.77,138156.0,133553.23,0.0,0.0,0
7,PAYMENT,416.8,9081.0,8664.2,0.0,0.0,0
7,CASH_OUT,255496.7,8664.2,0.0,10500000.0,10900000.0,0
7,CASH_OUT,232784.28,0.0,0.0,8182056.73,9092634.94,0
7,DEBIT,4360.87,70233.0,65872.13,5570.0,5645.44,0
7,PAYMENT,174.29,587.0,412.71,0.0,0.0,0
7,CASH_OUT,147392.81,40159.0,0.0,113164.98,171172.6,0
7,PAYMENT,2669.69,0.0,0.0,0.0,0.0,0
7,PAYMENT,16038.8,0.0,0.0,0.0,0.0,0
7,PAYMENT,8663.77,22401.0,13737.23,0.0,0.0,0
7,PAYMENT,2837.05,600.37,0.0,0.0,0.0,0
7,PAYMENT,7335.24,0.0,0.0,0.0,0.0,0
7,PAYMENT,4300.78,0.0,0.0,0.0,0.0,0
7,TRANSFER,335362.53,10552.0,0.0,0.0,776179.51,0
7,PAYMENT,1483.31,5173.0,3689.69,0.0,0.0,0
7,PAYMENT,7744.38,203664.0,195919.62,0.0,0.0,0
7,PAYMENT,8000.09,31202.0,23201.91,0.0,0.0,0
7,TRANSFER,608944.62,30598.0,0.0,161885.95,770830.57,0
7,PAYMENT,5579.16,0.0,0.0,0.0,0.0,0
7,PAYMENT,5744.47,464.0,0.0,0.0,0.0,0
7,TRANSFER,1174893.26,0.0,0.0,3497941.54,5597078.49,0
7,TRANSFER,249943.5,0.0,0.0,684156.48,1906158.59,0
7,TRANSFER,1664987.6,0.0,0.0,16100000.0,17800000.0,0
7,TRANSFER,1236739.5,0.0,0.0,17400000.0,18700000.0,0
7,TRANSFER,572028.89,0.0,0.0,4672834.8,5597078.49,0
7,TRANSFER,1532087.16,0.0,0.0,1812455.01,5652054.58,0
7,TRANSFER,294581.69,0.0,0.0,8414841.01,9092634.94,0
7,TRANSFER,16639.07,0.0,0.0,194766.34,237615.79,0
7,TRANSFER,40108.55,0.0,0.0,52796.0,18759.22,0
7,TRANSFER,130712.08,0.0,0.0,148315.0,226597.4,0
7,TRANSFER,767924.0,0.0,0.0,1319526.62,2084795.89,0
7,TRANSFER,397080.05,0.0,0.0,471921.87,0.0,0
7,TRANSFER,179180.78,0.0,0.0,7446492.06,8680195.01,0
7,TRANSFER,442422.28,0.0,0.0,3062223.92,4441465.94,0
7,TRANSFER,490606.82,0.0,0.0,3459474.62,5632383.36,0
7,PAYMENT,5785.53,19526.0,13740.47,0.0,0.0,0
7,CASH_OUT,60329.37,13740.47,0.0,86242.27,271703.64,0
7,CASH_OUT,253387.93,0.0,0.0,335362.53,776179.51,0
7,CASH_OUT,103041.57,0.0,0.0,505414.75,682530.5,0
7,CASH_OUT,72244.19,0.0,0.0,213063.85,267798.33,0
7,CASH_OUT,329109.11,0.0,0.0,568171.94,842508.92,0
7,CASH_OUT,140231.37,0.0,0.0,5667309.6,7255066.28,0
7,CASH_OUT,166504.74,0.0,0.0,332496.19,499000.92,0
7,CASH_OUT,105316.57,0.0,0.0,117634.01,154628.64,0
7,CASH_OUT,10754.33,0.0,0.0,15395.0,26149.33,0
7,CASH_OUT,315257.69,0.0,0.0,869001.92,0.0,0
7,CASH_OUT,177159.82,0.0,0.0,240006.15,484595.24,0
7,CASH_OUT,156151.52,0.0,0.0,7338604.42,10000000.0,0
7,CASH_OUT,109654.05,0.0,0.0,266821.0,896903.33,0
7,CASH_OUT,309043.71,0.0,0.0,376475.04,896903.33,0
7,CASH_OUT,109247.89,0.0,0.0,5244863.69,5597078.49,0
7,CASH_OUT,191490.24,0.0,0.0,4500435.47,4515203.08,0
7,CASH_OUT,140158.67,0.0,0.0,1333184.67,4625599.45,0
7,CASH_OUT,126714.16,0.0,0.0,175770.85,460470.54,0
7,CASH_OUT,47819.39,0.0,0.0,947551.09,1556799.98,0
7,CASH_OUT,78023.16,0.0,0.0,568954.63,522428.46,0
7,CASH_OUT,55230.19,0.0,0.0,223812.38,279042.57,0
7,CASH_OUT,123522.3,0.0,0.0,375260.07,916266.8,0
7,CASH_OUT,281934.86,0.0,0.0,3950081.44,5632383.36,0
7,CASH_OUT,261370.99,0.0,0.0,7625672.84,8680195.01,0
7,CASH_OUT,48145.49,0.0,0.0,50573.64,98719.13,0
7,CASH_OUT,284121.32,0.0,0.0,3601306.85,3885428.17,0
7,CASH_OUT,578514.87,0.0,0.0,1028715.12,1431686.33,0
7,CASH_OUT,74364.75,0.0,0.0,4232016.3,5632383.36,0
7,CASH_OUT,151749.75,0.0,0.0,321773.68,561712.86,0
7,CASH_OUT,72588.32,0.0,0.0,603559.29,777700.37,0
7,CASH_OUT,248431.72,0.0,0.0,5911131.72,5876339.66,0
7,CASH_OUT,243580.55,0.0,0.0,1107823.77,2324423.73,0
7,CASH_OUT,239998.35,0.0,0.0,720190.64,960188.98,0
7,CASH_OUT,385479.54,0.0,0.0,737510.44,1239108.91,0
7,CASH_OUT,97217.75,0.0,0.0,130815.71,45394.67,0
7,CASH_OUT,386367.23,0.0,0.0,7521139.88,8730306.03,0
7,CASH_OUT,128048.76,0.0,0.0,292741.94,705242.01,0
7,CASH_OUT,171905.69,0.0,0.0,456669.28,628574.97,0
7,CASH_OUT,26210.38,0.0,0.0,211405.4,237615.79,0
7,CASH_OUT,36312.69,0.0,0.0,96045.02,108483.43,0
7,CASH_OUT,7398.24,0.0,0.0,52146.76,8759.08,0
7,CASH_OUT,67152.15,0.0,0.0,349564.0,136576.79,0
7,CASH_OUT,306323.63,0.0,0.0,1053942.57,1674676.75,0
7,CASH_OUT,116600.79,0.0,0.0,126468.06,243068.85,0
7,CASH_OUT,104135.08,0.0,0.0,608456.32,682530.5,0
7,CASH_OUT,102077.16,0.0,0.0,4306381.05,5632383.36,0
7,CASH_OUT,67429.27,0.0,0.0,417165.97,484595.24,0
7,CASH_OUT,13845.82,0.0,0.0,17892.0,31737.82,0
7,CASH_OUT,64974.45,0.0,0.0,451039.67,1092234.24,0
7,CASH_OUT,35426.93,0.0,0.0,136361.92,157993.5,0
7,CASH_OUT,97919.82,0.0,0.0,6778202.0,7329355.45,0
7,CASH_OUT,153966.29,0.0,0.0,224035.87,378002.16,0
7,CASH_OUT,41309.02,0.0,0.0,105984.74,147293.76,0
7,CASH_OUT,43093.35,0.0,0.0,602168.54,779659.14,0
7,CASH_OUT,499343.04,0.0,0.0,3504646.19,4441465.94,0
7,CASH_OUT,379699.71,0.0,0.0,4113554.58,5827219.22,0
7,CASH_OUT,27060.81,0.0,0.0,99923.0,126983.81,0
7,CASH_OUT,402663.46,0.0,0.0,6034246.19,6385836.94,0
7,CASH_OUT,578730.75,0.0,0.0,1473343.34,4625599.45,0
7,CASH_OUT,471390.8,0.0,0.0,12500000.0,14100000.0,0
7,CASH_OUT,405812.31,0.0,0.0,645261.89,779659.14,0
7,CASH_OUT,239972.3,0.0,0.0,4050656.56,7488671.79,0
7,TRANSFER,233938.4,20946.0,0.0,229939.72,32266.57,0
7,DEBIT,660.23,3580.63,2920.4,21474.0,7700.83,0
7,PAYMENT,515.09,2920.4,2405.31,0.0,0.0,0
7,CASH_OUT,50575.73,19972.0,0.0,0.0,50575.73,0
7,PAYMENT,3421.65,29435.0,26013.35,0.0,0.0,0
7,PAYMENT,646.76,142589.0,141942.24,0.0,0.0,0
7,PAYMENT,19021.43,27750.0,8728.57,0.0,0.0,0
7,PAYMENT,4962.0,233761.0,228799.0,0.0,0.0,0
7,PAYMENT,16889.35,12106.0,0.0,0.0,0.0,0
7,PAYMENT,1539.57,6673.0,5133.43,0.0,0.0,0
7,PAYMENT,13615.05,115537.0,101921.95,0.0,0.0,0
7,TRANSFER,520367.43,50368.0,0.0,17321.91,649298.27,0
7,PAYMENT,5975.73,200681.0,194705.27,0.0,0.0,0
7,PAYMENT,3602.91,14535.0,10932.09,0.0,0.0,0
7,TRANSFER,155379.43,532938.0,377558.57,646977.79,522428.46,0
7,PAYMENT,3747.13,3770.0,22.87,0.0,0.0,0
7,DEBIT,2627.14,48589.0,45961.86,21238.0,23865.14,0
7,DEBIT,1676.14,12058.82,10382.68,161168.01,162844.14,0
7,CASH_OUT,90608.01,10382.68,0.0,285749.32,1005781.48,0
7,PAYMENT,15736.28,410515.0,394778.72,0.0,0.0,0
7,PAYMENT,8349.69,11301.0,2951.31,0.0,0.0,0
7,PAYMENT,8269.87,310.0,0.0,0.0,0.0,0
7,CASH_IN,39717.52,86525.0,126242.52,0.0,0.0,0
7,PAYMENT,1753.6,126242.52,124488.92,0.0,0.0,0
7,PAYMENT,636.76,31917.0,31280.24,0.0,0.0,0
7,PAYMENT,6476.38,31280.24,24803.86,0.0,0.0,0
7,PAYMENT,6990.79,24803.86,17813.07,0.0,0.0,0
7,PAYMENT,6858.7,17813.07,10954.37,0.0,0.0,0
7,PAYMENT,32118.97,10954.37,0.0,0.0,0.0,0
7,PAYMENT,30180.07,0.0,0.0,0.0,0.0,0
7,PAYMENT,7048.35,0.0,0.0,0.0,0.0,0
7,PAYMENT,2103.29,0.0,0.0,0.0,0.0,0
7,PAYMENT,2549.04,0.0,0.0,0.0,0.0,0
7,PAYMENT,9302.99,0.0,0.0,0.0,0.0,0
7,PAYMENT,11703.97,0.0,0.0,0.0,0.0,0
7,PAYMENT,19608.07,0.0,0.0,0.0,0.0,0
7,PAYMENT,5275.62,0.0,0.0,0.0,0.0,0
7,PAYMENT,8809.29,0.0,0.0,0.0,0.0,0
7,PAYMENT,5698.67,0.0,0.0,0.0,0.0,0
7,PAYMENT,7037.51,0.0,0.0,0.0,0.0,0
7,PAYMENT,14503.24,0.0,0.0,0.0,0.0,0
7,PAYMENT,6568.75,0.0,0.0,0.0,0.0,0
7,PAYMENT,15960.1,0.0,0.0,0.0,0.0,0
7,PAYMENT,8372.5,0.0,0.0,0.0,0.0,0
7,PAYMENT,2036.46,0.0,0.0,0.0,0.0,0
7,PAYMENT,2641.37,0.0,0.0,0.0,0.0,0
7,PAYMENT,3956.77,0.0,0.0,0.0,0.0,0
7,CASH_OUT,60351.62,11263.0,0.0,144.0,60495.62,0
7,CASH_OUT,129760.0,0.0,0.0,1563279.2,1699431.84,0
7,CASH_OUT,302317.81,0.0,0.0,498782.37,916266.8,0
7,CASH_OUT,18019.0,0.0,0.0,164098.55,182117.56,0
7,CASH_OUT,228162.38,0.0,0.0,4290628.86,7488671.79,0
7,CASH_OUT,90962.75,0.0,0.0,516014.12,1092234.24,0
7,CASH_OUT,284677.82,0.0,0.0,995370.48,1556799.98,0
7,CASH_OUT,126296.47,0.0,0.0,172466.38,297659.82,0
7,CASH_OUT,9140.92,0.0,0.0,33109.0,42249.92,0
7,CASH_OUT,230623.52,0.0,0.0,4982975.51,5251235.25,0
7,CASH_OUT,95485.52,0.0,0.0,531794.08,1193550.39,0
7,CASH_OUT,135471.58,0.0,0.0,194724.39,573514.06,0
7,CASH_OUT,126928.94,0.0,0.0,200163.0,252367.25,0
7,CASH_OUT,116598.79,0.0,0.0,4231347.42,4598815.2,0
7,CASH_OUT,8826.61,0.0,0.0,40367.0,42950.32,0
7,CASH_OUT,112327.1,0.0,0.0,13000000.0,14100000.0,0
7,CASH_OUT,95155.95,0.0,0.0,1003049.3,1626304.94,0
7,CASH_OUT,65006.66,0.0,0.0,232929.44,158489.25,0
7,CASH_OUT,120223.54,0.0,0.0,2195796.17,2575739.64,0
7,CASH_OUT,16322.98,0.0,0.0,155228.0,171550.98,0
7,CASH_OUT,86050.93,0.0,0.0,89834.0,175884.93,0
7,CASH_OUT,83162.16,0.0,0.0,298762.85,297659.82,0
7,CASH_OUT,115166.62,0.0,0.0,801100.18,916266.8,0
7,CASH_OUT,299337.21,0.0,0.0,6620685.75,6647680.95,0
7,CASH_OUT,122585.87,0.0,0.0,951732.99,1074318.86,0
7,CASH_OUT,25784.58,0.0,0.0,27708.6,53493.18,0
7,CASH_OUT,713465.67,0.0,0.0,5354111.58,5597078.49,0
7,CASH_OUT,110439.98,0.0,0.0,224552.06,336403.65,0
7,CASH_OUT,39048.51,0.0,0.0,192975.04,34524.7,0
7,CASH_OUT,228982.7,0.0,0.0,359908.72,588891.42,0
7,CASH_OUT,135528.52,0.0,0.0,2052074.09,4625599.45,0
7,CASH_OUT,455512.07,0.0,0.0,496966.26,952478.33,0
7,CASH_OUT,104669.17,0.0,0.0,463878.12,32266.57,0
7,CASH_OUT,111608.93,0.0,0.0,537689.34,649298.27,0
7,CASH_OUT,10606.95,0.0,0.0,100424.0,111030.95,0
7,CASH_OUT,178055.24,0.0,0.0,182825.68,360880.92,0
7,CASH_OUT,55593.37,0.0,0.0,61609.0,117202.37,0
7,CASH_OUT,287860.49,0.0,0.0,1322467.95,1610328.43,0
7,CASH_OUT,112423.36,0.0,0.0,14500000.0,14700000.0,0
7,CASH_OUT,41059.08,0.0,0.0,148954.23,225460.97,0
7,CASH_OUT,357427.06,0.0,0.0,376357.32,1005781.48,0
7,CASH_OUT,26205.91,0.0,0.0,1094402.81,1120608.72,0
7,CASH_OUT,94641.18,0.0,0.0,136886.29,72085.7,0
7,CASH_OUT,176673.12,0.0,0.0,422281.85,346139.62,0
7,CASH_OUT,80085.58,0.0,0.0,222950.58,154628.64,0
7,TRANSFER,733678.95,33996.0,0.0,102226.0,671625.55,0
7,DEBIT,2360.49,665.0,0.0,31857.75,34218.24,0
7,PAYMENT,7426.25,20250.0,12823.75,0.0,0.0,0
7,PAYMENT,15242.93,252324.0,237081.07,0.0,0.0,0
7,CASH_IN,64569.23,5077.0,69646.23,458661.67,148900.44,0
7,PAYMENT,1348.98,16394.0,15045.02,0.0,0.0,0
7,PAYMENT,8414.46,5074.0,0.0,0.0,0.0,0
7,PAYMENT,5784.92,8951.0,3166.08,0.0,0.0,0
7,PAYMENT,9390.53,3166.08,0.0,0.0,0.0,0
7,PAYMENT,9677.9,258703.0,249025.1,0.0,0.0,0
7,PAYMENT,4172.18,488.0,0.0,0.0,0.0,0
7,CASH_OUT,309799.7,0.0,0.0,3344542.18,5652054.58,0
7,DEBIT,2859.77,80492.0,77632.23,14984.0,17843.77,0
7,PAYMENT,10414.2,181118.0,170703.8,0.0,0.0,0
7,PAYMENT,5803.59,53210.99,47407.4,0.0,0.0,0
7,TRANSFER,915732.43,47407.4,0.0,4518791.24,7488671.79,0
7,PAYMENT,3215.11,30487.0,27271.89,0.0,0.0,0
7,PAYMENT,7462.87,20318.0,12855.13,0.0,0.0,0
7,PAYMENT,2070.68,73134.0,71063.32,0.0,0.0,0
7,PAYMENT,3702.2,71063.32,67361.13,0.0,0.0,0
7,PAYMENT,2686.44,601.0,0.0,0.0,0.0,0
7,CASH_OUT,175236.79,0.0,0.0,288424.89,153556.92,0
7,PAYMENT,7176.58,34513.9,27337.32,0.0,0.0,0
7,CASH_OUT,316493.12,27337.32,0.0,4347946.2,4598815.2,0
7,PAYMENT,1703.96,204184.0,202480.04,0.0,0.0,0
7,PAYMENT,4307.38,5428.0,1120.62,0.0,0.0,0
7,CASH_OUT,228251.68,1120.62,0.0,8709422.7,9092634.94,0
7,PAYMENT,4465.5,30626.0,26160.5,0.0,0.0,0
7,PAYMENT,10399.11,22146.0,11746.89,0.0,0.0,0
7,PAYMENT,6301.93,19613.0,13311.07,0.0,0.0,0
7,CASH_OUT,156329.61,6497.0,0.0,0.0,156329.61,0
7,TRANSFER,392940.08,21509.0,0.0,31383.27,611272.03,0
7,CASH_IN,24035.29,430627.0,454662.29,0.0,0.0,0
7,PAYMENT,13878.21,49623.0,35744.79,0.0,0.0,0
7,PAYMENT,502.38,1259477.17,1258974.79,0.0,0.0,0
7,PAYMENT,1589.74,1258974.79,1257385.05,0.0,0.0,0
7,PAYMENT,2043.74,1257385.05,1255341.31,0.0,0.0,0
7,PAYMENT,11943.88,228033.46,216089.58,0.0,0.0,0
7,PAYMENT,5245.79,216089.58,210843.79,0.0,0.0,0
7,PAYMENT,8976.18,6966.0,0.0,0.0,0.0,0
7,CASH_OUT,175416.04,0.0,0.0,7887043.83,8680195.01,0
7,CASH_OUT,107057.5,0.0,0.0,266061.33,373118.84,0
7,CASH_OUT,63751.96,0.0,0.0,802357.21,522428.46,0
7,CASH_OUT,41210.57,0.0,0.0,109352.0,150562.57,0
7,CASH_OUT,284451.31,0.0,0.0,420790.7,705242.01,0
7,CASH_OUT,224221.08,0.0,0.0,5434523.66,7488671.79,0
7,CASH_OUT,512425.51,0.0,0.0,1654365.8,2026441.55,0
7,CASH_OUT,185882.89,0.0,0.0,10700000.0,10800000.0,0
7,CASH_OUT,162684.74,0.0,0.0,1280048.3,1556799.98,0
7,CASH_OUT,6392.64,0.0,0.0,1693039.2,1699431.84,0
7,CASH_OUT,183547.99,0.0,0.0,4493254.29,5827219.22,0
7,CASH_OUT,27416.73,0.0,0.0,2166791.31,2026441.55,0
7,CASH_OUT,89608.08,0.0,0.0,1905990.18,1995598.25,0
7,PAYMENT,4171.95,294.0,0.0,0.0,0.0,0
7,CASH_OUT,78278.45,8036.0,0.0,114424.75,192703.2,0
7,PAYMENT,10659.13,13155.47,2496.33,0.0,0.0,0
7,PAYMENT,8936.88,2496.33,0.0,0.0,0.0,0
7,PAYMENT,653.16,41000.0,40346.84,0.0,0.0,0
7,PAYMENT,13397.45,159.0,0.0,0.0,0.0,0
7,TRANSFER,452835.39,304141.0,0.0,591634.69,1640349.09,0
7,PAYMENT,12187.12,117943.0,105755.88,0.0,0.0,0
7,TRANSFER,141257.69,109101.0,0.0,19891.44,161149.13,0
7,PAYMENT,9801.54,103543.0,93741.46,0.0,0.0,0
7,PAYMENT,7951.32,5532.0,0.0,0.0,0.0,0
7,PAYMENT,6929.73,5234.0,0.0,0.0,0.0,0
7,PAYMENT,3941.31,0.0,0.0,0.0,0.0,0
7,PAYMENT,4522.72,15199.0,10676.28,0.0,0.0,0
7,PAYMENT,323.01,23006.0,22682.99,0.0,0.0,0
7,PAYMENT,6817.11,39820.0,33002.89,0.0,0.0,0
7,PAYMENT,13201.91,23087.0,9885.09,0.0,0.0,0
7,PAYMENT,2836.24,47988.0,45151.76,0.0,0.0,0
7,PAYMENT,5044.45,92540.02,87495.57,0.0,0.0,0
7,CASH_OUT,117762.75,87495.57,0.0,467670.57,266931.55,0
7,PAYMENT,2278.82,3069.0,790.18,0.0,0.0,0
7,PAYMENT,3256.98,790.18,0.0,0.0,0.0,0
7,PAYMENT,10446.63,856.0,0.0,0.0,0.0,0
7,PAYMENT,1520.66,0.0,0.0,0.0,0.0,0
7,PAYMENT,5961.64,796261.0,790299.36,0.0,0.0,0
7,PAYMENT,9450.61,10140.0,689.39,0.0,0.0,0
7,CASH_IN,51940.57,12042.0,63982.57,14913.98,0.0,0
7,CASH_OUT,29181.32,63982.57,34801.25,100728.0,129909.32,0
7,CASH_IN,76185.26,4537.0,80722.26,188.0,0.0,0
7,PAYMENT,3585.4,71197.0,67611.6,0.0,0.0,0
7,PAYMENT,543.6,67611.6,67068.0,0.0,0.0,0
7,PAYMENT,12333.76,293241.0,280907.24,0.0,0.0,0
7,PAYMENT,1864.36,166303.0,164438.64,0.0,0.0,0
7,PAYMENT,5563.16,31031.0,25467.84,0.0,0.0,0
7,PAYMENT,991.87,366.0,0.0,0.0,0.0,0
7,PAYMENT,1042.26,1987.0,944.74,0.0,0.0,0
7,CASH_IN,56968.61,51942.0,108910.61,941410.58,814471.57,0
7,PAYMENT,17399.44,26811.0,9411.56,0.0,0.0,0
7,PAYMENT,7839.9,9411.56,1571.66,0.0,0.0,0
7,TRANSFER,393091.2,851.0,0.0,5625.06,637765.96,0
7,TRANSFER,25900.29,19932.0,0.0,24920.0,50820.29,0
7,PAYMENT,3872.79,3274.0,0.0,0.0,0.0,0
7,PAYMENT,7396.44,0.0,0.0,0.0,0.0,0
7,PAYMENT,5920.5,0.0,0.0,0.0,0.0,0
7,TRANSFER,700223.91,159.0,0.0,2187602.61,4625599.45,0
7,TRANSFER,229105.83,500415.0,271309.17,0.0,229105.83,0
7,DEBIT,2512.95,144780.0,142267.05,25343.0,27855.95,0
7,PAYMENT,4405.43,5126.0,720.57,0.0,0.0,0
7,TRANSFER,351561.05,10569.0,0.0,21313.0,480626.37,0
7,TRANSFER,740951.52,5034.0,0.0,19812.0,1087007.58,0
7,PAYMENT,16918.31,401.0,0.0,0.0,0.0,0
7,PAYMENT,9463.64,30337.0,20873.36,0.0,0.0,0
7,PAYMENT,1980.51,388.0,0.0,0.0,0.0,0
7,PAYMENT,3643.91,9968.0,6324.09,0.0,0.0,0
7,PAYMENT,5196.35,576.0,0.0,0.0,0.0,0
7,TRANSFER,1626960.47,0.0,0.0,5807540.97,7255066.28,0
7,PAYMENT,1937.5,601.0,0.0,0.0,0.0,0
7,PAYMENT,9024.06,4571.0,0.0,0.0,0.0,0
7,PAYMENT,10916.1,21198.0,10281.9,0.0,0.0,0
7,PAYMENT,14709.78,21169.0,6459.22,0.0,0.0,0
7,TRANSFER,457456.67,23574.0,0.0,59800.0,483813.45,0
7,PAYMENT,2327.84,0.0,0.0,0.0,0.0,0
7,PAYMENT,1722.22,11377.0,9654.78,0.0,0.0,0
7,PAYMENT,7519.45,36443.0,28923.55,0.0,0.0,0
7,PAYMENT,4839.18,86906.0,82066.82,0.0,0.0,0
7,PAYMENT,5285.09,180.0,0.0,0.0,0.0,0
7,PAYMENT,7806.89,93420.0,85613.11,0.0,0.0,0
7,CASH_OUT,15325.4,11917.0,0.0,45304.0,60629.4,0
7,TRANSFER,875756.9,2558.0,0.0,0.0,645068.66,0
7,PAYMENT,21374.64,54404.0,33029.36,0.0,0.0,0
7,PAYMENT,908.3,14859.0,13950.7,0.0,0.0,0
7,TRANSFER,399635.37,0.0,0.0,4676802.28,5827219.22,0
7,CASH_OUT,218466.18,0.0,0.0,308682.59,232681.17,0
7,CASH_OUT,211384.58,0.0,0.0,685518.75,896903.33,0
7,PAYMENT,7718.37,54.0,0.0,0.0,0.0,0
7,CASH_OUT,72428.51,1423.0,0.0,112360.48,371.65,0
7,PAYMENT,1312.68,7653.0,6340.32,0.0,0.0,0
7,CASH_OUT,329503.27,6340.32,0.0,506261.6,1273838.38,0
7,TRANSFER,419296.35,15463.0,0.0,618.0,346013.49,0
7,CASH_OUT,154960.56,0.0,0.0,8937674.39,9092634.94,0
7,CASH_OUT,286381.33,0.0,0.0,4003989.23,4441465.94,0
7,TRANSFER,126315.46,11910.0,0.0,0.0,126315.46,0
7,PAYMENT,13155.28,32310.0,19154.72,0.0,0.0,0
7,PAYMENT,17126.69,8146.0,0.0,0.0,0.0,0
7,CASH_OUT,170108.96,9076.0,0.0,26840.75,493580.49,0
7,PAYMENT,10521.67,31266.85,20745.18,0.0,0.0,0
7,CASH_OUT,116118.94,20745.18,0.0,1122989.98,1239108.91,0
7,PAYMENT,11168.84,300433.0,289264.16,0.0,0.0,0
7,CASH_OUT,126589.22,13306.0,0.0,32193.0,281641.27,0
7,TRANSFER,643137.09,0.0,0.0,5076437.65,5827219.22,0
7,PAYMENT,7436.99,6520.0,0.0,0.0,0.0,0
7,TRANSFER,548931.88,11204.0,0.0,0.0,143817.4,0
7,PAYMENT,3919.19,10850.0,6930.81,0.0,0.0,0
7,PAYMENT,8598.19,30605.0,22006.81,0.0,0.0,0
7,PAYMENT,7598.75,330.0,0.0,0.0,0.0,0
7,CASH_OUT,267174.86,0.0,0.0,6325419.04,6779300.28,0
7,PAYMENT,2475.15,84.0,0.0,0.0,0.0,0
7,PAYMENT,5875.72,147860.0,141984.28,0.0,0.0,0
7,PAYMENT,4185.71,517256.67,513070.97,0.0,0.0,0
7,PAYMENT,2361.09,513070.97,510709.88,0.0,0.0,0
7,PAYMENT,180.45,510709.88,510529.43,0.0,0.0,0
7,PAYMENT,5955.29,510529.43,504574.13,0.0,0.0,0
7,PAYMENT,3549.07,504574.13,501025.06,0.0,0.0,0
7,PAYMENT,10837.97,501025.06,490187.09,0.0,0.0,0
7,PAYMENT,6373.65,490187.09,483813.45,0.0,0.0,0
7,PAYMENT,10266.02,31273.0,21006.98,0.0,0.0,0
7,PAYMENT,2420.65,13469.0,11048.35,0.0,0.0,0
7,PAYMENT,5306.41,11048.35,5741.94,0.0,0.0,0
7,PAYMENT,1564.23,95077.0,93512.77,0.0,0.0,0
7,PAYMENT,8309.89,1412.0,0.0,0.0,0.0,0
7,CASH_OUT,506721.82,7511.0,0.0,384157.31,947554.33,0
7,PAYMENT,1623.0,0.0,0.0,0.0,0.0,0
7,TRANSFER,134905.99,77560.0,0.0,5105575.62,6712636.97,0
7,PAYMENT,4068.24,5190.0,1121.76,0.0,0.0,0
7,CASH_OUT,217951.1,41020.0,0.0,118223.18,460050.16,0
7,PAYMENT,8494.23,202938.0,194443.77,0.0,0.0,0
7,PAYMENT,7775.56,194443.77,186668.21,0.0,0.0,0
7,PAYMENT,6917.79,186668.21,179750.42,0.0,0.0,0
7,DEBIT,1618.72,258975.85,257357.14,20959.0,22577.72,0
7,CASH_OUT,252921.55,257357.14,4435.59,774267.83,1305828.01,0
7,CASH_OUT,396017.83,4435.59,0.0,835764.87,1273838.38,0
7,CASH_OUT,435330.06,0.0,0.0,598954.98,346139.62,0
7,CASH_OUT,346519.18,0.0,0.0,2467276.32,2813795.5,0
7,CASH_OUT,351726.3,0.0,0.0,606976.87,1092234.24,0
7,CASH_OUT,349036.0,0.0,0.0,3805409.26,7837942.9,0
7,CASH_OUT,90106.13,0.0,0.0,252328.64,169554.94,0
7,CASH_OUT,290975.16,0.0,0.0,388145.62,922645.99,0
7,CASH_OUT,208168.06,0.0,0.0,226837.37,314551.85,0
7,CASH_OUT,280436.1,0.0,0.0,890879.13,947554.33,0
7,CASH_OUT,107752.32,0.0,0.0,372874.05,480626.37,0
7,CASH_OUT,41088.35,0.0,0.0,18700000.0,18700000.0,0
7,CASH_OUT,186948.68,0.0,0.0,424323.35,611272.03,0
7,PAYMENT,14621.24,182640.0,168018.76,0.0,0.0,0
7,PAYMENT,6687.89,17070.0,10382.11,0.0,0.0,0
7,PAYMENT,2058.78,26997.63,24938.84,0.0,0.0,0
7,PAYMENT,8284.33,24938.84,16654.51,0.0,0.0,0
7,PAYMENT,9537.3,118002.0,108464.7,0.0,0.0,0
7,PAYMENT,337.38,3746.91,3409.54,0.0,0.0,0
7,PAYMENT,9953.07,3409.54,0.0,0.0,0.0,0
7,PAYMENT,14279.36,0.0,0.0,0.0,0.0,0
7,PAYMENT,12687.23,0.0,0.0,0.0,0.0,0
7,PAYMENT,267.33,0.0,0.0,0.0,0.0,0
7,PAYMENT,5672.99,0.0,0.0,0.0,0.0,0
7,PAYMENT,14978.23,0.0,0.0,0.0,0.0,0
7,PAYMENT,13451.6,0.0,0.0,0.0,0.0,0
7,PAYMENT,14731.43,0.0,0.0,0.0,0.0,0
7,PAYMENT,10236.7,0.0,0.0,0.0,0.0,0
7,PAYMENT,66345.42,0.0,0.0,0.0,0.0,0
7,PAYMENT,3032.91,0.0,0.0,0.0,0.0,0
7,PAYMENT,9246.48,0.0,0.0,0.0,0.0,0
7,PAYMENT,1724.87,0.0,0.0,0.0,0.0,0
7,PAYMENT,1023.05,0.0,0.0,0.0,0.0,0
7,PAYMENT,14298.19,0.0,0.0,0.0,0.0,0
7,PAYMENT,3157.28,0.0,0.0,0.0,0.0,0
7,PAYMENT,21227.0,0.0,0.0,0.0,0.0,0
7,PAYMENT,2268.74,0.0,0.0,0.0,0.0,0
7,PAYMENT,1417.84,0.0,0.0,0.0,0.0,0
7,PAYMENT,6454.56,0.0,0.0,0.0,0.0,0
7,PAYMENT,3442.37,0.0,0.0,0.0,0.0,0
7,PAYMENT,1476.92,0.0,0.0,0.0,0.0,0
7,PAYMENT,7898.5,0.0,0.0,0.0,0.0,0
7,PAYMENT,15171.77,0.0,0.0,0.0,0.0,0
7,PAYMENT,6159.12,0.0,0.0,0.0,0.0,0
7,PAYMENT,11396.93,0.0,0.0,0.0,0.0,0
7,PAYMENT,1784.87,0.0,0.0,0.0,0.0,0
7,PAYMENT,19895.93,0.0,0.0,0.0,0.0,0
7,PAYMENT,11079.34,0.0,0.0,0.0,0.0,0
7,PAYMENT,31142.75,0.0,0.0,0.0,0.0,0
7,PAYMENT,12060.01,0.0,0.0,0.0,0.0,0
7,PAYMENT,11527.48,0.0,0.0,0.0,0.0,0
7,PAYMENT,5783.05,0.0,0.0,0.0,0.0,0
7,PAYMENT,11454.41,0.0,0.0,0.0,0.0,0
7,PAYMENT,13117.45,0.0,0.0,0.0,0.0,0
7,PAYMENT,7663.31,0.0,0.0,0.0,0.0,0
7,PAYMENT,1309.47,0.0,0.0,0.0,0.0,0
7,PAYMENT,14436.95,0.0,0.0,0.0,0.0,0
7,PAYMENT,5680.34,0.0,0.0,0.0,0.0,0
7,PAYMENT,15698.38,0.0,0.0,0.0,0.0,0
7,PAYMENT,1945.7,0.0,0.0,0.0,0.0,0
7,PAYMENT,1740.54,0.0,0.0,0.0,0.0,0
7,PAYMENT,3226.39,0.0,0.0,0.0,0.0,0
7,PAYMENT,9854.52,0.0,0.0,0.0,0.0,0
7,PAYMENT,2640.32,0.0,0.0,0.0,0.0,0
7,PAYMENT,10114.65,0.0,0.0,0.0,0.0,0
7,PAYMENT,3545.3,0.0,0.0,0.0,0.0,0
7,PAYMENT,2545.53,0.0,0.0,0.0,0.0,0
7,PAYMENT,8450.18,0.0,0.0,0.0,0.0,0
7,PAYMENT,5238.34,0.0,0.0,0.0,0.0,0
7,PAYMENT,4689.72,0.0,0.0,0.0,0.0,0
7,PAYMENT,6548.13,0.0,0.0,0.0,0.0,0
7,PAYMENT,5821.46,0.0,0.0,0.0,0.0,0
7,PAYMENT,741.48,0.0,0.0,0.0,0.0,0
7,PAYMENT,1349.38,0.0,0.0,0.0,0.0,0
7,PAYMENT,993.62,0.0,0.0,0.0,0.0,0
7,PAYMENT,2952.13,0.0,0.0,0.0,0.0,0
7,PAYMENT,6453.67,0.0,0.0,0.0,0.0,0
7,PAYMENT,8674.41,0.0,0.0,0.0,0.0,0
7,PAYMENT,17602.85,0.0,0.0,0.0,0.0,0
7,PAYMENT,24285.62,0.0,0.0,0.0,0.0,0
7,PAYMENT,34057.28,0.0,0.0,0.0,0.0,0
7,PAYMENT,47696.49,0.0,0.0,0.0,0.0,0
7,TRANSFER,27494.69,159069.0,131574.31,0.0,27494.69,0
7,PAYMENT,2153.52,29736.0,27582.48,0.0,0.0,0
7,PAYMENT,16132.3,27582.48,11450.18,0.0,0.0,0
7,PAYMENT,26499.11,11450.18,0.0,0.0,0.0,0
7,PAYMENT,1534.09,10016.0,8481.91,0.0,0.0,0
7,CASH_OUT,440226.25,11067.0,0.0,6695.18,392447.25,0
7,PAYMENT,4139.79,0.0,0.0,0.0,0.0,0
7,PAYMENT,10315.37,0.0,0.0,0.0,0.0,0
7,PAYMENT,12434.3,0.0,0.0,0.0,0.0,0
7,PAYMENT,6137.82,0.0,0.0,0.0,0.0,0
7,PAYMENT,12667.99,0.0,0.0,0.0,0.0,0
7,PAYMENT,28016.57,0.0,0.0,0.0,0.0,0
7,PAYMENT,642.57,0.0,0.0,0.0,0.0,0
7,PAYMENT,3451.03,0.0,0.0,0.0,0.0,0
7,PAYMENT,1892.29,0.0,0.0,0.0,0.0,0
7,PAYMENT,115.94,0.0,0.0,0.0,0.0,0
7,PAYMENT,13476.01,0.0,0.0,0.0,0.0,0
7,PAYMENT,15743.57,0.0,0.0,0.0,0.0,0
7,PAYMENT,3325.01,31443.0,28117.99,0.0,0.0,0
7,PAYMENT,1632.27,107095.0,105462.73,0.0,0.0,0
7,PAYMENT,108.11,33054.0,32945.89,0.0,0.0,0
7,CASH_OUT,213745.3,11595.0,0.0,86706.79,44791.98,0
7,PAYMENT,3285.1,66247.0,62961.9,0.0,0.0,0
7,PAYMENT,769.58,260.0,0.0,0.0,0.0,0
7,CASH_OUT,456997.53,0.0,0.0,934099.98,1906158.59,0
7,CASH_OUT,211918.4,0.0,0.0,221165.99,433084.38,0
7,CASH_OUT,347259.03,0.0,0.0,1360266.2,1674676.75,0
7,CASH_OUT,192190.94,0.0,0.0,416716.15,136576.79,0
7,CASH_OUT,205238.71,0.0,0.0,295474.84,480670.65,0
7,CASH_OUT,171921.96,0.0,0.0,302485.0,460470.54,0
7,CASH_OUT,64055.98,0.0,0.0,751706.66,815762.64,0
7,CASH_OUT,197243.16,0.0,0.0,286894.03,484137.19,0
7,CASH_OUT,13279.36,0.0,0.0,48619.75,61899.11,0
7,CASH_OUT,199710.23,0.0,0.0,17800000.0,18000000.0,0
7,CASH_OUT,114066.94,0.0,0.0,1442733.04,1556799.98,0
7,CASH_OUT,66908.47,0.0,0.0,100666.0,167574.47,0
7,CASH_OUT,59241.82,0.0,0.0,361386.67,1328510.04,0
7,CASH_OUT,77276.07,0.0,0.0,1607230.0,1431686.33,0
7,CASH_OUT,123875.88,0.0,0.0,336174.28,460050.16,0
7,CASH_OUT,123168.11,0.0,0.0,585433.31,266931.55,0
7,CASH_OUT,101552.76,0.0,0.0,676147.61,777700.37,0
7,CASH_OUT,56299.7,0.0,0.0,98590.46,0.0,0
7,PAYMENT,4943.15,14777.0,9833.85,0.0,0.0,0
7,PAYMENT,8014.39,742.0,0.0,0.0,0.0,0
7,PAYMENT,2998.32,10750.0,7751.68,0.0,0.0,0
7,DEBIT,332.23,259361.63,259029.4,2809.72,3141.94,0
7,PAYMENT,5623.13,259029.4,253406.27,0.0,0.0,0
7,PAYMENT,7847.31,154890.16,147042.85,0.0,0.0,0
7,CASH_OUT,191112.23,147042.85,0.0,4691925.71,4515203.08,0
7,PAYMENT,7095.04,116003.15,108908.11,0.0,0.0,0
7,CASH_OUT,174895.86,108908.11,0.0,10900000.0,10800000.0,0
7,CASH_OUT,342464.49,42202.0,0.0,1452.0,343916.49,0
7,PAYMENT,8666.76,1082.0,0.0,0.0,0.0,0
7,PAYMENT,3161.35,21752.0,18590.65,0.0,0.0,0
7,PAYMENT,11855.45,12661.0,805.55,0.0,0.0,0
7,PAYMENT,4696.68,20598.0,15901.32,0.0,0.0,0
7,PAYMENT,573.28,10538.0,9964.72,0.0,0.0,0
7,PAYMENT,9345.74,27316.0,17970.26,0.0,0.0,0
7,PAYMENT,10087.12,17970.26,7883.14,0.0,0.0,0
7,PAYMENT,5138.36,3151.0,0.0,0.0,0.0,0
7,DEBIT,5087.96,39861.0,34773.04,8472.0,13559.96,0
7,PAYMENT,6008.89,5567.0,0.0,0.0,0.0,0
7,PAYMENT,8014.59,0.0,0.0,0.0,0.0,0
7,PAYMENT,12840.44,0.0,0.0,0.0,0.0,0
7,TRANSFER,1067743.66,20921.0,0.0,0.0,1658746.09,0
7,PAYMENT,2832.34,12269.0,9436.66,0.0,0.0,0
7,PAYMENT,4008.38,14876.0,10867.62,0.0,0.0,0
7,PAYMENT,332.63,10867.62,10534.99,0.0,0.0,0
7,PAYMENT,28378.48,10534.99,0.0,0.0,0.0,0
7,PAYMENT,8001.95,0.0,0.0,0.0,0.0,0
7,PAYMENT,23139.47,0.0,0.0,0.0,0.0,0
7,PAYMENT,3646.2,0.0,0.0,0.0,0.0,0
7,PAYMENT,33812.13,0.0,0.0,0.0,0.0,0
7,PAYMENT,9103.52,0.0,0.0,0.0,0.0,0
7,PAYMENT,10547.99,0.0,0.0,0.0,0.0,0
7,PAYMENT,8019.57,0.0,0.0,0.0,0.0,0
7,PAYMENT,4971.82,0.0,0.0,0.0,0.0,0
7,PAYMENT,8151.69,0.0,0.0,0.0,0.0,0
7,PAYMENT,3348.1,41651.0,38302.9,0.0,0.0,0
7,CASH_OUT,98540.13,38302.9,0.0,6067577.26,5597078.49,0
7,PAYMENT,3545.34,130.0,0.0,0.0,0.0,0
7,PAYMENT,17819.61,0.0,0.0,0.0,0.0,0
7,PAYMENT,4761.57,0.0,0.0,0.0,0.0,0
7,PAYMENT,1016.98,0.0,0.0,0.0,0.0,0
7,PAYMENT,14065.07,28535.0,14469.93,0.0,0.0,0
7,PAYMENT,6512.87,193112.0,186599.13,0.0,0.0,0
7,PAYMENT,5406.93,16815.0,11408.07,0.0,0.0,0
7,TRANSFER,133531.07,11408.07,0.0,958703.17,1092234.24,0
7,TRANSFER,1571619.71,0.0,0.0,5658744.75,7488671.79,0
7,TRANSFER,1789373.23,0.0,0.0,4154445.26,7837942.9,0
7,TRANSFER,1541543.1,0.0,0.0,4408458.21,5632383.36,0
7,TRANSFER,515061.08,0.0,0.0,1391097.51,1906158.59,0
7,TRANSFER,2511647.23,0.0,0.0,7494755.93,10000000.0,0
7,TRANSFER,822798.92,0.0,0.0,7907507.11,8730306.03,0
7,TRANSFER,241160.57,0.0,0.0,353797.91,594958.48,0
7,TRANSFER,1002954.19,0.0,0.0,1255341.31,2258295.49,0
7,TRANSFER,3541.16,0.0,0.0,6768.24,10309.4,0
7,TRANSFER,916428.17,61266.0,0.0,308988.67,1360079.51,0
7,PAYMENT,9071.09,357464.94,348393.86,0.0,0.0,0
7,CASH_OUT,326244.05,348393.86,22149.8,760763.52,1087007.58,0
7,CASH_OUT,256641.44,22149.8,0.0,6592593.9,6779300.28,0
7,PAYMENT,12119.88,29091.0,16971.12,0.0,0.0,0
7,PAYMENT,5939.55,90517.0,84577.45,0.0,0.0,0
7,PAYMENT,10711.55,145118.0,134406.45,0.0,0.0,0
7,PAYMENT,7150.21,159445.0,152294.79,0.0,0.0,0
7,CASH_OUT,409358.66,10479.0,0.0,23583.88,432942.54,0
7,CASH_OUT,164411.83,21236.0,0.0,11542.0,421519.16,0
7,PAYMENT,7707.68,0.0,0.0,0.0,0.0,0
7,PAYMENT,11918.74,0.0,0.0,0.0,0.0,0
7,PAYMENT,10146.8,0.0,0.0,0.0,0.0,0
7,PAYMENT,20293.35,0.0,0.0,0.0,0.0,0
7,PAYMENT,9511.21,0.0,0.0,0.0,0.0,0
7,PAYMENT,39554.82,0.0,0.0,0.0,0.0,0
7,PAYMENT,2008.49,0.0,0.0,0.0,0.0,0
7,PAYMENT,12724.43,0.0,0.0,0.0,0.0,0
7,PAYMENT,6192.38,0.0,0.0,0.0,0.0,0
7,PAYMENT,1213.01,0.0,0.0,0.0,0.0,0
7,PAYMENT,1089.75,0.0,0.0,0.0,0.0,0
7,PAYMENT,20001.6,0.0,0.0,0.0,0.0,0
7,PAYMENT,3639.28,0.0,0.0,0.0,0.0,0
7,CASH_IN,26287.58,150.0,26437.58,53627.09,27339.51,0
7,PAYMENT,1536.68,24510.0,22973.32,0.0,0.0,0
7,PAYMENT,7157.22,19886.0,12728.78,0.0,0.0,0
7,PAYMENT,12397.18,12728.78,331.6,0.0,0.0,0
7,PAYMENT,11999.97,19798.0,7798.03,0.0,0.0,0
7,PAYMENT,5025.19,202274.0,197248.81,0.0,0.0,0
7,CASH_OUT,104945.48,29802.0,0.0,0.0,104945.48,0
7,PAYMENT,6142.8,499409.0,493266.2,0.0,0.0,0
7,PAYMENT,4533.62,20900.0,16366.38,0.0,0.0,0
7,PAYMENT,8300.42,15637.0,7336.58,0.0,0.0,0
7,PAYMENT,2782.56,198454.0,195671.44,0.0,0.0,0
7,PAYMENT,4018.89,3021.0,0.0,0.0,0.0,0
7,PAYMENT,6719.58,0.0,0.0,0.0,0.0,0
7,PAYMENT,1969.13,0.0,0.0,0.0,0.0,0
7,PAYMENT,2980.08,4795.0,1814.92,0.0,0.0,0
7,PAYMENT,5146.88,39438.0,34291.12,0.0,0.0,0
7,TRANSFER,115697.98,59536.0,0.0,0.0,128929.7,0
7,PAYMENT,6727.34,0.0,0.0,0.0,0.0,0
7,CASH_IN,272270.8,6056.0,278326.8,0.0,0.0,0
7,PAYMENT,14163.73,278326.8,264163.07,0.0,0.0,0
7,PAYMENT,6.36,64116.0,64109.64,0.0,0.0,0
7,PAYMENT,12700.77,106076.0,93375.23,0.0,0.0,0
7,PAYMENT,385.43,1184259.61,1183874.19,0.0,0.0,0
7,TRANSFER,423234.24,1183874.19,760639.94,2316019.71,2575739.64,0
7,TRANSFER,2241254.39,760639.94,0.0,3654341.88,5652054.58,0
7,TRANSFER,1737772.93,0.0,0.0,2887826.52,4625599.45,0
7,TRANSFER,401672.66,0.0,0.0,581071.09,982743.75,0
7,TRANSFER,1658697.08,0.0,0.0,5943818.49,7837942.9,0
7,TRANSFER,140812.05,0.0,0.0,5950001.31,5632383.36,0
7,TRANSFER,566270.79,0.0,0.0,627279.6,1193550.39,0
7,TRANSFER,243318.08,0.0,0.0,330195.97,573514.06,0
7,TRANSFER,337085.02,0.0,0.0,420628.49,1328510.04,0
7,TRANSFER,2011670.91,0.0,0.0,3745099.39,5020386.7,0
7,TRANSFER,113688.15,0.0,0.0,254036.65,367724.8,0
7,TRANSFER,114384.61,0.0,0.0,166570.0,280954.61,0
7,TRANSFER,281889.38,0.0,0.0,1375861.51,1657750.89,0
7,TRANSFER,107644.48,0.0,0.0,5719574.74,5827219.22,0
7,PAYMENT,1322.25,105479.0,104156.75,0.0,0.0,0
7,PAYMENT,18355.13,21066.0,2710.87,0.0,0.0,0
7,PAYMENT,13367.64,41666.0,28298.36,0.0,0.0,0
7,PAYMENT,2769.02,164.0,0.0,0.0,0.0,0
7,PAYMENT,2890.81,78056.0,75165.19,0.0,0.0,0
7,PAYMENT,4568.07,30658.0,26089.93,0.0,0.0,0
7,PAYMENT,7417.42,36967.0,29549.58,0.0,0.0,0
7,PAYMENT,2991.18,49984.0,46992.82,0.0,0.0,0
7,TRANSFER,486780.94,114417.0,0.0,0.0,486780.94,0
7,PAYMENT,16498.15,6190.0,0.0,0.0,0.0,0
7,PAYMENT,6037.15,79231.0,73193.85,0.0,0.0,0
7,PAYMENT,5552.23,73005.0,67452.77,0.0,0.0,0
7,PAYMENT,3177.01,41594.0,38416.99,0.0,0.0,0
7,PAYMENT,19286.24,56890.0,37603.76,0.0,0.0,0
7,PAYMENT,9466.19,12199.0,2732.81,0.0,0.0,0
7,PAYMENT,4861.27,68522.0,63660.73,0.0,0.0,0
7,CASH_OUT,24461.49,547.0,0.0,44833.94,69295.43,0
7,PAYMENT,2168.42,497283.0,495114.58,0.0,0.0,0
7,TRANSFER,889053.15,206729.0,0.0,0.0,889053.15,0
7,PAYMENT,5120.67,3079.0,0.0,0.0,0.0,0
7,PAYMENT,3851.72,61946.0,58094.28,0.0,0.0,0
7,PAYMENT,7515.13,11218.0,3702.87,0.0,0.0,0
7,PAYMENT,2069.31,4858.0,2788.69,0.0,0.0,0
7,PAYMENT,5171.26,20874.0,15702.74,0.0,0.0,0
7,PAYMENT,2144.11,4355.0,2210.89,0.0,0.0,0
7,PAYMENT,6631.67,74705.0,68073.33,0.0,0.0,0
7,PAYMENT,2236.04,4071.0,1834.96,0.0,0.0,0
7,PAYMENT,2506.93,127965.0,125458.07,0.0,0.0,0
7,PAYMENT,6050.35,93888.0,87837.65,0.0,0.0,0
7,PAYMENT,1110.87,177.0,0.0,0.0,0.0,0
7,CASH_OUT,134800.04,0.0,0.0,733784.39,1005781.48,0
7,CASH_OUT,109259.68,27900.11,0.0,69915.0,179174.68,0
7,PAYMENT,18372.81,0.0,0.0,0.0,0.0,0
7,PAYMENT,6805.26,83.0,0.0,0.0,0.0,0
7,PAYMENT,7261.64,0.0,0.0,0.0,0.0,0
7,PAYMENT,7614.89,30608.0,22993.11,0.0,0.0,0
7,CASH_OUT,112683.32,22993.11,0.0,284590.44,397273.75,0
7,CASH_OUT,11830.05,0.0,0.0,103266.0,115096.05,0
7,CASH_OUT,435704.21,0.0,0.0,1707525.23,1674676.75,0
7,CASH_OUT,12346.69,0.0,0.0,179750.42,112449.9,0
7,CASH_OUT,595879.01,0.0,0.0,1044470.08,1640349.09,0
7,CASH_OUT,170745.6,0.0,0.0,253406.27,344137.53,0
7,CASH_OUT,172180.99,0.0,0.0,712591.4,682530.5,0
7,CASH_OUT,109673.97,0.0,0.0,149478.0,162001.93,0
7,CASH_OUT,266192.8,0.0,0.0,8517643.24,10200000.0,0
7,PAYMENT,11248.16,11414.0,165.84,0.0,0.0,0
7,TRANSFER,655143.29,34767.0,0.0,22053.28,669932.79,0
7,PAYMENT,17283.98,0.0,0.0,0.0,0.0,0
7,PAYMENT,7285.08,283491.0,276205.92,0.0,0.0,0
7,PAYMENT,2423.63,168603.0,166179.37,0.0,0.0,0
7,PAYMENT,12344.75,5094.0,0.0,0.0,0.0,0
7,PAYMENT,1500.48,6210.0,4709.52,0.0,0.0,0
7,PAYMENT,3780.47,4709.52,929.05,0.0,0.0,0
7,PAYMENT,8154.19,56596.0,48441.81,0.0,0.0,0
7,TRANSFER,423000.44,13489.0,0.0,0.0,423000.44,0
7,PAYMENT,13746.26,0.0,0.0,0.0,0.0,0
7,PAYMENT,2527.21,831.0,0.0,0.0,0.0,0
7,CASH_IN,302756.57,0.0,302756.57,6090813.35,5632383.36,0
7,CASH_IN,174253.85,302756.57,477010.42,11000000.0,10800000.0,0
7,CASH_IN,148407.53,477010.42,625417.94,303036.17,154628.64,0
7,CASH_IN,315626.22,625417.94,941044.17,5529914.82,5214288.59,0
7,CASH_IN,410211.27,941044.17,1351255.43,2603758.47,3504660.25,0
7,CASH_IN,343680.72,1351255.43,1694936.15,866109.17,522428.46,0
7,CASH_IN,69915.54,1694936.15,1764851.7,358777.23,168705.77,0
7,CASH_IN,271415.06,1764851.7,2036266.76,1051074.2,779659.14,0
7,CASH_IN,39683.51,2036266.76,2075950.27,96359.73,56676.23,0
7,CASH_IN,54291.7,2075950.27,2130241.97,59297.48,5005.78,0
7,CASH_IN,132351.05,2130241.97,2262593.02,342434.78,169554.94,0
7,CASH_IN,9990.6,2262593.02,2272583.62,20640.0,10649.4,0
7,CASH_IN,33855.24,2272583.62,2306438.85,13100000.0,12500000.0,0
7,CASH_IN,106286.15,2306438.85,2412725.0,13300000.0,13100000.0,0
7,CASH_IN,89385.18,2412725.0,2502110.19,260557.78,171172.6,0
7,CASH_IN,223760.9,2502110.19,2725871.09,1171315.23,947554.33,0
7,CASH_IN,506375.58,2725871.09,3232246.67,8075434.74,7569059.16,0
7,CASH_IN,243541.7,3232246.67,3475788.37,5895596.27,5652054.58,0
7,CASH_IN,62485.46,3475788.37,3538273.83,88530.18,26044.72,0
7,DEBIT,2910.94,897281.06,894370.12,16654.51,19565.45,0
7,CASH_OUT,51861.21,894370.12,842508.92,435005.43,314551.85,0
7,PAYMENT,9098.14,268.0,0.0,0.0,0.0,0
7,CASH_OUT,126331.28,0.0,0.0,505023.64,631354.92,0
7,PAYMENT,14825.9,509595.0,494769.1,0.0,0.0,0
7,PAYMENT,8340.39,439.0,0.0,0.0,0.0,0
7,PAYMENT,12532.47,0.0,0.0,0.0,0.0,0
7,PAYMENT,427.0,11739.0,11312.0,0.0,0.0,0
7,PAYMENT,1140.43,49932.0,48791.57,0.0,0.0,0
7,PAYMENT,427.62,39765.0,39337.38,0.0,0.0,0
7,PAYMENT,15109.46,41033.0,25923.54,0.0,0.0,0
7,PAYMENT,16050.88,25923.54,9872.66,0.0,0.0,0
7,CASH_OUT,153179.07,144156.79,0.0,47950.28,201129.35,0
7,PAYMENT,2635.27,0.0,0.0,0.0,0.0,0
7,PAYMENT,1519.53,129030.0,127510.47,0.0,0.0,0
7,PAYMENT,9074.62,176.0,0.0,0.0,0.0,0
7,PAYMENT,5744.4,25925.0,20180.6,0.0,0.0,0
7,PAYMENT,11608.19,217.0,0.0,0.0,0.0,0
7,PAYMENT,12327.45,171600.92,159273.47,0.0,0.0,0
7,CASH_IN,36753.81,159273.47,196027.28,875756.9,645068.66,0
7,CASH_IN,84265.18,196027.28,280292.46,381925.01,297659.82,0
7,CASH_IN,12089.51,280292.46,292381.97,66736.01,54646.5,0
7,CASH_IN,254934.1,292381.97,547316.07,8783836.03,10200000.0,0
7,CASH_IN,170600.43,547316.07,717916.5,6436909.65,6385836.94,0
7,CASH_IN,31159.89,717916.5,749076.39,31863.0,889115.75,0
7,CASH_IN,271304.21,749076.39,1020380.6,339227.44,67923.23,0
7,CASH_IN,96244.27,1020380.6,1116624.88,230393.11,104468.87,0
7,CASH_IN,197498.84,1116624.88,1314123.72,232023.55,34524.7,0
7,CASH_IN,99772.4,1314123.72,1413896.12,146616.75,0.0,0
7,CASH_IN,102359.63,1413896.12,1516255.75,10300000.0,12900000.0,0
7,CASH_IN,50907.95,1516255.75,1567163.7,697034.83,421984.74,0
7,CASH_IN,24268.52,1567163.7,1591432.23,132357.71,108483.43,0
7,CASH_IN,90519.47,1591432.23,1681951.7,18200000.0,18100000.0,0
7,CASH_IN,17809.04,1681951.7,1699760.74,18100000.0,18100000.0,0
7,CASH_IN,5796.91,1699760.74,1705557.65,14372.48,8575.57,0
7,CASH_IN,736383.61,1705557.65,2441941.26,5756770.3,5020386.7,0
7,CASH_IN,103210.32,2441941.26,2545151.58,5240481.61,6712636.97,0
7,CASH_IN,7880.94,2545151.58,2553032.52,6266309.22,6385836.94,0
7,CASH_IN,67379.32,2553032.52,2620411.84,419914.35,346013.49,0
7,CASH_IN,46526.41,2620411.84,2666938.24,184788.99,371.65,0
7,CASH_IN,80014.35,2666938.24,2746952.59,424151.88,344137.53,0
7,CASH_IN,21755.1,2746952.59,2768707.69,65590.85,43835.75,0
7,CASH_IN,33465.54,2768707.69,2802173.22,44966.99,11501.46,0
7,CASH_IN,119539.4,2802173.22,2921712.62,835904.95,671625.55,0
7,CASH_IN,219896.67,2921712.62,3141609.29,1684506.07,1431686.33,0
7,CASH_IN,310104.75,3141609.29,3451714.04,463661.68,153556.92,0
7,CASH_IN,15835.12,3451714.04,3467549.17,115697.98,128929.7,0
7,CASH_IN,126257.93,3467549.17,3593807.1,527148.77,232681.17,0
7,CASH_IN,79647.21,3593807.1,3673454.3,192097.11,112449.9,0
7,CASH_IN,208404.48,3673454.3,3881858.78,5618886.71,6465767.14,0
7,CASH_IN,64257.25,3881858.78,3946116.03,105254.0,40996.75,0
7,CASH_IN,75813.52,3946116.03,4021929.55,103759.02,27945.5,0
7,CASH_IN,89650.79,4021929.55,4111580.34,10900000.0,10800000.0,0
7,CASH_IN,84504.62,4111580.34,4196084.96,446921.42,392447.25,0
7,CASH_IN,131707.8,4196084.96,4327792.76,2143229.44,1674676.75,0
7,CASH_IN,223311.81,4327792.76,4551104.57,289850.78,49145.16,0
7,CASH_IN,73152.03,4551104.57,4624256.61,214796.54,141644.5,0
7,CASH_IN,283056.95,4624256.61,4907313.55,675184.96,392128.01,0
7,CASH_IN,20042.9,4907313.55,4927356.46,500713.55,480670.65,0
7,CASH_IN,137054.9,4927356.46,5064411.36,143748.04,6693.13,0
7,CASH_IN,113656.68,5064411.36,5178068.04,6849235.33,6779300.28,0
7,CASH_IN,65256.48,5178068.04,5243324.52,112891.15,47634.67,0
7,CASH_IN,222536.02,5243324.52,5465860.55,708601.42,266931.55,0
7,CASH_IN,167766.5,5465860.55,5633627.05,2194208.05,2026441.55,0
7,CASH_IN,201410.49,5633627.05,5835037.54,486065.39,266931.55,0
7,CASH_IN,32923.07,5835037.54,5867960.61,1464609.4,1431686.33,0
7,CASH_IN,163514.32,5867960.61,6031474.93,2739253.95,2575739.64,0
7,CASH_IN,54944.45,6031474.93,6086419.37,69876.14,14931.69,0
7,CASH_IN,55863.88,6086419.37,6142283.26,125226.21,69362.32,0
7,CASH_IN,165449.12,6142283.26,6307732.38,210843.79,45394.67,0
7,CASH_IN,153472.72,6307732.38,6461205.1,4664439.32,4598815.2,0
7,CASH_IN,12401.8,6461205.1,6473606.9,29756.0,0.0,0
7,CASH_IN,6189.93,6473606.9,6479796.83,52447.0,642103.28,0
7,CASH_IN,74145.33,6479796.83,6553942.16,92904.55,18759.22,0
7,CASH_IN,224142.13,6553942.16,6778084.29,646126.87,421984.74,0
7,CASH_IN,249374.52,6778084.29,7027458.81,1027189.38,1305828.01,0
7,CASH_IN,97150.04,7027458.81,7124608.85,259151.97,162001.93,0
7,CASH_IN,179435.15,7124608.85,7304044.0,7434501.43,7255066.28,0
7,CASH_IN,245192.0,7304044.0,7549236.0,394092.44,148900.44,0
7,CASH_IN,33031.47,7549236.0,7582267.46,62992.0,15475.09,0
7,CASH_IN,283223.78,7582267.46,7865491.24,6159563.44,5876339.66,0
7,CASH_IN,202241.9,7865491.24,8067733.13,884772.39,682530.5,0
7,CASH_IN,569038.9,8067733.13,8636772.03,6166117.39,5597078.49,0
7,CASH_IN,168209.67,8636772.03,8804981.7,400890.84,232681.17,0
7,PAYMENT,12051.83,66538.96,54487.13,0.0,0.0,0
7,PAYMENT,5341.97,54487.13,49145.16,0.0,0.0,0
7,PAYMENT,6403.08,21309.0,14905.92,0.0,0.0,0
7,PAYMENT,2893.18,123.0,0.0,0.0,0.0,0
7,PAYMENT,3146.09,51229.0,48082.91,0.0,0.0,0
7,PAYMENT,6823.06,16673.0,9849.94,0.0,0.0,0
7,PAYMENT,8832.42,29960.53,21128.11,0.0,0.0,0
7,PAYMENT,5653.02,21128.11,15475.09,0.0,0.0,0
7,PAYMENT,504.83,608907.09,608402.27,0.0,0.0,0
7,PAYMENT,9972.12,608402.27,598430.14,0.0,0.0,0
7,PAYMENT,8700.92,61916.0,53215.08,0.0,0.0,0
7,PAYMENT,2047.33,100382.0,98334.67,0.0,0.0,0
7,PAYMENT,2656.21,1568.0,0.0,0.0,0.0,0
7,PAYMENT,2067.57,0.0,0.0,0.0,0.0,0
7,TRANSFER,295226.09,170318.0,0.0,0.0,295226.09,0
7,TRANSFER,104225.08,10107.0,0.0,109367.96,183517.82,0
7,TRANSFER,573285.84,17354.2,0.0,0.0,841435.22,0
7,CASH_OUT,223310.57,0.0,0.0,517791.72,592376.6,0
7,PAYMENT,13256.84,138608.86,125352.02,0.0,0.0,0
7,TRANSFER,1277771.78,125352.02,0.0,13100000.0,14100000.0,0
7,PAYMENT,13524.51,210083.73,196559.22,0.0,0.0,0
7,PAYMENT,27004.28,196559.22,169554.94,0.0,0.0,0
7,PAYMENT,9413.91,285308.05,275894.14,0.0,0.0,0
7,PAYMENT,8095.81,275894.14,267798.33,0.0,0.0,0
7,TRANSFER,793967.31,50308.0,0.0,111767.2,905734.51,0
7,PAYMENT,3254.52,6548.0,3293.48,0.0,0.0,0
7,PAYMENT,10815.32,10524.0,0.0,0.0,0.0,0
7,TRANSFER,1167278.82,0.0,0.0,1351404.32,2324423.73,0
7,PAYMENT,8111.83,88867.0,80755.17,0.0,0.0,0
7,PAYMENT,6256.13,100984.0,94727.87,0.0,0.0,0
7,PAYMENT,5383.03,21582.0,16198.97,0.0,0.0,0
7,PAYMENT,9161.94,16198.97,7037.03,0.0,0.0,0
7,PAYMENT,24.75,8530.0,8505.25,0.0,0.0,0
7,PAYMENT,253.22,678.0,424.78,0.0,0.0,0
7,CASH_OUT,164382.42,93467.0,0.0,0.0,164382.42,0
7,PAYMENT,8134.08,153970.0,145835.92,0.0,0.0,0
7,PAYMENT,9295.61,230905.0,221609.39,0.0,0.0,0
7,PAYMENT,23140.34,36465.0,13324.66,0.0,0.0,0
7,PAYMENT,17313.59,8627.0,0.0,0.0,0.0,0
7,TRANSFER,773026.68,56906.0,0.0,703.11,889115.75,0
7,PAYMENT,300.74,566.0,265.26,0.0,0.0,0
7,PAYMENT,11425.82,37084.78,25658.96,0.0,0.0,0
7,PAYMENT,6036.56,25658.96,19622.4,0.0,0.0,0
7,PAYMENT,5131.26,3255.0,0.0,0.0,0.0,0
7,PAYMENT,4857.92,25480.0,20622.08,0.0,0.0,0
7,CASH_IN,104532.52,478.0,105010.52,5143.09,0.0,0
7,PAYMENT,3188.19,29413.0,26224.81,0.0,0.0,0
7,PAYMENT,2609.34,718.0,0.0,0.0,0.0,0
7,TRANSFER,21172.65,16005.0,0.0,69468.31,90640.96,0
7,CASH_OUT,12910.33,136.0,0.0,0.0,12910.33,0
7,PAYMENT,5128.14,20740.0,15611.86,0.0,0.0,0
7,TRANSFER,245565.33,30762.0,0.0,175953.83,421519.16,0
7,PAYMENT,2510.38,6190.0,3679.62,0.0,0.0,0
7,CASH_OUT,88414.44,1406.0,0.0,51066.0,259622.93,0
7,PAYMENT,276.2,0.0,0.0,0.0,0.0,0
7,PAYMENT,13866.78,0.0,0.0,0.0,0.0,0
7,PAYMENT,24079.53,0.0,0.0,0.0,0.0,0
7,PAYMENT,7860.26,0.0,0.0,0.0,0.0,0
7,PAYMENT,29401.85,0.0,0.0,0.0,0.0,0
7,PAYMENT,35499.54,0.0,0.0,0.0,0.0,0
7,PAYMENT,8935.7,0.0,0.0,0.0,0.0,0
7,PAYMENT,6248.42,0.0,0.0,0.0,0.0,0
7,PAYMENT,12066.94,0.0,0.0,0.0,0.0,0
7,PAYMENT,36977.71,0.0,0.0,0.0,0.0,0
7,PAYMENT,5203.96,0.0,0.0,0.0,0.0,0
7,PAYMENT,2318.74,0.0,0.0,0.0,0.0,0
7,PAYMENT,11759.29,0.0,0.0,0.0,0.0,0
7,PAYMENT,8632.38,0.0,0.0,0.0,0.0,0
7,PAYMENT,957.47,0.0,0.0,0.0,0.0,0
7,PAYMENT,10310.58,0.0,0.0,0.0,0.0,0
7,PAYMENT,7324.56,0.0,0.0,0.0,0.0,0
7,PAYMENT,13530.98,0.0,0.0,0.0,0.0,0
7,PAYMENT,8072.47,0.0,0.0,0.0,0.0,0
7,PAYMENT,4156.18,0.0,0.0,0.0,0.0,0
7,PAYMENT,5933.77,0.0,0.0,0.0,0.0,0
7,PAYMENT,8012.89,106992.0,98979.11,0.0,0.0,0
7,PAYMENT,8384.24,1718.0,0.0,0.0,0.0,0
7,PAYMENT,15252.67,58247.0,42994.33,0.0,0.0,0
7,PAYMENT,2226.0,14937.0,12711.0,0.0,0.0,0
7,TRANSFER,61824.71,36342.0,0.0,56601.0,0.0,0
7,TRANSFER,26544.65,103444.0,76899.35,19043.17,0.0,0
7,PAYMENT,7859.42,326.0,0.0,0.0,0.0,0
7,PAYMENT,3051.93,0.0,0.0,0.0,0.0,0
7,PAYMENT,18152.45,0.0,0.0,0.0,0.0,0
7,PAYMENT,11591.3,0.0,0.0,0.0,0.0,0
7,PAYMENT,30772.28,0.0,0.0,0.0,0.0,0
7,PAYMENT,8971.91,30792.0,21820.09,0.0,0.0,0
7,PAYMENT,8728.69,773729.79,765001.1,0.0,0.0,0
7,PAYMENT,9782.98,765001.1,755218.12,0.0,0.0,0
7,CASH_OUT,54120.86,460099.0,405978.14,3326.07,57446.93,0
7,TRANSFER,591002.43,75311.0,0.0,1067743.66,1658746.09,0
7,PAYMENT,2012.08,9930.87,7918.79,0.0,0.0,0
7,PAYMENT,2273.35,7918.79,5645.44,0.0,0.0,0
7,PAYMENT,3810.43,16792.0,12981.57,0.0,0.0,0
7,CASH_IN,159441.76,12981.57,172423.33,231527.47,72085.7,0
7,CASH_IN,109182.14,172423.33,281605.47,178696.53,69514.39,0
7,CASH_IN,478430.17,281605.47,760035.64,1034285.03,346139.62,0
7,CASH_IN,48883.87,760035.64,808919.51,393953.68,345069.81,0
7,CASH_IN,93766.05,808919.51,902685.56,16200000.0,15700000.0,0
7,CASH_IN,367834.87,902685.56,1270520.43,4883037.95,4515203.08,0
7,CASH_IN,287937.99,1270520.43,1558458.42,9977117.37,9689179.38,0
7,CASH_IN,37360.0,1558458.42,1595818.41,88544.15,51184.15,0
7,CASH_IN,130417.04,1595818.41,1726235.45,134831.0,4413.96,0
7,CASH_IN,144711.18,1726235.45,1870946.63,11100000.0,10200000.0,0
7,CASH_IN,356514.11,1870946.63,2227460.74,1795902.96,1289357.76,0
7,CASH_IN,69970.41,2227460.74,2297431.15,884441.97,814471.57,0
7,CASH_IN,310052.3,2297431.15,2607483.45,677196.57,669932.79,0
7,CASH_IN,193934.43,2607483.45,2801417.89,839003.09,645068.66,0
7,CASH_IN,3414.74,2801417.89,2804832.63,120449.02,117034.28,0
7,CASH_IN,111325.33,2804832.63,2916157.96,327091.94,252367.25,0
7,CASH_IN,405114.48,2916157.96,3321272.44,548931.88,143817.4,0
7,CASH_IN,255660.11,3321272.44,3576932.55,300452.09,44791.98,0
7,CASH_IN,155673.42,3576932.55,3732605.97,5788056.78,5632383.36,0
7,CASH_IN,29679.97,3732605.97,3762285.94,134148.84,104468.87,0
7,CASH_IN,33516.07,3762285.94,3795802.01,12700000.0,12700000.0,0
7,CASH_IN,13795.35,3795802.01,3809597.35,171788.85,157993.5,0
7,CASH_IN,50785.92,3809597.35,3860383.27,59544.99,8759.08,0
7,PAYMENT,270.88,50435.0,50164.12,0.0,0.0,0
7,TRANSFER,529611.71,39330.0,0.0,128264.94,439795.81,0
7,PAYMENT,295.31,144.0,0.0,0.0,0.0,0
7,CASH_OUT,302788.52,0.0,0.0,367144.26,669932.79,0
7,PAYMENT,4536.73,30240.0,25703.27,0.0,0.0,0
7,PAYMENT,7481.86,3684.0,0.0,0.0,0.0,0
7,PAYMENT,584.62,207.0,0.0,0.0,0.0,0
7,CASH_OUT,371574.2,0.0,0.0,2193547.2,3504660.25,0
7,PAYMENT,1088.75,11036.0,9947.25,0.0,0.0,0
7,DEBIT,1411.62,24433.0,23021.38,334992.04,336403.65,0
7,PAYMENT,922.93,1803.0,880.07,0.0,0.0,0
7,PAYMENT,14290.67,3128.0,0.0,0.0,0.0,0
7,PAYMENT,6876.93,5420.0,0.0,0.0,0.0,0
7,PAYMENT,7669.67,36712.0,29042.33,0.0,0.0,0
7,PAYMENT,19.06,70823.0,70803.94,0.0,0.0,0
7,PAYMENT,3123.29,30757.0,27633.71,0.0,0.0,0
7,TRANSFER,388950.76,43053.0,0.0,11999.56,532138.2,0
7,PAYMENT,13439.35,0.0,0.0,0.0,0.0,0
7,DEBIT,6508.96,104886.0,98377.04,486866.63,314551.85,0
7,PAYMENT,10751.65,20997.0,10245.35,0.0,0.0,0
7,PAYMENT,3772.29,10245.35,6473.06,0.0,0.0,0
7,PAYMENT,26470.27,6473.06,0.0,0.0,0.0,0
7,PAYMENT,8609.96,22350.0,13740.04,0.0,0.0,0
7,PAYMENT,3090.43,44654.0,41563.57,0.0,0.0,0
7,PAYMENT,4605.97,41563.57,36957.6,0.0,0.0,0
7,PAYMENT,5664.36,20019.0,14354.64,0.0,0.0,0
7,PAYMENT,7510.32,210162.0,202651.68,0.0,0.0,0
7,PAYMENT,6132.71,37768.0,31635.29,0.0,0.0,0
7,PAYMENT,4841.21,31635.29,26794.08,0.0,0.0,0
7,PAYMENT,13019.49,26794.08,13774.6,0.0,0.0,0
7,PAYMENT,15430.0,13774.6,0.0,0.0,0.0,0
7,PAYMENT,16751.47,0.0,0.0,0.0,0.0,0
7,PAYMENT,411.33,0.0,0.0,0.0,0.0,0
7,PAYMENT,14688.56,0.0,0.0,0.0,0.0,0
7,PAYMENT,1770.69,0.0,0.0,0.0,0.0,0
7,PAYMENT,8782.04,0.0,0.0,0.0,0.0,0
7,PAYMENT,8471.49,0.0,0.0,0.0,0.0,0
7,PAYMENT,34061.71,0.0,0.0,0.0,0.0,0
7,PAYMENT,10386.18,0.0,0.0,0.0,0.0,0
7,PAYMENT,18068.4,0.0,0.0,0.0,0.0,0
7,PAYMENT,6185.97,0.0,0.0,0.0,0.0,0
7,PAYMENT,14503.64,0.0,0.0,0.0,0.0,0
7,PAYMENT,9665.85,0.0,0.0,0.0,0.0,0
7,PAYMENT,309.12,0.0,0.0,0.0,0.0,0
7,PAYMENT,17320.1,0.0,0.0,0.0,0.0,0
7,PAYMENT,12073.8,0.0,0.0,0.0,0.0,0
7,PAYMENT,142.36,0.0,0.0,0.0,0.0,0
7,PAYMENT,2885.37,0.0,0.0,0.0,0.0,0
7,PAYMENT,1058.74,105646.0,104587.26,0.0,0.0,0
7,CASH_OUT,44762.67,104587.26,59824.59,45948.9,90711.57,0
7,PAYMENT,9208.1,539899.0,530690.9,0.0,0.0,0
7,PAYMENT,8690.52,1457.28,0.0,0.0,0.0,0
7,PAYMENT,12999.83,0.0,0.0,0.0,0.0,0
7,PAYMENT,16898.93,0.0,0.0,0.0,0.0,0
7,PAYMENT,2212.69,5087.0,2874.31,0.0,0.0,0
7,PAYMENT,7388.49,31183.0,23794.51,0.0,0.0,0
7,PAYMENT,6488.26,3146.0,0.0,0.0,0.0,0
7,CASH_IN,152896.27,11665.0,164561.27,288.0,0.0,0
7,PAYMENT,2134.97,242278.0,240143.03,0.0,0.0,0
7,PAYMENT,6913.08,26004.0,19090.92,0.0,0.0,0
7,PAYMENT,6650.58,91850.0,85199.42,0.0,0.0,0
7,PAYMENT,14995.9,85199.42,70203.52,0.0,0.0,0
7,PAYMENT,39000.87,70203.52,31202.65,0.0,0.0,0
7,TRANSFER,528622.86,582742.0,54119.14,12410.0,541032.86,0
7,PAYMENT,1089.98,25865.0,24775.02,0.0,0.0,0
7,PAYMENT,10526.04,11813.0,1286.96,0.0,0.0,0
7,PAYMENT,11178.56,15901.0,4722.44,0.0,0.0,0
7,PAYMENT,10808.71,67818.0,57009.29,0.0,0.0,0
7,PAYMENT,15527.03,5118.0,0.0,0.0,0.0,0
7,CASH_OUT,125132.0,0.0,0.0,146571.64,271703.64,0
7,PAYMENT,4461.48,126.0,0.0,0.0,0.0,0
7,PAYMENT,3702.39,1161.0,0.0,0.0,0.0,0
7,PAYMENT,393.7,21366.0,20972.3,0.0,0.0,0
7,PAYMENT,804.71,20652.0,19847.29,0.0,0.0,0
7,PAYMENT,2518.79,451.0,0.0,0.0,0.0,0
7,PAYMENT,2136.0,0.0,0.0,0.0,0.0,0
7,PAYMENT,2066.04,92029.0,89962.96,0.0,0.0,0
7,PAYMENT,2239.6,89962.96,87723.36,0.0,0.0,0
7,PAYMENT,5704.64,29933.0,24228.36,0.0,0.0,0
7,TRANSFER,238567.79,3316.0,0.0,0.0,238567.79,0
7,PAYMENT,4180.78,15685.0,11504.22,0.0,0.0,0
7,PAYMENT,7928.7,22134.23,14205.53,0.0,0.0,0
7,PAYMENT,6504.7,14205.53,7700.83,0.0,0.0,0
7,PAYMENT,1155.58,21638.0,20482.42,0.0,0.0,0
7,PAYMENT,408.24,681.0,272.76,0.0,0.0,0
7,PAYMENT,1028.41,82573.0,81544.59,0.0,0.0,0
7,TRANSFER,514977.05,391515.0,0.0,3298.05,693505.46,0
7,PAYMENT,4527.22,6007.0,1479.78,0.0,0.0,0
7,PAYMENT,575.79,3296.0,2720.21,0.0,0.0,0
7,CASH_OUT,183406.12,2720.21,0.0,1098205.25,1626304.94,0
7,CASH_OUT,41829.08,0.0,0.0,174250.48,0.0,0
7,CASH_IN,289222.51,216079.56,505302.07,26958.81,0.0,0
7,TRANSFER,1656720.92,505302.07,0.0,8528901.93,10200000.0,0
7,TRANSFER,617735.13,0.0,0.0,8062459.87,8680195.01,0
7,TRANSFER,2940764.72,0.0,0.0,10200000.0,12900000.0,0
7,TRANSFER,1575365.68,0.0,0.0,5137271.29,6712636.97,0
7,TRANSFER,243525.21,0.0,0.0,679120.78,922645.99,0
7,TRANSFER,939538.85,0.0,0.0,2565121.4,3504660.25,0
7,TRANSFER,1055284.91,0.0,0.0,5410482.23,6465767.14,0
7,TRANSFER,187429.05,0.0,0.0,588750.46,776179.51,0
7,TRANSFER,453233.63,0.0,0.0,6876121.82,7329355.45,0
7,TRANSFER,127408.65,0.0,0.0,6258428.28,6385836.94,0
7,TRANSFER,570796.52,0.0,0.0,757713.52,1328510.04,0
7,TRANSFER,111913.25,0.0,0.0,118545.81,230459.06,0
7,TRANSFER,462678.47,0.0,0.0,4890257.27,5352935.74,0
7,TRANSFER,16657.05,0.0,0.0,21262.59,37919.65,0
7,TRANSFER,97708.32,0.0,0.0,935388.25,1033096.57,0
7,TRANSFER,37636.22,0.0,0.0,5213599.03,5251235.25,0
7,TRANSFER,253411.19,0.0,0.0,4510966.6,4598815.2,0
7,TRANSFER,134662.68,0.0,0.0,1225416.83,1360079.51,0
7,TRANSFER,156273.53,0.0,0.0,281960.33,438233.86,0
7,TRANSFER,85304.05,0.0,0.0,196949.7,493580.49,0
7,TRANSFER,81678.71,0.0,0.0,10800000.0,10900000.0,0
7,TRANSFER,88189.43,0.0,0.0,473523.43,561712.86,0
7,TRANSFER,95178.13,0.0,0.0,14600000.0,14700000.0,0
7,PAYMENT,7785.98,4057.0,0.0,0.0,0.0,0
7,CASH_OUT,150955.19,0.0,0.0,171986.09,322941.28,0
7,PAYMENT,3228.14,31745.0,28516.86,0.0,0.0,0
7,PAYMENT,18106.63,48251.0,30144.37,0.0,0.0,0
7,PAYMENT,12255.05,157.0,0.0,0.0,0.0,0
7,PAYMENT,2686.38,0.0,0.0,0.0,0.0,0
7,PAYMENT,9118.0,7323.0,0.0,0.0,0.0,0
7,DEBIT,394.24,102.0,0.0,108089.19,108483.43,0
7,TRANSFER,703911.36,48039.0,0.0,444.0,704355.36,0
7,PAYMENT,12923.2,37504.0,24580.8,0.0,0.0,0
7,PAYMENT,4732.25,44824.97,40092.72,0.0,0.0,0
7,PAYMENT,8414.06,40092.72,31678.66,0.0,0.0,0
7,PAYMENT,7283.63,124591.0,117307.37,0.0,0.0,0
7,TRANSFER,1379628.76,125704.0,0.0,0.0,1379628.76,0
7,TRANSFER,492198.86,70032.0,0.0,27725.43,428593.84,0
7,PAYMENT,3212.49,231.0,0.0,0.0,0.0,0
7,PAYMENT,1730.73,20875.0,19144.27,0.0,0.0,0
7,PAYMENT,3046.56,2426.7,0.0,0.0,0.0,0
7,CASH_OUT,92589.97,0.0,0.0,306705.25,31831.51,0
7,PAYMENT,4483.02,46844.35,42361.33,0.0,0.0,0
7,CASH_OUT,42055.67,42361.33,305.66,1231782.7,1273838.38,0
7,CASH_OUT,261230.56,305.66,0.0,9711909.04,9973139.6,0
7,CASH_OUT,35447.66,0.0,0.0,190013.31,225460.97,0
7,CASH_OUT,43721.63,0.0,0.0,6735578.65,6779300.28,0
7,CASH_OUT,175230.37,0.0,0.0,518275.09,693505.46,0
7,CASH_OUT,137197.06,0.0,0.0,868584.42,1005781.48,0
7,CASH_OUT,268149.38,0.0,0.0,573285.84,841435.22,0
7,CASH_OUT,285134.78,0.0,0.0,472644.23,757779.01,0
7,CASH_OUT,136032.35,0.0,0.0,182524.92,318557.28,0
7,CASH_OUT,258307.33,0.0,0.0,7230364.46,7488671.79,0
7,CASH_OUT,239049.7,0.0,0.0,398716.26,637765.96,0
7,CASH_OUT,211326.73,0.0,0.0,282253.75,493580.49,0
7,CASH_OUT,151095.37,0.0,0.0,4290370.56,4441465.94,0
7,CASH_OUT,69844.46,0.0,0.0,400950.32,532138.2,0
7,CASH_OUT,31980.86,0.0,0.0,2518683.14,2324423.73,0
7,CASH_OUT,226443.9,0.0,0.0,678941.54,905385.44,0
7,CASH_OUT,122859.05,0.0,0.0,158782.22,281641.27,0
7,CASH_OUT,38040.24,0.0,0.0,75837.12,113877.36,0
7,CASH_OUT,30030.44,0.0,0.0,362416.81,392447.25,0
7,CASH_OUT,133897.63,0.0,0.0,755218.12,889115.75,0
7,CASH_OUT,29066.84,0.0,0.0,99862.85,128929.7,0
7,CASH_OUT,344693.57,0.0,0.0,1281611.38,1626304.94,0
7,CASH_OUT,141623.72,0.0,0.0,470794.78,532138.2,0
7,CASH_OUT,235427.33,0.0,0.0,7602515.57,7837942.9,0
7,CASH_IN,25221.1,21.0,25242.1,13943.92,0.0,0
7,PAYMENT,656.31,25215.0,24558.69,0.0,0.0,0
7,PAYMENT,1014.52,474406.96,473392.44,0.0,0.0,0
7,PAYMENT,12921.9,473392.44,460470.54,0.0,0.0,0
7,PAYMENT,59.12,29945.0,29885.88,0.0,0.0,0
7,PAYMENT,7995.66,611087.0,603091.34,0.0,0.0,0
7,TRANSFER,457008.04,887.0,0.0,0.0,457008.04,0
7,TRANSFER,810479.77,341.0,0.0,19972.0,830451.77,0
7,PAYMENT,1915.86,9935.0,8019.14,0.0,0.0,0
7,TRANSFER,595846.21,118425.71,0.0,46257.07,642103.28,0
7,PAYMENT,18596.2,0.0,0.0,0.0,0.0,0
7,PAYMENT,775.28,31782.0,31006.72,0.0,0.0,0
7,PAYMENT,11177.15,516641.0,505463.85,0.0,0.0,0
7,PAYMENT,132.0,308.0,176.0,0.0,0.0,0
7,CASH_IN,12745.74,32636.0,45381.74,0.0,0.0,0
7,PAYMENT,7733.71,73490.0,65756.29,0.0,0.0,0
7,PAYMENT,3966.45,110638.0,106671.55,0.0,0.0,0
7,PAYMENT,4514.37,10354.0,5839.63,0.0,0.0,0
7,PAYMENT,4671.39,106192.0,101520.61,0.0,0.0,0
7,PAYMENT,173.52,101520.61,101347.09,0.0,0.0,0
7,PAYMENT,7813.41,118096.0,110282.59,0.0,0.0,0
7,CASH_OUT,129079.67,110282.59,0.0,1526674.03,1655753.7,0
7,CASH_OUT,80117.92,0.0,0.0,164242.82,244360.74,0
7,PAYMENT,1962.68,5638.0,3675.32,0.0,0.0,0
7,TRANSFER,138389.21,30286.0,0.0,0.0,138389.21,0
7,PAYMENT,3737.22,49193.61,45456.39,0.0,0.0,0
7,PAYMENT,2506.06,45456.39,42950.32,0.0,0.0,0
7,PAYMENT,13670.0,12283.0,0.0,0.0,0.0,0
7,PAYMENT,8582.89,886.0,0.0,0.0,0.0,0
7,PAYMENT,13006.27,21543.0,8536.73,0.0,0.0,0
7,PAYMENT,6686.54,12269.0,5582.46,0.0,0.0,0
7,PAYMENT,1410.56,21669.0,20258.44,0.0,0.0,0
7,PAYMENT,1157.15,346.0,0.0,0.0,0.0,0
7,TRANSFER,436465.06,25838.0,0.0,26547.0,463012.06,0
7,PAYMENT,3060.2,0.0,0.0,0.0,0.0,0
7,PAYMENT,2344.4,0.0,0.0,0.0,0.0,0
7,PAYMENT,6933.54,75734.0,68800.46,0.0,0.0,0
7,PAYMENT,738.02,5026.0,4287.98,0.0,0.0,0
7,PAYMENT,15619.46,31429.0,15809.54,0.0,0.0,0
7,PAYMENT,8164.1,788.0,0.0,0.0,0.0,0
7,PAYMENT,2065.03,22411.0,20345.97,0.0,0.0,0
7,PAYMENT,758.61,596.09,0.0,0.0,0.0,0
7,PAYMENT,4490.35,0.0,0.0,0.0,0.0,0
7,PAYMENT,2413.14,664160.0,661746.86,0.0,0.0,0
7,TRANSFER,340862.96,374713.0,33850.04,230983.35,571846.3,0
7,TRANSFER,154402.33,995.0,0.0,15680.66,170082.99,0
7,PAYMENT,3530.38,21164.0,17633.62,0.0,0.0,0
7,PAYMENT,16261.55,10410.0,0.0,0.0,0.0,0
7,PAYMENT,7021.77,284654.9,277633.13,0.0,0.0,0
7,PAYMENT,10701.58,277633.13,266931.55,0.0,0.0,0
7,PAYMENT,2834.08,352535.03,349700.95,0.0,0.0,0
7,PAYMENT,3687.46,349700.95,346013.49,0.0,0.0,0
7,PAYMENT,808.34,20926.0,20117.66,0.0,0.0,0
7,PAYMENT,2894.91,340279.98,337385.07,0.0,0.0,0
7,CASH_OUT,55412.64,337385.07,281972.44,90698.78,146111.42,0
7,CASH_OUT,263017.13,20289.0,0.0,128929.73,333751.15,0
7,PAYMENT,1800.78,2533.0,732.22,0.0,0.0,0
7,PAYMENT,556.8,41077.0,40520.2,0.0,0.0,0
7,CASH_OUT,143860.31,40520.2,0.0,519924.29,428593.84,0
7,PAYMENT,6769.62,52381.0,45611.38,0.0,0.0,0
7,PAYMENT,4470.86,16389.0,11918.14,0.0,0.0,0
7,PAYMENT,386.54,105906.0,105519.46,0.0,0.0,0
7,PAYMENT,5688.89,24580.0,18891.11,0.0,0.0,0
7,PAYMENT,12064.58,61770.0,49705.42,0.0,0.0,0
7,PAYMENT,2734.82,16615.0,13880.18,0.0,0.0,0
7,PAYMENT,5047.01,128380.0,123332.99,0.0,0.0,0
7,PAYMENT,5593.85,322.0,0.0,0.0,0.0,0
7,DEBIT,1095.24,10410.0,9314.76,1709.0,2804.24,0
7,PAYMENT,11160.28,28771.62,17611.34,0.0,0.0,0
7,PAYMENT,9690.05,17611.34,7921.29,0.0,0.0,0
7,PAYMENT,4895.1,115220.79,110325.69,0.0,0.0,0
7,CASH_IN,151466.86,110325.69,261792.55,13100000.0,12500000.0,0
7,CASH_IN,196034.13,261792.55,457826.68,13100000.0,12900000.0,0
7,CASH_IN,165559.32,457826.68,623386.0,181882.49,16323.17,0
7,CASH_IN,71440.65,623386.0,694826.65,185428.84,113988.19,0
7,CASH_IN,129759.91,694826.65,824586.55,489629.24,359869.33,0
7,CASH_IN,137890.93,824586.55,962477.48,138262.58,371.65,0
7,CASH_IN,42354.06,962477.48,1004831.54,91794.85,49440.79,0
7,CASH_IN,438047.1,1004831.54,1442878.64,16100000.0,15700000.0,0
7,CASH_IN,80280.3,1442878.64,1523158.94,612418.5,532138.2,0
7,CASH_IN,32532.12,1523158.94,1555691.06,388222.81,355690.69,0
7,CASH_IN,178823.75,1555691.06,1734514.81,493375.59,314551.85,0
7,CASH_IN,223559.66,1734514.81,1958074.46,5683562.56,5460002.91,0
7,CASH_IN,290124.75,1958074.46,2248199.21,294971.9,4847.15,0
7,CASH_IN,173061.52,2248199.21,2421260.74,246208.54,73147.02,0
7,CASH_IN,52429.68,2421260.74,2473690.41,279027.08,226597.4,0
7,CASH_IN,128998.92,2473690.41,2602689.33,1115102.26,986103.34,0
7,CASH_IN,502571.35,2602689.33,3105260.68,568547.29,32266.57,0
7,CASH_IN,815501.07,3105260.68,3920761.76,11000000.0,10200000.0,0
7,CASH_IN,140862.84,3920761.76,4061624.6,196153.32,55290.48,0
7,CASH_IN,2654.73,4061624.6,4064279.33,2087450.62,2084795.89,0
7,CASH_IN,44740.0,4064279.33,4109019.33,716365.55,671625.55,0
7,CASH_IN,56976.46,4109019.33,4165995.79,8804981.7,8748005.25,0
7,CASH_IN,58195.71,4165995.79,4224191.49,391946.86,333751.15,0
7,CASH_IN,18097.74,4224191.49,4242289.24,21170.0,3072.26,0
7,CASH_IN,235190.76,4242289.24,4477480.0,663784.6,428593.84,0
7,CASH_IN,272342.01,4477480.0,4749822.0,6920022.96,6647680.95,0
7,CASH_IN,336844.89,4749822.0,5086666.89,2011521.64,1674676.75,0
7,CASH_IN,209715.24,5086666.89,5296382.13,555854.87,346139.62,0
7,CASH_IN,496460.1,5296382.13,5792842.23,12900000.0,12500000.0,0
7,CASH_IN,175995.9,5792842.23,5968838.13,598430.14,136576.79,0
7,CASH_IN,285857.46,5968838.13,6254695.59,422434.24,136576.79,0
7,CASH_IN,218080.84,6254695.59,6472776.43,657876.65,439795.81,0
7,CASH_IN,44833.06,6472776.43,6517609.49,65975.94,32266.57,0
7,CASH_IN,6288.28,6517609.49,6523897.77,21351.0,15062.72,0
7,CASH_IN,120155.92,6523897.77,6644053.69,288861.69,168705.77,0
7,CASH_IN,226240.27,6644053.69,6870293.97,2550664.0,2324423.73,0
7,CASH_IN,165562.59,6870293.97,7035856.55,4764377.79,4598815.2,0
7,CASH_IN,139446.85,7035856.55,7175303.41,297936.1,158489.25,0
7,CASH_IN,150031.09,7175303.41,7325334.49,1439388.84,1289357.76,0
7,CASH_IN,280873.88,7325334.49,7606208.37,14400000.0,14100000.0,0
7,CASH_IN,43850.3,7606208.37,7650058.67,99555.25,55704.95,0
7,CASH_IN,30075.22,7650058.67,7680133.9,213593.04,183517.82,0
7,CASH_IN,11609.72,7680133.9,7691743.61,40401.0,28791.28,0
7,CASH_IN,219836.42,7691743.61,7911580.03,238256.0,18419.58,0
7,CASH_IN,367463.71,7911580.03,8279043.74,399295.22,31831.51,0
7,CASH_IN,148725.69,8279043.74,8427769.43,741102.29,592376.6,0
7,CASH_IN,16529.09,8427769.43,8444298.53,57905.48,41376.39,0
7,PAYMENT,6387.0,45147.0,38760.0,0.0,0.0,0
7,PAYMENT,12726.04,258781.0,246054.96,0.0,0.0,0
7,PAYMENT,11045.61,24663.0,13617.39,0.0,0.0,0
7,PAYMENT,4047.79,89428.0,85380.21,0.0,0.0,0
7,CASH_OUT,98848.63,7151.0,0.0,12268.21,111116.84,0
7,PAYMENT,1837.39,63722.0,61884.61,0.0,0.0,0
7,TRANSFER,528013.15,53884.0,0.0,777814.86,1305828.01,0
7,PAYMENT,1543.46,0.0,0.0,0.0,0.0,0
7,PAYMENT,4562.64,50068.0,45505.36,0.0,0.0,0
7,PAYMENT,1664.51,45505.36,43840.85,0.0,0.0,0
7,PAYMENT,21191.67,43840.85,22649.18,0.0,0.0,0
7,PAYMENT,23429.64,22649.18,0.0,0.0,0.0,0
7,PAYMENT,19104.84,0.0,0.0,0.0,0.0,0
7,PAYMENT,24025.52,0.0,0.0,0.0,0.0,0
7,PAYMENT,51024.98,0.0,0.0,0.0,0.0,0
7,PAYMENT,8770.72,0.0,0.0,0.0,0.0,0
7,PAYMENT,8986.8,0.0,0.0,0.0,0.0,0
7,PAYMENT,7180.93,0.0,0.0,0.0,0.0,0
7,PAYMENT,12774.51,0.0,0.0,0.0,0.0,0
7,PAYMENT,30366.4,0.0,0.0,0.0,0.0,0
7,PAYMENT,11066.92,0.0,0.0,0.0,0.0,0
7,TRANSFER,228141.3,120863.0,0.0,0.0,228141.3,0
7,CASH_OUT,11123.69,20813.0,9689.31,21142.88,32266.57,0
7,PAYMENT,15919.89,9689.31,0.0,0.0,0.0,0
7,PAYMENT,11110.2,322.0,0.0,0.0,0.0,0
7,PAYMENT,1460.0,52.0,0.0,0.0,0.0,0
7,PAYMENT,8959.34,15910.0,6950.66,0.0,0.0,0
7,PAYMENT,7929.31,99857.0,91927.69,0.0,0.0,0
7,TRANSFER,68814.9,106887.0,38072.1,59824.59,128639.49,0
7,DEBIT,2997.29,33125.0,30127.71,4209.94,7207.24,0
7,PAYMENT,9589.0,23087.0,13498.0,0.0,0.0,0
7,PAYMENT,6285.19,483.0,0.0,0.0,0.0,0
7,DEBIT,2225.09,10068.0,7842.91,10200000.0,10200000.0,0
7,PAYMENT,17899.15,105333.0,87433.85,0.0,0.0,0
7,PAYMENT,3343.03,45587.82,42244.79,0.0,0.0,0
7,CASH_OUT,120142.49,42244.79,0.0,139480.44,259622.93,0
7,PAYMENT,5804.72,2075.0,0.0,0.0,0.0,0
7,PAYMENT,1787.23,95975.0,94187.77,0.0,0.0,0
7,PAYMENT,16487.8,3748.0,0.0,0.0,0.0,0
7,CASH_OUT,36600.63,0.0,0.0,215766.61,252367.25,0
7,CASH_IN,53695.05,51246.0,104941.05,58452.12,4757.07,0
7,PAYMENT,1058.39,831.0,0.0,0.0,0.0,0
7,PAYMENT,7827.79,0.0,0.0,0.0,0.0,0
7,PAYMENT,6863.38,52287.0,45423.62,0.0,0.0,0
7,CASH_IN,17655.7,39294.0,56949.7,468.0,0.0,0
7,PAYMENT,15578.71,39537.0,23958.29,0.0,0.0,0
7,TRANSFER,162038.0,68380.78,0.0,0.0,162038.0,0
7,PAYMENT,6388.86,0.0,0.0,0.0,0.0,0
7,PAYMENT,3922.01,122.0,0.0,0.0,0.0,0
7,PAYMENT,11096.2,25957.0,14860.8,0.0,0.0,0
7,PAYMENT,5306.87,72298.0,66991.13,0.0,0.0,0
7,PAYMENT,8654.44,66991.13,58336.69,0.0,0.0,0
7,PAYMENT,7788.88,58336.69,50547.82,0.0,0.0,0
7,PAYMENT,7065.2,12884.0,5818.8,0.0,0.0,0
7,DEBIT,532.61,41293.0,40760.39,52179.0,52711.61,0
7,PAYMENT,449.26,40760.39,40311.13,0.0,0.0,0
7,CASH_OUT,6960.63,278454.0,271493.37,9674.0,16634.63,0
7,PAYMENT,1742.81,84.0,0.0,0.0,0.0,0
7,PAYMENT,1255.85,40475.0,39219.15,0.0,0.0,0
7,PAYMENT,8611.73,435.0,0.0,0.0,0.0,0
7,PAYMENT,10475.29,14358.0,3882.71,0.0,0.0,0
7,CASH_OUT,92924.64,56231.0,0.0,18472.0,0.0,0
7,PAYMENT,7567.92,0.0,0.0,0.0,0.0,0
7,PAYMENT,3465.66,2077.0,0.0,0.0,0.0,0
7,PAYMENT,590.23,5016.0,4425.77,0.0,0.0,0
7,CASH_OUT,107360.06,4425.77,0.0,1305828.01,5141218.55,0
7,TRANSFER,49395.17,20521.0,0.0,193.0,0.0,0
7,PAYMENT,8594.62,11398.0,2803.38,0.0,0.0,0
7,PAYMENT,2264.93,29808.0,27543.07,0.0,0.0,0
7,TRANSFER,636710.53,135829.0,0.0,29680.0,1286372.45,0
7,PAYMENT,1848.19,11381.0,9532.81,0.0,0.0,0
7,PAYMENT,10346.92,9532.81,0.0,0.0,0.0,0
7,PAYMENT,12322.3,26319.0,13996.7,0.0,0.0,0
7,PAYMENT,13383.94,13996.7,612.77,0.0,0.0,0
7,TRANSFER,45656.63,2986.51,0.0,4515203.08,11100000.0,0
7,PAYMENT,1380.11,0.0,0.0,0.0,0.0,0
7,PAYMENT,3768.03,104381.0,100612.97,0.0,0.0,0
7,PAYMENT,703.78,21396.0,20692.22,0.0,0.0,0
7,PAYMENT,6689.88,22051.0,15361.12,0.0,0.0,0
7,PAYMENT,3347.26,15361.12,12013.86,0.0,0.0,0
7,PAYMENT,7180.44,79343.0,72162.56,0.0,0.0,0
7,TRANSFER,273930.25,51342.0,0.0,38709.0,175365.88,0
7,PAYMENT,77.62,30800.0,30722.38,0.0,0.0,0
7,PAYMENT,720.37,10729.0,10008.63,0.0,0.0,0
7,PAYMENT,11152.32,52864.0,41711.68,0.0,0.0,0
7,TRANSFER,702031.37,13090.0,0.0,6652.0,6191938.31,0
7,TRANSFER,618122.62,41569.0,0.0,21174.0,371010.98,0
7,PAYMENT,1926.14,19533.0,17606.86,0.0,0.0,0
7,PAYMENT,4733.37,13721.0,8987.63,0.0,0.0,0
7,DEBIT,1608.89,6250.0,4641.11,30692.0,12803.05,0
7,PAYMENT,769.84,20737.0,19967.16,0.0,0.0,0
7,TRANSFER,603999.01,1381.0,0.0,159949.0,114686.09,0
7,PAYMENT,5972.77,0.0,0.0,0.0,0.0,0
7,TRANSFER,247066.24,12061.0,0.0,693505.46,1983599.05,0
7,PAYMENT,24070.53,11599.0,0.0,0.0,0.0,0
7,PAYMENT,2475.82,12727.0,10251.18,0.0,0.0,0
7,PAYMENT,8015.47,26045.0,18029.53,0.0,0.0,0
7,CASH_OUT,127433.52,18029.53,0.0,830451.77,1371546.23,0
7,PAYMENT,17189.18,103816.0,86626.82,0.0,0.0,0
7,PAYMENT,1419.98,86626.82,85206.84,0.0,0.0,0
7,TRANSFER,80218.06,20712.0,0.0,150.0,0.0,0
7,PAYMENT,4322.53,13771.0,9448.47,0.0,0.0,0
7,CASH_OUT,198823.6,9448.47,0.0,2026441.55,3232606.04,0
7,PAYMENT,3539.89,26633.0,23093.11,0.0,0.0,0
7,PAYMENT,839.71,21219.0,20379.29,0.0,0.0,0
7,PAYMENT,5449.92,102544.0,97094.08,0.0,0.0,0
7,PAYMENT,5247.92,151857.84,146609.92,0.0,0.0,0
7,TRANSFER,1130828.97,146609.92,0.0,7488671.79,13000000.0,0
7,PAYMENT,2675.43,330525.0,327849.57,0.0,0.0,0
7,CASH_OUT,285656.95,140821.4,0.0,56211.0,46968.69,0
7,CASH_OUT,53459.12,0.0,0.0,70971.0,0.0,0
7,CASH_OUT,461511.97,0.0,0.0,4598815.2,10200000.0,0
7,CASH_OUT,541556.34,0.0,0.0,9092634.94,10900000.0,0
7,CASH_OUT,118750.48,0.0,0.0,124748.0,1248456.29,0
7,CASH_OUT,93943.96,0.0,0.0,198348.0,4042386.17,0
7,CASH_OUT,251863.34,0.0,0.0,457497.0,0.0,0
7,CASH_OUT,102211.82,0.0,0.0,107611.0,1557376.47,0
7,CASH_OUT,6448.86,0.0,0.0,82520.0,0.0,0
7,CASH_OUT,135720.15,0.0,0.0,301337.0,359950.01,0
7,PAYMENT,5105.27,903.0,0.0,0.0,0.0,0
7,CASH_OUT,413692.19,22680.51,0.0,150264.0,0.0,0
7,CASH_OUT,303693.11,0.0,0.0,6779300.28,14500000.0,0
7,DEBIT,5596.59,7187.51,1590.92,54401.0,46411.37,0
7,TRANSFER,69635.1,1590.92,0.0,78985.19,171749.05,0
7,PAYMENT,5471.45,18759.22,13287.77,0.0,0.0,0
7,PAYMENT,670.96,13287.77,12616.82,0.0,0.0,0
7,PAYMENT,30221.72,12616.82,0.0,0.0,0.0,0
7,PAYMENT,22122.28,0.0,0.0,0.0,0.0,0
7,PAYMENT,29488.1,0.0,0.0,0.0,0.0,0
7,PAYMENT,8276.17,0.0,0.0,0.0,0.0,0
7,PAYMENT,7113.65,0.0,0.0,0.0,0.0,0
7,PAYMENT,243.96,0.0,0.0,0.0,0.0,0
7,PAYMENT,10680.86,0.0,0.0,0.0,0.0,0
7,PAYMENT,5093.86,0.0,0.0,0.0,0.0,0
7,PAYMENT,13988.94,0.0,0.0,0.0,0.0,0
7,PAYMENT,6863.99,0.0,0.0,0.0,0.0,0
7,PAYMENT,10456.77,0.0,0.0,0.0,0.0,0
7,PAYMENT,11001.9,0.0,0.0,0.0,0.0,0
7,PAYMENT,5962.29,0.0,0.0,0.0,0.0,0
7,PAYMENT,7606.59,0.0,0.0,0.0,0.0,0
7,PAYMENT,14093.9,0.0,0.0,0.0,0.0,0
7,PAYMENT,5738.02,0.0,0.0,0.0,0.0,0
7,PAYMENT,3250.37,0.0,0.0,0.0,0.0,0
7,PAYMENT,2799.85,0.0,0.0,0.0,0.0,0
7,PAYMENT,2025.97,0.0,0.0,0.0,0.0,0
7,PAYMENT,9239.74,0.0,0.0,0.0,0.0,0
7,PAYMENT,2977.78,0.0,0.0,0.0,0.0,0
7,PAYMENT,3478.79,0.0,0.0,0.0,0.0,0
7,PAYMENT,1228.91,0.0,0.0,0.0,0.0,0
7,PAYMENT,9021.68,47257.0,38235.32,0.0,0.0,0
7,PAYMENT,6666.61,10905.0,4238.39,0.0,0.0,0
7,CASH_OUT,69299.64,75641.0,6341.36,41066.0,318681.9,0
7,PAYMENT,8894.27,41636.0,32741.73,0.0,0.0,0
7,PAYMENT,6292.71,14719.0,8426.29,0.0,0.0,0
7,TRANSFER,514750.17,63019.95,0.0,2016.0,172707.34,0
7,CASH_OUT,290528.69,0.0,0.0,345069.81,1655161.56,0
7,PAYMENT,6224.41,45.0,0.0,0.0,0.0,0
7,PAYMENT,2061.86,15090.0,13028.14,0.0,0.0,0
7,PAYMENT,346.08,13028.14,12682.05,0.0,0.0,0
7,PAYMENT,4160.86,179174.68,175013.82,0.0,0.0,0
7,PAYMENT,17686.08,175013.82,157327.75,0.0,0.0,0
7,TRANSFER,1039778.19,14230.4,0.0,10738.0,0.0,0
7,CASH_OUT,114837.89,0.0,0.0,243498.48,1248456.29,0
7,PAYMENT,10167.71,189.0,0.0,0.0,0.0,0
7,TRANSFER,398355.54,118675.0,0.0,497385.0,2036309.01,0
7,TRANSFER,840886.94,10046.0,0.0,51744.0,774383.4,0
7,PAYMENT,3732.36,23694.0,19961.64,0.0,0.0,0
7,TRANSFER,765639.59,138036.0,0.0,52136.82,65845.79,0
7,PAYMENT,9970.16,39626.0,29655.84,0.0,0.0,0
7,CASH_OUT,118577.0,29655.84,0.0,212461.0,0.0,0
7,PAYMENT,6691.69,20754.0,14062.31,0.0,0.0,0
7,PAYMENT,19080.06,14062.31,0.0,0.0,0.0,0
7,PAYMENT,11510.47,174072.0,162561.53,0.0,0.0,0
7,TRANSFER,246846.74,1042.0,0.0,35942.0,146457.68,0
7,TRANSFER,564581.34,12299.0,0.0,258886.0,0.0,0
7,PAYMENT,6895.23,6026.0,0.0,0.0,0.0,0
7,PAYMENT,115.38,249688.0,249572.62,0.0,0.0,0
7,PAYMENT,466.73,881.0,414.27,0.0,0.0,0
7,PAYMENT,8239.66,11515.0,3275.34,0.0,0.0,0
7,PAYMENT,6063.34,31409.0,25345.66,0.0,0.0,0
7,TRANSFER,317806.64,10901.0,0.0,103168.0,0.0,0
7,PAYMENT,5096.16,60472.0,55375.84,0.0,0.0,0
7,TRANSFER,929560.4,150562.57,0.0,8171.0,15100000.0,0
7,PAYMENT,823.18,0.0,0.0,0.0,0.0,0
7,PAYMENT,8053.3,0.0,0.0,0.0,0.0,0
7,PAYMENT,4095.66,438279.0,434183.34,0.0,0.0,0
7,PAYMENT,49.37,50253.0,50203.63,0.0,0.0,0
7,PAYMENT,3477.3,50203.63,46726.33,0.0,0.0,0
7,TRANSFER,584124.34,199009.0,0.0,12159.0,1190896.64,0
7,PAYMENT,5040.3,10281.0,5240.7,0.0,0.0,0
7,PAYMENT,1214.27,40398.0,39183.73,0.0,0.0,0
7,CASH_IN,37836.53,71379.0,109215.53,1082.0,0.0,0
7,PAYMENT,711.01,1077.0,365.99,0.0,0.0,0
7,CASH_OUT,45447.15,365.99,0.0,107777.0,104710.0,0
7,CASH_OUT,32500.9,0.0,0.0,51622.0,1536473.0,0
7,PAYMENT,11893.29,5633.0,0.0,0.0,0.0,0
7,PAYMENT,5267.09,50283.0,45015.91,0.0,0.0,0
7,PAYMENT,4277.71,337.0,0.0,0.0,0.0,0
7,PAYMENT,11815.37,0.0,0.0,0.0,0.0,0
7,CASH_IN,207193.81,408890.0,616083.81,67129.0,285438.93,0
7,PAYMENT,11838.61,168470.0,156631.39,0.0,0.0,0
7,PAYMENT,666.64,9158.0,8491.36,0.0,0.0,0
7,TRANSFER,585352.48,117202.37,0.0,20966.38,3438487.71,0
7,PAYMENT,7644.51,0.0,0.0,0.0,0.0,0
7,PAYMENT,1161.19,0.0,0.0,0.0,0.0,0
7,PAYMENT,13950.5,1271.0,0.0,0.0,0.0,0
7,PAYMENT,808.24,20540.0,19731.76,0.0,0.0,0
7,PAYMENT,7990.18,130850.0,122859.82,0.0,0.0,0
7,PAYMENT,4914.48,102441.0,97526.52,0.0,0.0,0
7,PAYMENT,10041.85,97526.52,87484.67,0.0,0.0,0
7,DEBIT,5637.37,30424.0,24786.63,98719.13,0.0,0
7,TRANSFER,836758.63,84860.0,0.0,2323.0,151635.37,0
7,PAYMENT,13455.08,60680.0,47224.92,0.0,0.0,0
7,PAYMENT,9410.16,5007.0,0.0,0.0,0.0,0
7,PAYMENT,12061.98,3047.0,0.0,0.0,0.0,0
7,PAYMENT,1365.02,1953.0,587.98,0.0,0.0,0
7,PAYMENT,15378.78,587.98,0.0,0.0,0.0,0
7,PAYMENT,23923.09,14038.0,0.0,0.0,0.0,0
7,PAYMENT,3952.83,10549.0,6596.17,0.0,0.0,0
7,TRANSFER,472352.26,6596.17,0.0,15000000.0,15500000.0,0
7,PAYMENT,21354.7,99221.0,77866.3,0.0,0.0,0
7,PAYMENT,12609.9,77866.3,65256.4,0.0,0.0,0
7,PAYMENT,9493.68,15777.0,6283.32,0.0,0.0,0
7,CASH_OUT,178836.34,6283.32,0.0,5876339.66,7428081.5,0
7,CASH_OUT,480586.86,0.0,0.0,1626304.94,3373302.83,0
7,PAYMENT,7071.11,9110.0,2038.89,0.0,0.0,0
7,PAYMENT,9283.99,31774.0,22490.01,0.0,0.0,0
7,PAYMENT,13200.02,150056.0,136855.98,0.0,0.0,0
7,PAYMENT,7303.1,18966.0,11662.9,0.0,0.0,0
7,PAYMENT,13104.63,36005.0,22900.37,0.0,0.0,0
7,PAYMENT,3800.71,42449.0,38648.29,0.0,0.0,0
7,PAYMENT,5960.6,7496.0,1535.4,0.0,0.0,0
7,PAYMENT,2519.06,6815.6,4296.54,0.0,0.0,0
7,TRANSFER,581780.99,4296.54,0.0,937731.4,15100000.0,0
7,PAYMENT,13693.33,11047.0,0.0,0.0,0.0,0
7,CASH_OUT,210066.44,0.0,0.0,499000.92,472083.92,0
7,PAYMENT,2571.98,31115.0,28543.02,0.0,0.0,0
7,PAYMENT,18046.61,21146.0,3099.39,0.0,0.0,0
7,PAYMENT,8111.87,16551.0,8439.13,0.0,0.0,0
7,TRANSFER,1298848.87,8439.13,0.0,1519512.39,15100000.0,0
7,TRANSFER,731485.29,0.0,0.0,3504660.25,16400000.0,0
7,TRANSFER,2943845.35,0.0,0.0,18000000.0,22600000.0,0
7,TRANSFER,2861134.92,0.0,0.0,5352935.74,14000000.0,0
7,TRANSFER,80485.6,0.0,0.0,1078685.56,1761413.49,0
7,TRANSFER,19991.02,0.0,0.0,21586.0,17795.02,0
7,DEBIT,6393.71,433084.38,426690.68,478421.0,210535.25,0
7,CASH_OUT,298799.54,426690.68,127891.14,704355.36,5270364.19,0
7,CASH_OUT,423159.63,127891.14,0.0,610479.0,749621.53,0
7,PAYMENT,1094.03,13918.0,12823.97,0.0,0.0,0
7,PAYMENT,9235.58,39963.0,30727.42,0.0,0.0,0
